review_id,review_text,cleaned_text,star_rating,sentiment,review_date,token_count
d006c8e9-db89-4633-946b-4cf3619284ff,The price is misleading. It only shows the discounted price after applying a voucher I don't have. I had to add the item to my cart to see the real price. Why include a voucher in the listed price if not everyone has it?,price misleading show discounted price applying voucher dont add item cart see real price include voucher listed price everyone,1,negative,2026-06-26 09:17:43,19
9714ab55-df50-42db-9dea-257928ccf00f,shopee Food so bad (no driver?) wait 1 hour also can assign any driver how to eat (not only time) today i order burger king (no driver ) i cancel after 30 mins waiting not i order another shop nearby also no drivers (no people work at shopee?),food bad driver wait hour assign driver eat time today order burger king driver cancel min waiting order another shop nearby driver people work,1,negative,2026-06-26 09:13:22,24
3289def2-fbcf-4750-8e93-fbef2ffca159,Please keep up the good work. Thank you.,keep good work thank,5,positive,2026-06-26 09:01:31,4
8b499a43-c3f0-4dfd-8273-bdec1c0ba2c1,"Shopping made easier, no fuss when returning items, best discounts during promotional period.",shopping made easier fuss returning item best discount promotional period,5,positive,2026-06-26 08:47:46,10
a0d7a36e-daa3-4c28-85f1-5c3cbff8c541,become more complicated in reviewing. coin macam tak ikhlas ja nak bagi..,become complicated reviewing coin macam tak ikhlas nak bagi,2,negative,2026-06-26 08:47:14,9
b9b10213-c10d-4e98-a39a-e64024e07785,terbaik Dan senang digunakan,terbaik dan senang digunakan,5,positive,2026-06-26 08:46:05,4
515f6327-24fc-48c9-a181-3e08a5fe6634,Excellent service.. Keep it up..,excellent service keep,5,positive,2026-06-26 08:24:00,3
aeb27b29-1111-4c2b-87f9-e41a64f7ce4e,Saya suka shopping kat shopee. Murah dan cepat sampai.,saya suka shopping kat murah dan cepat sampai,5,positive,2026-06-26 08:09:52,8
cd398675-88f6-403a-886c-31d115ef56db,good selalu belanja di shopee barangnya murah dari luar,good selalu belanja barangnya murah dari luar,5,positive,2026-06-26 07:33:05,7
0129c61c-48a9-4379-96be-f949b8d1afe1,merumitkan maca pelaq,merumitkan maca pelaq,1,negative,2026-06-26 05:50:02,3
eaabfa59-eca5-4bd5-9367-c7b1d4d62efd,don't straightaway goes into Livestream/video tab after app opened.,dont straightaway go livestreamvideo tab opened,3,neutral,2026-06-26 05:25:36,6
3abbe588-ef9e-4d7a-906f-b52bb85ab291,"Greenpeace🌹♻️🌿🌨️! messy warming, heat 🌊 many speeding heavy vehicles , environment unfriendly 🌿 . Many times do not offer fast refund for wrong, expiring and damaged items.🌷",greenpeace messy warming heat speeding heavy vehicle environment unfriendly time offer fast refund wrong expiring damaged item,1,negative,2026-06-26 04:41:08,17
68f91179-597a-4c6d-a6ce-e807340eb41c,"Shopee offers a convenient e-commerce experience with great deals, but user reviews point to mixed satisfaction. Customers value the discounts but frequently criticize slow refunds, customer service delays, and issues with third-party logistics.",offer convenient ecommerce experience great deal user review point mixed satisfaction customer value discount frequently criticize slow refund customer service delay issue thirdparty logistics,5,positive,2026-06-26 04:38:43,24
bfd73d34-2d48-4159-a38b-c343a35ab87c,really2 bad. it shows discounted price and when i add to chart and try to ourchase the price is more expensive and i cant even use the voucher shown on the product. indirectly scam user.,bad show discounted price add chart try ourchase price expensive cant voucher shown product indirectly scam user,1,negative,2026-06-26 03:23:35,17
3b195195-ae61-4878-a9cc-00bccb7c2ccd,WE CAN BUY ANYTHING WE WANTS!,buy anything want,5,positive,2026-06-26 02:58:17,3
abed0ec4-8f38-4b9d-a111-aef1c7bdcade,"how they treat their loyal customer is by blocking their access to cheap voucher, even service center unable to help resolve the issue, keep blaming on the system and wont revoke it, im not the only victim, can found bunch of them in social media. thanks to encourage me to try other platform",treat loyal customer blocking access cheap voucher service center unable help resolve issue keep blaming system wont revoke victim found bunch social medium thanks encourage try platform,1,negative,2026-06-26 01:05:18,27
6f771e4e-7062-4eaf-a859-85d70dbf5af3,"VIP subscription is a scam. Tak mampu bagi voucher just refund & cancel VIP function lah. Tiba² cakap suspect user not align with shopee policy then all vouchers disappeared. What a scam. All the replies are auto replies too, useless",vip subscription scam tak mampu bagi voucher refund cancel vip function lah tiba cakap suspect user align policy voucher disappeared scam reply auto reply useless,1,negative,2026-06-25 23:47:58,25
65ecc337-043c-4384-a390-a5174d0f7b01,"Shopping sini mmg terbaik, tapi spaylater saya limit cuma 200?Saya dh guna shopee ni lebih 3 tahun.. Kamon la.. Tak pernah naik. 1 lagi, Sfinancing dah 4,5 kli apply tak pernah lulus. Sedangkan ada org yg baru guna shopee ni terus dpt SFinancing&Spaylater beribu ribu.",shopping sini mmg terbaik tapi spaylater saya limit cuma saya guna lebih tahun kamon tak pernah naik lagi sfinancing dah kli apply tak pernah lulu sedangkan ada org baru guna terus dpt sfinancingspaylater beribu ribu,1,negative,2026-06-25 23:41:06,35
f17fb543-70e8-4971-80d8-339d071649f8,"Aplikasi Shopee sangat mudah digunakan dan mesra pengguna. Pelbagai pilihan produk ditawarkan pada harga yang berpatutan serta sering menyediakan promosi yang menarik. Selain memudahkan urusan pembelian, Shopee juga membuka peluang kepada peniaga dan individu untuk menjana pendapatan melalui perniagaan dalam talian. Terima kasih atas perkhidmatan yang baik dan sentiasa menambah baik pengalaman pengguna.""",aplikasi sangat mudah digunakan dan mesra pengguna pelbagai pilihan produk ditawarkan pada harga yang berpatutan serta sering menyediakan promosi yang menarik selain memudahkan urusan pembelian juga membuka peluang kepada peniaga dan individu untuk menjana pendapatan melalui perniagaan dalam talian terima kasih atas perkhidmatan yang baik dan sentiasa menambah baik pengalaman pengguna,5,positive,2026-06-25 23:35:04,51
0cca63e9-5a01-4d57-a92e-a621dbe09f9d,"Stop spamming your users. Turned off ALL notifications except for order status and chats, yet YOU ARE STILL SPAMMING!!!",stop spamming user turned notification except order status chat yet spamming,1,negative,2026-06-25 23:32:00,11
9f6308a0-f710-47fc-aac0-7ade684700ac,"Hi, could you please remove the feature that auto-launches Live & videos whenever I open the Shopee app? It's quite disruptive, and I have no interest in watching them. Until then, I will leave a 1-star review until you remove that feature.",remove feature autolaunches live video whenever open quite disruptive interest watching leave star review remove feature,1,negative,2026-06-25 21:03:51,16
29a17976-ebda-4668-8848-900684c7d046,"I know e-commerce apps aren't supposed to be minimalistic, but I wish the home page didn't take up resources by auto-playing videos. There were gore videos too with no option to report abuse. Besides that, the coupons are deceptive & likely illegal.",know ecommerce apps arent supposed minimalistic wish home page didnt take resource autoplaying video gore video option report abuse besides coupon deceptive likely illegal,3,neutral,2026-06-25 20:52:23,24
769c72cc-846b-43f2-9f25-a50b7782a34f,very low price...good quality...free offer...,low pricegood qualityfree offer,5,positive,2026-06-25 14:48:23,4
7062f5ed-d7b6-4152-9162-e6f3c157f61e,Hate low volume live... Fix it so not to slow down the sound!!!,hate low volume live fix slow sound,1,negative,2026-06-25 14:16:10,7
75df89ba-9eb4-41db-a4c9-6052eae052de,"Excellent shopping app with affordable prices, vouchers, and smooth transactions.",excellent shopping affordable price voucher smooth transaction,5,positive,2026-06-25 13:28:02,7
e33968c2-af69-4ad1-84fe-4d3f718a2ec3,Shopee is a very convenient app for online shopping with many product choices and attractive discounts. It makes buying things easy and affordable.,convenient online shopping product choice attractive discount make buying thing easy affordable,5,positive,2026-06-25 13:00:39,12
ab102695-0f90-4e27-98e2-d84e9a844eb9,mudah dan cepat,mudah dan cepat,5,positive,2026-06-25 12:57:15,3
de50ee58-8224-4065-bff1-44d9cff7ed92,cepat dan pantas,cepat dan pantas,5,positive,2026-06-25 12:25:24,3
350b4f67-ba64-4a30-8914-6895592ab6c1,This is the best online shopping app,best online shopping,5,positive,2026-06-25 12:19:16,3
07785691-b2d5-4268-bf7f-614d01ff18c4,"tk baik selalu jump masuk dlm application lain terus ke shoppe, kau tengah movie tiber jump tabs masuk ke shoppe, korang nk business tk salah tapi jngn sampai ganggu gaming dgn movie, so skrg ni uninstall pakai Lazada lagi better tkde gangguan apa apa",baik selalu jump masuk dlm application lain terus shoppe kau tengah movie tiber jump tab masuk shoppe korang business salah tapi jngn sampai ganggu gaming dgn movie skrg uninstall pakai lazada lagi better tkde gangguan apa apa,1,negative,2026-06-25 12:14:52,37
8afdd552-e46f-45cf-9cff-13e3cbe59c7d,"scammers they cancelled the orders and didn't refund my money, don't use this app",scammer cancelled order didnt refund money dont,1,negative,2026-06-25 11:24:18,7
2a3b827f-4110-4eab-be11-b6b39660f428,More offers available & very low prices,offer available low price,5,positive,2026-06-25 10:52:15,4
45803f31-8de1-4d32-9795-5a8817fe50d6,shopee suruh bg 5 ⭐⭐⭐⭐⭐.... dan sila buang video bila mula2 msuk app.... dan video kotak kecik bila nak tangok brg nk di beli... semakk aje video tu semua...tak buang..aku bg 1 ⭐,suruh dan sila buang video bila mula msuk dan video kotak kecik bila nak tangok brg beli semakk aje video semuatak buangaku,5,positive,2026-06-25 10:33:56,22
833c47b8-a0e1-4086-a8cb-71df97b45064,good quality & fast delivery,good quality fast delivery,5,positive,2026-06-25 10:31:58,4
d58425a2-8820-4bfb-b359-41f8dce1041a,"um, bagus. dr mula2 guna app ni, sy x rasa nk tukar guna app lain",bagus mula guna rasa tukar guna lain,4,positive,2026-06-25 10:27:14,7
68e5d983-958a-4b8a-83a1-0b7d27b2c667,senang untuk beli tanpa keluar bila busy & cepat untuk cari barang yang diperlukan serta harga berpatutan.,senang untuk beli tanpa keluar bila busy cepat untuk cari barang yang diperlukan serta harga berpatutan,5,positive,2026-06-25 09:47:29,16
b61ce467-f71d-4fc8-b5e1-11914bfb9f98,Many things cannot sell in Shopee but Lazada better,thing sell lazada better,1,negative,2026-06-25 09:30:05,4
c094c49b-4f5a-4c89-895c-65a3d6b15287,"SHOPEE ADALAH PLATFORM E-DAGANG YANG TERBAIK DENGAN SISTEM NAVIGASI YANG MUDAH, MANTAP..SHOPEE SEMEMANGNYA ONLINE SHOPPING PILIHAN RAMAI. **EDIT DAH BANYAK KALI, DAH BAGI 5 BINTANG PUN, CUMA PENGURUSAN SHOPEE SAJA YG XPERNAH NAK MASUK TGK & BACA REVIEWS**😃😃 *REVIEWS INI DI TELAH EDIT KALI YG KE-37 @ KALI YG KE-10 UNTUK TAHUN 2026*🤔🤔🤔🤔🤔",adalah platform edagang yang terbaik dengan sistem navigasi yang mudah mantapshopee sememangnya online shopping pilihan ramai edit dah banyak kali dah bagi bintang pun cuma pengurusan saja xpernah nak masuk tgk baca review review ini telah edit kali kali untuk tahun,5,positive,2026-06-25 09:14:53,41
3849273e-05a7-4dd1-830c-10629206e296,"Aplikasi membeli-belah kegemaran saya. Banyak diskaun, penghantaran pantas dan pengalaman membeli-belah yang memuaskan.",aplikasi membelibelah kegemaran saya banyak diskaun penghantaran pantas dan pengalaman membelibelah yang memuaskan,5,positive,2026-06-25 09:04:11,13
a2eda1b4-b62a-4a97-b127-d017e6b11961,Similar to Ali Express. Great App,similar ali express great,5,positive,2026-06-25 08:53:03,4
092c090e-45b3-4b1d-b246-0468eea02f9f,"please do something about the ads. it's getting annoying with all the ai slop in every ads. you put too much effort on putting fake ""x"" just for click bait. and another thing is, stop forcing people to download or open the app. it doesn't look cool, that made you looks like desperate beggar. it's either you stop the ads or stop the ai slop, click bait things and the automatically moved to the app. please read this.",something ad getting annoying slop ad put effort putting fake click bait another thing stop forcing people download open doesnt look cool made look desperate beggar either stop ad stop slop click bait thing automatically moved read,1,negative,2026-06-25 08:24:50,37
fe5dd4c3-e9ad-4976-868a-052a88636e8e,app kdang2 pukima skit.. failed utk buat online payment..tpksa set password baru..btul2 sial la app ne,kdang pukima skit failed utk buat online paymenttpksa set password barubtul sial,1,negative,2026-06-25 07:38:56,12
aaea221e-6ce5-4073-bfb5-2c9112704535,this app is very good. because all my order was arrived at my place in a few days. And my order is still in a good piece,good order arrived place day order good piece,5,positive,2026-06-25 07:12:14,8
6bdacc60-9482-4742-ab93-662c8a494b0b,Another app's advertising always link here as such dislike this shoppe,another apps advertising always link dislike shoppe,1,negative,2026-06-25 06:38:30,7
8374cb04-9454-42ca-8faa-cd444096bece,I got wrong items shopee food,got wrong item food,1,negative,2026-06-25 06:33:01,4
93fcd669-553c-44de-ad6b-f5d648334fc6,top up a bit slow. hate taking pic via shopee when using template. confusing pricing and discounts displayed before and after.,top bit slow hate taking pic via template confusing pricing discount displayed,4,positive,2026-06-25 06:30:12,12
d537644c-168d-4a39-8223-c6152300e913,"track order, the update is late, like the update of track order just came up 23 jun, but the data show it 18 jun, if it keep make late update about my item, I think the item is already lost somewhere else.",track order update late update track order came jun data show jun keep make late update item think item already lost somewhere else,2,negative,2026-06-25 06:06:32,23
94ffa7b4-1560-4c1b-b586-fde56257068d,"Senang nak guna, memudahkan hidup",senang nak guna memudahkan hidup,5,positive,2026-06-25 05:52:19,5
681a2bbc-446a-41ae-a1e9-24fb841696eb,Tolong Updated shoppe pay later JANGAN Ada maximum payment agar mudah customer bayar lebih sekiranya dia ada duit lebihan. Sistem sekarang kena bayar 2 bulan kalau nak bayar lebih. Buat mcm sistem tik tok pay later.,tolong updated shoppe pay later jangan ada maximum payment agar mudah customer bayar lebih sekiranya dia ada duit lebihan sistem sekarang kena bayar bulan kalau nak bayar lebih buat mcm sistem tik tok pay later,5,positive,2026-06-25 05:02:19,35
bd50e410-3664-4472-861c-e184f619c5a4,shoope bgus ade bnyak promo,shoope bgus ade bnyak promo,5,positive,2026-06-25 05:00:49,5
085f7775-dd82-401b-9d2d-be0b4b053bc0,bodoh dah update pun sama je lembab,bodoh dah update pun sama lembab,1,negative,2026-06-25 04:57:35,6
6ca9e07f-98d7-433f-95ac-828c84ec93ae,Shopee is very user-friendly shopping application. it provides numerous product choices and promotional offers. This is the best platform for online shopping since it makes purchasing convenient and accessible 💯,userfriendly shopping application provides numerous product choice promotional offer best platform online shopping since make purchasing convenient accessible,5,positive,2026-06-25 04:33:00,18
2600ba13-9665-4464-8652-03ad84c18e6e,Great shopping app with many deals and affordable products. The interface is user-friendly and transactions are convenient.,great shopping deal affordable product interface userfriendly transaction convenient,5,positive,2026-06-25 04:25:56,9
4a327097-559c-4f75-a227-aec97c70ce7a,buying like hit and miss..seller can simply cancel the transaction for no valid reason and shoppe doesn't really care any of that.,buying hit missseller simply cancel transaction valid reason shoppe doesnt care,1,negative,2026-06-25 03:24:04,11
d33fc4e5-43dc-4d5e-889b-126bb9c13ef2,good experience so far..,good experience far,5,positive,2026-06-25 01:27:03,3
a34a44e3-5990-4b24-9287-c82c71131792,Poor delivery by Shopee Express. No one at support can help. Why is the app keep on pushing videos and adjust my phone volume settings. The app should not interfere with my phone volume setting. Shopee not taking actions against seller selling counterfeit products. No actions after numerous reports to Shopee. Buyer need to be vigilant when buying through this platform.,poor delivery express support help keep pushing video adjust phone volume setting interfere phone volume setting taking action seller selling counterfeit product action numerous report buyer need vigilant buying platform,1,negative,2026-06-24 22:52:55,30
66786ad7-6fed-4348-b596-4b6115aa7ea3,Since have SPayLater easy to purchase and pay. Easy to earn coins so that can purchase with it and enjoy our stuff.,since spaylater easy purchase pay easy earn coin purchase enjoy stuff,5,positive,2026-06-24 22:18:30,11
8f1d46e4-9ab5-41c9-a10d-e89f55652bae,tiap kali iklan shopee muncul mesti automatik akan masuk ke app shopee... menyusahkan saje,tiap kali iklan muncul mesti automatik akan masuk menyusahkan saje,1,negative,2026-06-24 19:06:55,10
f7fbc7be-4d0a-4183-bfcf-adcbac030152,"why shoppe,I want search information for my homework in opera mini and your ads always pop out,when I the skip button is already finish count and I want out,it bring me to shoppe app and I lost all information for my homework, because tomorrow my teacher say, tomorrow give me all your writing book and I want check,if who not finished homework I will cane the person who not finished homework,you ruined my day not day almost year or even month.",shoppei want search information homework opera mini ad always pop outwhen skip button already finish count want outit bring shoppe lost information homework tomorrow teacher say tomorrow give writing book want checkif finished homework cane person finished homeworkyou ruined day day almost year month,1,negative,2026-06-24 17:17:32,44
49fe5ee6-bdd4-401b-a603-64e85c941928,"shopee...please! make dark mode theme..we like to scroll shopee at midnight..the light theme make our eyes hurt, if u make dark theme..we will scroll shopee even more!!!",shopeeplease make dark mode themewe scroll midnightthe light theme make eye hurt make dark themewe scroll,4,positive,2026-06-24 17:16:08,16
d663c9f3-b174-4ce0-8db6-96898e52c359,to many delay maybe is normal is ok..... but delay come on live shoppe maybe you should put setting stop show live on shop item,delay maybe normal delay come live shoppe maybe put setting stop show live shop item,3,neutral,2026-06-24 15:38:10,15
63ee81c8-8895-461c-ac38-9c47b24395f3,I'm annoyed by the huge amount of ads you put on the Internet.,annoyed huge amount ad put internet,1,negative,2026-06-24 15:16:30,6
fb351156-eff1-475c-8033-5e799c37393c,"Shopee is an excellent shopping app with competitive prices and many discounts. The user experience is smooth, and deliveries are usually fast.",excellent shopping competitive price discount user experience smooth delivery usually fast,5,positive,2026-06-24 14:43:13,11
3d7e5d6f-74c6-4d3d-a8e7-69edc38567b1,"boleh tolong perbetulkan app ni. Bila tekan produk tu harga lebih murah, bila tekan untuk checkout harga jadi mahal sikit. Saya tak rasa masalah vouchers",boleh tolong perbetulkan bila tekan produk harga lebih murah bila tekan untuk checkout harga jadi mahal sikit saya tak rasa masalah voucher,5,positive,2026-06-24 14:10:28,22
002a122b-c9cd-453e-ba68-07aaa00ee4b4,Just don't put expired date for coin........sometime when wan buy item and wan use coin check2 aiyaaaa coin gone already because expired date if wan put expired date how about u put is for 6months or 1years exp date so people who wan use coin not rushing what too buy..... anyway for me shopee is the best online shopping apps 😁👍🏻 just my opinion,dont put expired date coinsometime wan buy item wan coin check aiyaaaa coin gone already expired date wan put expired date put month year exp date people wan coin rushing buy anyway best online shopping apps opinion,5,positive,2026-06-24 13:22:11,37
ed5fc8e8-13d5-4fcd-ad43-7181d13a316e,"Easy-to-use shopping app with competitive prices, secure payments, and fast delivery services.",easytouse shopping competitive price secure payment fast delivery service,5,positive,2026-06-24 13:16:13,9
5a1f9255-aa39-4956-a0dd-c09dba92b6f5,sial iklan macam barua di mna' ada,sial iklan macam barua mna ada,1,negative,2026-06-24 13:12:50,6
f538a196-1b0e-476f-801b-86a0c20da249,saya akan berbelanja di shoppee setiap bulan,saya akan berbelanja shoppee setiap bulan,5,positive,2026-06-24 12:57:07,6
76f9e4d6-df0c-4e33-9986-75939376855f,"Shopee is my preferred online shopping platform because of its competitive prices and smooth user experience. The app allows me to compare products, read customer reviews, and find the best deals before making a purchase.",preferred online shopping platform competitive price smooth user experience allows compare product read customer review find best deal making purchase,5,positive,2026-06-24 12:45:44,20
b498cc17-41b4-432b-87f1-b048d072732d,"still 👎👎 scammer mkin banyk, report tak guna..semua diam..tak ada tindakan utk seller yg menipu",scammer mkin banyk report tak gunasemua diamtak ada tindakan utk seller menipu,1,negative,2026-06-24 10:20:20,12
52280594-2886-4209-b956-e5c5c7d62a4f,Best website to anyone this,best website anyone,5,positive,2026-06-24 09:29:35,3
78ab17db-39a9-4f6e-b982-b24c88702826,cant pay with touch n go ewallet,cant pay touch ewallet,1,negative,2026-06-24 09:25:57,4
8cf79c8e-befc-4c48-a7da-173a0984ccce,fasf and trusted platform.Reliable platform,fasf trusted platformreliable platform,5,positive,2026-06-24 08:26:43,4
cb7dab4f-ea01-494a-88ca-d966819d5dd0,"Scam Shopee VIP subscription! Paid for 1 year and purchased items normally, yet their special system detected unusual purchase pattern which the information cannot be disclosed, and just disabled those vouchers and subscription. Reported to KPDN for further action. If Shopee can't honour a simple subscription and while the system allows the voucher, then stop punishing users for rightfully using them.",scam vip subscription paid year purchased item normally yet special system detected unusual purchase pattern information disclosed disabled voucher subscription reported kpdn action cant honour simple subscription system allows voucher stop punishing user rightfully,1,negative,2026-06-24 08:07:05,34
50eb7ac8-3eac-4bf1-9dba-d17458ca9ac1,The coins are more lesser to get nowadays especially when you have using it for a long time.,coin lesser nowadays especially long time,2,negative,2026-06-24 06:03:23,6
2d4ed55f-f4f1-4e8b-add2-b846098bba3a,Trusted n excellent service and delivery,trusted excellent service delivery,5,positive,2026-06-24 05:00:26,4
369f6fb3-8d94-437d-b6fb-dae1a574f8f2,Lots of affordable options and frequent promotions. The app is easy to browse and makes online shopping convenient.,lot affordable option frequent promotion easy browse make online shopping convenient,5,positive,2026-06-24 03:53:41,11
74846593-5e63-4335-ab40-9add59ca7cd5,The best online shoping..👍 terbaik.. 👍👍👍,best online shoping terbaik,5,positive,2026-06-24 03:44:04,4
f502c165-2447-4ff8-9559-91c56290857d,benci discover video,benci discover video,1,negative,2026-06-24 03:17:12,3
5a3c5291-ee34-450b-92e2-6a8bfcb3e3f4,banyak membantu kerana barangan mudah di beli dan bermacam produk boleh didapati.,banyak membantu kerana barangan mudah beli dan bermacam produk boleh didapati,5,positive,2026-06-24 02:29:25,11
c13e1983-d5a2-4055-bfc9-7b70c268e454,lagging siyal buka2 ada video.. takpayah buat macam tiktok la bingai.,lagging siyal buka ada video takpayah buat macam tiktok bingai,1,negative,2026-06-24 01:40:49,10
5c18fb4e-9f70-4301-98e4-7d4cb49d5123,"Easy to buy anything order with shopee,fast delivery, but somehow i cannot open my shopee because a bit issues and i try to chat with the owner shopee so fast respond but didnt happen anything reactions after all",easy buy anything order shopeefast delivery somehow open bit issue try chat owner fast respond didnt happen anything reaction,5,positive,2026-06-24 01:31:01,19
2941cb94-58a4-4cdc-afad-02347a6a480a,"The apps is so good and saler are also good but now I am giving it one star just because delivery man's bad behaviors, Every time deivery man come and Shout on customer why? with them who are not local Malaysian !! Now I am unstalling this app, and also I don't refer to install this app.. if I say something wrong then I apologize..",apps good saler good giving star delivery man bad behavior time deivery man come shout customer local malaysian unstalling dont refer install say something wrong apologize,1,negative,2026-06-24 00:53:47,26
72faf376-e405-4174-b878-bab95609021c,i love shopee i save all my money on this app!,love save money,5,positive,2026-06-24 00:12:41,3
0aca7aad-8aae-4f3b-b108-c7555cd33b07,"self collection restrictions sucks now, voucher no longer works also on self collection shipping too.",self collection restriction suck voucher longer work self collection shipping,1,negative,2026-06-23 23:43:04,10
83237a51-7c18-4c28-9094-e02fd32be9ec,"so good service and I'm always satisfied with what the sellers are offering. Good job,keep it up.",good service always satisfied seller offering good jobkeep,5,positive,2026-06-23 21:29:20,8
a7a64994-573c-4ac0-956b-132de5270fc1,"Happy to use this platform. Very user-friendly. Easy, fast. The important thing is that everything is here.",happy platform userfriendly easy fast important thing everything,5,positive,2026-06-23 21:13:30,8
1d6db53a-4f87-4167-9a7d-1444e1127a81,kindly Increase my limit spending,kindly increase limit spending,5,positive,2026-06-23 18:39:53,4
99980439-a20b-419c-ae80-6da1852b1dc6,please dont make live and video as default page when opening the apps. its really a horrible choice.or at least please give us an option for us to choose the home page.,dont make live video default page opening apps horrible choiceor least give option choose home page,1,negative,2026-06-23 17:51:25,16
b4706880-0ec1-43f6-9196-feb5b8308dc8,woi iklan selalu kacau bila aku main game dh la iklan kau je yg buat game barang aku hilang rugi barang game tu aku boleh jual kot😭😭 iklan kau memang annoying,woi iklan selalu kacau bila aku main game iklan kau buat game barang aku hilang rugi barang game aku boleh jual kot iklan kau memang annoying,1,negative,2026-06-23 16:54:41,26
6e511596-5b0e-4a5f-b943-b4a6bf7510aa,Cannot reclaim phone number?? Such a waste of time. Bad service,reclaim phone number waste time bad service,1,negative,2026-06-23 16:23:37,7
0cf889c3-a99d-4056-9959-591877254445,Good platform and value for money,good platform value money,4,positive,2026-06-23 15:39:30,4
f85925ea-0ee0-4b9f-abf5-4eeb6a83c5a0,wonderful experience going through the product offerings and amazed by the types of products available in the market. I suggest Shopee categorizes product relevance by certain matrix instead of jumbling the most relevant ones with the barely relevant ones,wonderful experience going product offering amazed type product available market suggest categorizes product relevance certain matrix instead jumbling relevant one barely relevant one,5,positive,2026-06-23 15:11:23,23
b303b6e2-7d0b-4dab-85c9-766942dc7fbb,best sebab gunakan SPX....Mantap sampai terus depan rumah,best sebab gunakan spxmantap sampai terus depan rumah,5,positive,2026-06-23 14:33:48,8
b9ef9c53-e5aa-4a07-b0ec-923e32c04f87,"good app but I think another 3 year shoppe would be relevant anymore, one more things about rate product, to earn 15coin, you follow all instructions, but end up just get 5 coin, I not complain if I do one time, but many time still got 5 coin, it a scam , And daily coin collecting 1 coin, very kedekut nak mampus",good think another year shoppe relevant anymore thing rate product earn coin follow instruction end coin complain time time got coin scam daily coin collecting coin kedekut nak mampus,3,neutral,2026-06-23 14:30:52,29
9f501989-adab-4a41-98e3-e62061ea67c2,stupid shopee bug keep crashing when ordering food,stupid bug keep crashing ordering food,1,negative,2026-06-23 14:04:29,6
7b2a487e-3e7f-44eb-9688-8c8d0df5baea,i just want to buy but shoppe say the promotion has already redeem.All my akun already redeem and back to normaly but shoppe say again that be promotion has already,want buy shoppe say promotion already redeemall akun already redeem back normaly shoppe say promotion already,1,negative,2026-06-23 13:47:00,16
2f1610d2-bebd-479d-bd2e-530ba61d239a,The best App.. First delivery.. tq admin.. the SPX delivered all item..the best target day.. TQ too for SPX. 🤝🤝🤝,best first delivery admin spx delivered itemthe best target day spx,5,positive,2026-06-23 13:45:31,11
8ffd7f73-84c6-4c0f-a2d2-01ce00311ca4,terbaik Dan berpatutan,terbaik dan berpatutan,5,positive,2026-06-23 13:29:56,3
b9d84f4f-2fff-4d0c-8dfb-1a04d949dc83,bad. full of AI slop ads,bad full slop ad,1,negative,2026-06-23 13:22:04,4
4cf8c8b4-ac91-49f9-bd4d-6094eb972c7f,Makin lama mmg mengarut apps ni. How can harga sblm checkout harga lain and after check out harga lain??? Very unfair. How am I supposed to shopping in this platform. Where's the voucher that you've claimed it discounted already? This app is a scam. I repeat. SCAM. I ALREADY CLAIMED EVERY VOUCHER WHAT YOU MEAN IT DIDN'T EVEN UGHHH,makin lama mmg mengarut apps harga sblm checkout harga lain check harga lain unfair supposed shopping platform wheres voucher youve claimed discounted already scam repeat scam already claimed voucher mean didnt ughhh,1,negative,2026-06-23 13:18:15,32
88dde7d8-4395-4db0-a634-a32e88c62e1e,"pasal knoutout deal,shopee platform ini control ketat, cheating customer!!!!my all friend go for pdd...shopee semakin menyusahkan dan harga pun semakin tinggi,seller bagi tahu shopee kira high comisen!!!",pasal knoutout dealshopee platform ini control ketat cheating customermy friend pddshopee semakin menyusahkan dan harga pun semakin tinggiseller bagi tahu kira high comisen,1,negative,2026-06-23 12:16:46,23
8ff9e947-8401-4217-8da2-1fc520214743,pay later block...padahl dah lama abis byr,pay later blockpadahl dah lama abis byr,1,negative,2026-06-23 12:03:14,7
46ff0ca7-7988-4edb-86e0-46a9d77e20f2,"Baru jer guna app Shoppe ni,so far belum ada masalah.",baru jer guna shoppe niso far belum ada masalah,5,positive,2026-06-23 11:21:57,9
6217cd51-cb12-451e-98fd-be86b1f7de57,"Shopee has become one of my favorite shopping apps because of its user-friendly design and extensive product selection. The search function works well, checkout is fast, and there are often attractive deals available. It's a great platform for finding almost anything you need.",become favorite shopping apps userfriendly design extensive product selection search function work checkout fast often attractive deal available great platform finding almost anything need,5,positive,2026-06-23 11:05:02,24
5884c14a-3834-40ae-8e45-98d5bb190c2c,"Pantas & Cekap: ""Servis terbaik! Penghantaran sangat pantas dan kurier sangat peramah. Terima kasih kerana menghantar bungkusan saya dengan selamat.""",pantas cekap servis terbaik penghantaran sangat pantas dan kurier sangat peramah terima kasih kerana menghantar bungkusan saya dengan selamat,4,positive,2026-06-23 10:29:17,19
93f32810-9e4d-4f01-b63f-b1f76ceafa9d,Best platform to buy things from.,best platform buy thing,5,positive,2026-06-23 09:47:32,4
dc2786d7-0c65-4dba-9010-2419286f0f5c,"The app is easy to use, with plenty of product choices. I especially like the vouchers and free shipping offers, which help save money. The checkout process was simple, and my parcel arrived in good condition and on time. Overall, it's a convenient platform for online shopping.",easy plenty product choice especially voucher free shipping offer help save money checkout process simple parcel arrived good condition time overall convenient platform online shopping,5,positive,2026-06-23 09:09:35,25
74056472-0d0c-4761-bf7a-71b458a7d449,Shopee App easy to use with good pricing and services.,easy good pricing service,5,positive,2026-06-23 08:04:00,4
8135e9ec-610d-4a76-9d60-d8ef253d5615,free shipping really means free shipping.,free shipping mean free shipping,4,positive,2026-06-23 07:27:25,5
ec6e3fd3-1d45-4546-9a72-a0bdd6029ac6,"- Tricky policies to redeem vouchers - Advertising price is lower than check out price bcs diff eligibility (then why show off Shopee Lebih Murah) - Technical issues with app like a lot of time. Found new platform that can beat their price significantly, going to sign off Shopee pretty soon",tricky policy redeem voucher advertising price lower check price bcs diff eligibility show lebih murah technical issue lot time found new platform beat price significantly going sign pretty soon,2,negative,2026-06-23 07:25:21,29
4fc0c6a2-2a71-4b4b-a771-89639875e55b,"I love shopp-e, I can shopping spree all I want!",love shoppe shopping spree want,5,positive,2026-06-23 07:22:57,5
1dabeb0a-dead-4461-9852-a527dda5fdbd,"more excellent and good service, nice packaging, safely arrived, thank so much seller...best app forever, good recommendation to all service,",excellent good service nice packaging safely arrived thank sellerbest forever good recommendation service,5,positive,2026-06-23 06:29:06,13
88a012ef-4dbf-42eb-8958-897d95e2da8c,Plenty of choices for every product for all price ranges. Return process is easy.,plenty choice product price range return process easy,5,positive,2026-06-23 06:18:27,8
68a64498-ae09-4b21-b459-69fce89172fb,"Shopee is extremely disappointing with its fake promotions. The promotion is displayed as if it is still active, showing RM0.00 at checkout, but when you press “Place Order” an error appears saying the promotion has already been fully redeemed. If the promotion is over, why still show the discounted price? This is clearly misleading and wastes customers’ time trying to order something that doesn’t exist anymore. Shopee should be more transparent and professional—do not allow fake prices to appea",extremely disappointing fake promotion promotion displayed active showing checkout press place order error appears saying promotion already fully redeemed promotion show discounted price clearly misleading waste customer time trying order something doesnt exist anymore transparent professionaldo allow fake price appea,1,negative,2026-06-23 05:32:56,40
76ae5eff-33d1-4871-bdbb-f47266165494,App keep crashing. stupid,keep crashing stupid,2,negative,2026-06-23 04:37:07,3
a2367676-3501-4ac7-930c-b52f54468748,"A popular Southeast Asian shopping platform. Pros: Competitive prices, easy-to-use interface, many sellers. Cons: Product quality can vary due to many small sellers. Best for: Daily items, affordable shopping.",popular southeast asian shopping platform pro competitive price easytouse interface seller con product quality vary due small seller best daily item affordable shopping,5,positive,2026-06-23 04:15:30,23
b2f9add3-deca-417e-9b9c-15e1a209bd26,"To all Shopee users. Please BEWARE with Shopee PayLater. Shopee will never give us a Current Unpaid Balance. Shopee splits our payment period without getting permission from us. For my case, I already over pay but Shopee splitted the repayments to 1 year which is I never consulted!! I asked for the current updated unpaid balance but Shopee never gave me!! Shopee is now became SCAMMER?????!! I will initiate a formal complaint to BNM (Bank Negara Malaysia) later!",user beware paylater never give current unpaid balance split payment period without getting permission case already pay splitted repayment year never consulted asked current updated unpaid balance never gave became scammer initiate formal complaint bnm bank negara malaysia later,1,negative,2026-06-23 00:33:50,39
34511433-6f25-461e-8e9b-d0bbd61b1063,"After updating the app just now, I can't share product's link to WhatsApp anymore. Even after restarting my phone!! WHY?????",updating cant share product link whatsapp anymore restarting phone,2,negative,2026-06-22 23:56:20,9
186cff5a-71cd-4398-9dd0-0e9d8b062a90,Works great and makes things much easier. Recommended!,work great make thing easier recommended,5,positive,2026-06-22 17:06:39,6
8f355e48-a7e6-4a36-a7c9-97da9cdbb17f,love sumpah love gila banyak voucher free item,love sumpah love gila banyak voucher free item,5,positive,2026-06-22 16:45:06,8
1b047ca5-0db1-43e5-9902-9badd81ba3ce,menyampah betul buka app je keluar video dah la sound outomatik di slowkan apa ni????tgk video dpt coin tp tak dpt coin pon cm scam je lebih dari video.harga kat main page lain bila masuk troli harga....,menyampah betul buka keluar video dah sound outomatik slowkan apa nitgk video dpt coin tak dpt coin pon scam lebih dari videoharga kat main page lain bila masuk troli harga,1,negative,2026-06-22 16:28:02,30
0bc8525b-f6be-4447-bd31-8cf7af301e6c,"hi, could you please make an option for dark mode to ease the eyestrain? thanks a lot",make option dark mode ease eyestrain thanks lot,4,positive,2026-06-22 14:18:42,8
f1509f79-5e4e-4a51-8d64-c11097fd7993,video tab annoying.. dah keluar apps pun masih duk main lagi Audio di background.. smhh... Now recommendation naik Minuman Keras pula ? wth,video tab annoying dah keluar apps pun masih duk main lagi audio background smhh recommendation naik minuman kera pula wth,1,negative,2026-06-22 14:16:23,20
a8651266-0aa2-42ac-bad0-0deb444b2722,Nice App Shop online,nice shop online,5,positive,2026-06-22 14:08:12,3
107ddeec-8c09-4928-9701-e2f463c56a36,new feature of rating on product is bad. it's too complicated to rate and get 20 cents. i ended up get 3 cents per review. i will not waste my time to rate again.,new feature rating product bad complicated rate cent ended cent per review waste time rate,2,negative,2026-06-22 13:56:12,15
99ded25c-fe43-4d27-afdf-f91c67f20e41,"I had to, because this app's ads are terrible, always forcing people to get the app, STOP ADS that are forceful to users (I'm talking about the shopee ads that in other apps)",apps ad terrible always forcing people stop ad forceful user talking ad apps,1,negative,2026-06-22 11:28:10,13
97ff881d-5bcb-4f8e-b92b-4f3d915dad89,good aplication and east to use,good aplication east,5,positive,2026-06-22 11:21:43,3
1def4914-e755-4cf6-a7da-d97edad06559,hantaran sangat cepat,hantaran sangat cepat,5,positive,2026-06-22 11:14:08,3
c39e14f6-66c6-4ce4-811d-17e80cd79898,"worst customer service ever, I did everything they ask. not only they didn't help they keep asking for the same thing over and over, I have ask them for help getting my phone number from a old account I forgot password and can't login in to my old account they tell me to login into to the old account so I can delete the phone number off the old account??? I have call them and make a 5 enquiries in the last 2 week they still haven't fix anything I have proof I'm the owner of the phone number.",worst customer service ever everything ask didnt help keep asking thing ask help getting phone number old account forgot password cant login old account tell login old account delete phone number old account call make enquiry last week havent fix anything proof owner phone number,1,negative,2026-06-22 09:50:08,45
8c96c211-4bda-4836-86fd-24126ee9e6cc,"stupid,they send my parcel to the wrong place even though my parcel supposed to be send at 46 but they send to 34? not only that I didn't receive my parcel because the other house already take my parcel. I'm so mad!! I already put to the right address. I realised my parcel being received by them because of the photo and the photo clearly show house number 34 not 46!!!!! Stupid!",stupidthey send parcel wrong place though parcel supposed send send didnt receive parcel house already take parcel mad already put right address realised parcel received photo photo clearly show house number stupid,1,negative,2026-06-22 07:27:37,32
54a572d3-8922-4fca-83a9-99c1cd384ad6,unable to disable shopee live when start app. very annoying.,unable disable live start annoying,1,negative,2026-06-22 07:07:58,5
80e428b4-411f-4be2-b6e4-afff4882d553,"Fantastic user experience with unbelievable discounts! The interactive games, free shipping vouchers, and live streams make online shopping incredibly fun and affordable.",fantastic user experience unbelievable discount interactive game free shipping voucher live stream make online shopping incredibly fun affordable,5,positive,2026-06-22 05:45:42,18
8cefaaa1-bc8c-4a48-8f25-42648b73d653,nice app good service,nice good service,5,positive,2026-06-22 04:24:22,3
ec999024-c1e9-4165-b2ca-81cef4a70dd6,Sorry shopee. Sebelum ni mmg syok shopping sini. Tp bila dah tukar ke standart delivery ni terus xminat nk shopping sbb menyusahkan. Ada ke patut kita tak boleh pilih perkhidmatan yg kita nak. As buyer kami tahu la perkhidmatan kurier terbaik kawasan sendiri.,sorry sebelum mmg syok shopping sini bila dah tukar standart delivery terus xminat shopping sbb menyusahkan ada patut kita tak boleh pilih perkhidmatan kita nak buyer kami tahu perkhidmatan kurier terbaik kawasan sendiri,5,positive,2026-06-22 04:17:09,33
aa092da3-5f21-4a2e-9f5a-cc59e72a3f4e,"I've installed shopee with my two phones using the same acc, so whenever I want to log in, I can claim the coins anytime. but the thing is, almost 1k coins I lost because of this app!!!!! I claimed my coins on my iphone and saw 1085 left but my android is 1933!! then log in back with the android one, it became 1085 too WTH LAHH U THINK I COLLECT IT WITH SALIVA OR WHAT???😭😭😭",ive installed two phone acc whenever want log claim coin anytime thing almost coin lost claimed coin iphone saw left android log back android became wth lahh think collect saliva,1,negative,2026-06-22 03:54:23,30
c73d9dc5-924e-4375-8cce-cc392b9dbabc,easy and fast services..,easy fast service,5,positive,2026-06-22 03:48:13,3
938ac221-907f-4c2c-bf97-18a297ffc0dd,"Shoppe selalu buat sale tiap² bulan, beli barang time tu mmg murah.",shoppe selalu buat sale tiap bulan beli barang time mmg murah,5,positive,2026-06-22 03:11:45,11
10a5ac59-db71-4ad1-aa07-fd24562c4fae,"""Please try to control your Shopee ads first. They are very annoying and disruptive. Please reduce the number of ads because they are seriously disturbing the work I do on my phone.""",try control ad first annoying disruptive reduce number ad seriously disturbing work phone,1,negative,2026-06-21 21:55:25,13
391bfb2c-9d43-4ec5-af38-753ca69b64b9,my Spay later gets ban after late payment & now cannot be used..i've paid all outstanding & they keep chasing me like money lenders quite rude..now when i pay my spay later is blocked..haha,spay later get ban late payment usedive paid outstanding keep chasing money lender quite rudenow pay spay later blockedhaha,1,negative,2026-06-21 18:03:40,19
0408d0b7-b11f-4078-b8db-e0a9c58e1216,"open app.. straight to video, go to Search bar, music wont stop, uninstalled and installed again..same...music wont stop...sigghhhhh..so annoying..make me forget what i want to search.....fix it!!",open straight video search bar music wont stop uninstalled installed againsamemusic wont stopsigghhhhhso annoyingmake forget want searchfix,1,negative,2026-06-21 16:53:28,17
888e36ae-6078-4387-a90e-4f33d09a1f45,"I really think Shopee should add a price history tracking feature for products. Right now, it’s hard to know whether a discount is actually a good deal or if the seller increased the price before a sale campaign.",think add price history tracking feature product right hard know whether discount actually good deal seller increased price sale campaign,3,neutral,2026-06-21 16:49:21,20
127f91ed-6cf9-4b54-be8f-e671a18d21da,very good shopping experience,good shopping experience,5,positive,2026-06-21 16:05:52,3
b13f3d0b-ebf7-46f0-b0b3-1e66f9c1d553,"Just like everywhere, there are good things and bad things, similarly, there are bad things and good things in the Shopee app. I just ordered JBL earbuds, which are very Useless",everywhere good thing bad thing similarly bad thing good thing ordered jbl earbuds useless,4,positive,2026-06-21 15:03:18,14
bd490d33-555d-4b71-86ac-3878643d0c2d,Shopee's aggressive approach to advertising forcing the app to open when just trying to read an article. Proceed to alienate your users further. That certainly will increase user experience.,shopees aggressive approach advertising forcing open trying read article proceed alienate user certainly increase user experience,1,negative,2026-06-21 13:53:07,16
b1c715e9-c810-4695-bd69-6008504623e6,I like it it's very affordable and good quality,affordable good quality,5,positive,2026-06-21 12:46:17,3
fca157b5-aa31-4a10-ab32-c2af1049c41b,jimat masa dan penyediaan bayaran mudah.,jimat masa dan penyediaan bayaran mudah,5,positive,2026-06-21 12:29:47,6
4fd68e8c-c632-4ced-807d-6cd6763803dd,"I love shopee,it's cheap than tiktok. but actually I have 2 device,and i'm using the same number,because I don't want to use my money to buy simcard more,so shopee please allowed us to use the same number😓🙏",love shopeeits cheap tiktok actually deviceand numberbecause dont want money buy simcard moreso allowed number,3,neutral,2026-06-21 11:59:19,15
39d15c4f-065e-4df8-a638-b4d3771f2e40,super apps for online shopping.easy and trusted..shopee,super apps online shoppingeasy trustedshopee,5,positive,2026-06-21 11:40:10,5
ff655e3d-8597-4aae-a253-9f2c46dcf76f,nak dpt 20 coin pny ssh. padahal brg tu kt dh beli.penipu,nak dpt coin pny ssh padahal brg belipenipu,1,negative,2026-06-21 11:21:55,8
2b31a687-28b8-40f5-84eb-b51bb6b87a4d,"shopee food gps really useless, i complain many times wrong address, a few times is myself pay rider transport fee to send order to correct address got one time shopee agent ask me check address before make order funny is i see the address is correct at first time, but i didnt make order, i go claim voucher then make order, after some times found is wrong address! i even chat with three agent, finally manage chat with rider, rider say no shopee agent contact him, but agent stated case solved",food gps useless complain time wrong address time pay rider transport fee send order correct address got time agent ask check address make order funny see address correct first time didnt make order claim voucher make order time found wrong address chat three agent finally manage chat rider rider say agent contact agent stated case solved,1,negative,2026-06-21 10:27:30,56
7a5f3733-b37f-4fd8-b16c-57ca53667a82,puas Hati Beli d shopee,puas hati beli,5,positive,2026-06-21 10:07:37,3
b9bf4798-7bc2-4dd0-92c9-9e4b09409c73,"App stuck&bug,doesnt give more relitive with word.Chart now no more can update,stuck.12day waste a month.get 90% bad thing more than good often buy.Already not as look 8-10year ago.",stuckbugdoesnt give relitive wordchart updatestuckday waste monthget bad thing good often buyalready look year ago,1,negative,2026-06-21 09:12:16,15
1e405287-ed96-44d5-8a65-cd58435e177d,better than sopping mall,better sopping mall,5,positive,2026-06-21 09:09:34,3
2d0d9787-9391-44d6-adfc-c0505bfc3b61,app keep opening at videos,keep opening video,1,negative,2026-06-21 08:49:45,3
52e3ce14-a5b8-409d-a913-0b7b91d7d83c,incredible app I appreciate this app can refund and I can pay it at 7 eleven,incredible appreciate refund pay eleven,1,negative,2026-06-21 08:37:22,5
065fdbfb-e558-44b9-980c-c1eb466ac1b3,Fast service. Easy refund/return.,fast service easy refundreturn,5,positive,2026-06-21 08:34:31,4
f1704c1f-9f0d-4d13-a9f7-d483074b7a05,bole la pake keperluann,bole pake keperluann,4,positive,2026-06-21 08:13:09,3
bb19718e-7c08-4b90-9ea9-bd458159fbd4,"So far, so good using Shoppee.",far good shoppee,5,positive,2026-06-21 07:30:49,3
cd8edd46-27b1-4b38-be12-5104be07fb68,"I love using Shopee. The app is easy to navigate, deliveries are fast, and there are always great deals and vouchers available.",love easy navigate delivery fast always great deal voucher available,5,positive,2026-06-21 07:13:01,10
39dfedb1-56a0-4fff-8676-acc110dee1d8,"i love this shoppee app, very useful for me.",love shoppee useful,5,positive,2026-06-21 07:01:17,3
2f7b6a4a-a025-4412-82df-747d79d4e92c,incredible app and it is becoming even better with functionality. but worst thin I don't like is the shopee sound that comes all of a sudden. I've anyways disabled it.,incredible becoming better functionality worst thin dont sound come sudden ive anyways disabled,5,positive,2026-06-21 06:59:25,13
34fecf5a-b69d-46ac-930e-3074d1173092,"Very disappointed. The 'Shopee Great Deals' promotion feels misleading because it is presented as a voucher, but the actual savings are not as advertised. Customers may be led to expect a better deal than what they receive. Please be more transparent with your promotions.""",disappointed great deal promotion feel misleading presented voucher actual saving advertised customer may led expect better deal receive transparent promotion,1,negative,2026-06-21 06:11:31,20
f3e60474-0713-42f6-ac1c-ac848f269894,every time I want to use a voucher it keeps saying that I have redeemed it but the thing is I don't even use vouchers for a long time,time want voucher keep saying redeemed thing dont voucher long time,1,negative,2026-06-21 04:43:10,11
70489f8a-ba47-4d19-acba-c663b94a8bd3,"Easy, fast, and more choice",easy fast choice,1,negative,2026-06-21 04:11:17,3
fe7608e1-b898-4b0b-9788-9a3e775f44e6,great.. but some items should be available for COD.. not just BANK-IN ..otherwise just good,great item available cod bankin otherwise good,5,positive,2026-06-21 03:18:19,7
f330b757-fef5-48e8-a4ee-37215fb1b1f7,The best shopping apps ever. Tq shopee team,best shopping apps ever team,5,positive,2026-06-21 02:46:31,5
1e1271d1-538f-45a9-bf05-0300e225ce31,"Shopee is the worst app because when I go to any other app, that app and Shopee ads are very annoying. I think Shopee apps steal data from everyone's phone and violate security by tracking the phone.😡😡😠🤬😤😤😤🤮🤮",worst ad annoying think apps steal data everyones phone violate security tracking phone,1,negative,2026-06-21 02:32:26,13
7c35253a-5687-47f1-ac19-6b3237402b67,The app became terrible after the startup page defaulted to the annoying Live & Video without an option to turn it off. Who gives them the right to reset my volume setting? That's intruding my privacy.,became terrible startup page defaulted annoying live video without option turn give right reset volume setting thats intruding privacy,1,negative,2026-06-21 01:32:59,19
3142b9bb-1c30-40ea-95e2-15b120d9c4fd,"App wajib install, lubuk barang murah! ""Selalu sangat poket bocor kat sini sbb banyak voucher free shipping dgn coins cashback. Sistem Shopee Guarantee dia buat kita rasa selamat nak beli sbb seller takkan dapat duit selagi barang tak sampai tangan kita. Terbaik!""",wajib install lubuk barang murah selalu sangat poket bocor kat sini sbb banyak voucher free shipping dgn coin cashback sistem guarantee dia buat kita rasa selamat nak beli sbb seller takkan dapat duit selagi barang tak sampai tangan kita terbaik,5,positive,2026-06-21 00:24:07,40
0b0321be-2115-4b24-bf32-6f3d86182d38,so bad online pay the payment .,bad online pay payment,1,negative,2026-06-20 17:17:04,4
5839559b-c994-4dc1-bf39-144f34b02c86,Refund policy is rather tricky. Need to be super careful,refund policy rather tricky need super careful,1,negative,2026-06-20 16:32:53,7
d1eb00cd-465a-4597-a6f0-1ddb62e25ae9,"shopee ads on other platforms are annoying. like why does the ad bring you to the shopee app so suddenly? it's annoying. and the way the ad shows a fake exit button, it's annoying. you already got a lot of users so why would you still promote your app in this pathetic way?",ad platform annoying bring suddenly annoying way show fake exit button annoying already got lot user promote pathetic way,3,neutral,2026-06-20 16:29:05,19
818322f9-129b-486a-9d7a-b3e748204395,I cannot reclaim old account because of the dumb system disallow me to do so I'mma delete my fuffin account,reclaim old account dumb system disallow imma delete fuffin account,1,negative,2026-06-20 15:35:10,10
eed1421e-2a42-4053-af42-18aa2a6e6dd4,"on opening app, video pops up, making annoying noise. tried everything, including clearing cache, reinstalling, etc, NO USE. ask you programmer to correct this error unless it's deliberately put it. In the past, no issues",opening video pop making annoying noise tried everything including clearing cache reinstalling etc ask programmer correct error unless deliberately put past issue,1,negative,2026-06-20 13:47:15,22
e7528a28-f864-4ff5-85e1-6699dfcc831a,"Shopee, I've always been using the app as my first shopping platform to look for the items I've been searching for, and so far, you've never let me down! So I'm wondering if you could add Touch'n Go eWallet as one of your payments. I'd be really happy if you did! Please add.",ive always first shopping platform look item ive searching far youve never let wondering add touchn ewallet payment happy add,5,positive,2026-06-20 13:16:24,20
7ca5560c-e2bf-47da-bf0b-f3c7ca3296e0,"So many video advertisments are AI generated, looks unreal and disinformation",video advertisments generated look unreal disinformation,1,negative,2026-06-20 13:04:25,6
22e38748-430a-453f-87eb-b4412e9abe85,Banyak barang jualan,banyak barang jualan,5,positive,2026-06-20 10:56:17,3
8469f11d-fc19-4f9b-a3a6-fa6578de17ae,I would like to suggest adding Samsung Pay as one of the payment options on Shopee. Like Google Pay and Apple Pay.,suggest adding samsung pay payment option google pay apple pay,1,negative,2026-06-20 10:09:31,10
10aa4d8d-6f7c-43d6-96b0-ff0ebaa8daf5,Best app's i ever use..,best apps ever,5,positive,2026-06-20 10:07:18,3
28911c4e-d827-4f3e-9ca8-8c392bae4e03,user friendly app as it is easy to use,user friendly easy,5,positive,2026-06-20 09:43:42,3
4ebb1384-7976-4819-a207-f6df53d0222f,"The recent Shopee app experience has become very inconvenient. Every time I open the app, Shopee Live starts playing automatically. This is annoying, distracting, and consumes unnecessary data. Even worse, it is not easy to close the Live video, and sometimes the audio continues playing in the background after the video has been closed. Users should have control over their own app experience. Please provide an option to disable Shopee Live auto-play.",recent experience become inconvenient time open live start playing automatically annoying distracting consumes unnecessary data worse easy close live video sometimes audio continues playing background video closed user control experience provide option disable live autoplay,1,negative,2026-06-20 09:39:45,35
e9270217-fa79-44d3-9fd1-cae5c7fd08b7,"Good, easy for communication",good easy communication,5,positive,2026-06-20 09:39:04,3
b3686208-8d64-4e6d-b6f3-d8fc23acb15d,"banyak sangat iklan kat app lain , menganggu",banyak sangat iklan kat lain menganggu,1,negative,2026-06-20 09:14:29,6
229df6cc-19e6-4a8e-a4e5-de5035c13683,bagus pulang tapi sampai nya barang atu lambat berabiss.....,bagus pulang tapi sampai nya barang atu lambat berabiss,5,positive,2026-06-20 09:13:00,9
af9dce4d-b0fe-4416-82ed-c68ab1b362ea,best online shop...most trusted and easy,best online shopmost trusted easy,5,positive,2026-06-20 08:37:45,5
ab15c155-c6c6-47b8-a962-ed6bcb2daaae,So far trusted beli barang sini. Delivery pun update real time.,far trusted beli barang sini delivery pun update real time,5,positive,2026-06-20 08:14:17,10
7f7e470e-811e-4d9a-ade3-a010382e94b8,Memang tip top,memang tip top,5,positive,2026-06-20 07:10:27,3
f7a3d061-12c2-4274-9b9d-73d2ab7f32f6,too much add at other apps and certain website come on dude you already famous,add apps certain website come dude already famous,1,negative,2026-06-20 06:10:39,8
60764d8c-7d2e-4c69-ace5-b921fc14d0a3,Can get more cheapest price n better services.,cheapest price better service,4,positive,2026-06-20 05:47:43,4
c0bb36ee-328d-454e-bd7a-d2764e544fa5,Easy online shopping.,easy online shopping,5,positive,2026-06-20 05:46:46,3
4881210c-261e-43a4-a844-97cf4b548d23,"• VERY³ PERFECT PACKAGING.👍10🌟 • exellence service & fast respond.👍10🌟 • worth buying and with zero problem.10🌟 • delivery from China, ngam² 7 days.10🌟 • u will get what u ordered, very trusted Seller from China.👍10🌟 ••••••• 20th June 2026 ••••••• LATEST UPDATED REVIEW Now, Shopee is the No.1 Online Shopping Platform in Malaysia !!!! #2 Tik-Tok Shop #3 Lazada ✌CONGRATULATIONS SHOPEE👍",perfect packaging exellence service fast respond worth buying zero problem delivery china ngam day ordered trusted seller china june latest updated review online shopping platform malaysia tiktok shop lazada congratulation,5,positive,2026-06-20 05:20:06,30
f30a67d6-f91a-42df-9958-6b7ab71cce07,easy to use only one problem with topup wallet,easy problem topup wallet,5,positive,2026-06-20 05:14:24,4
18c812d4-4ca2-4c55-b2cc-0938a6e803df,"it works well, but currently I'm having am issue where i can't open shop's details and reviews, prolly can't blame on my 16 android version.. it only shows white screen while payment interface on the upper screen",work currently issue cant open shop detail review prolly cant blame android version show white screen payment interface upper screen,2,negative,2026-06-20 05:10:20,20
6c3eebf0-ffc2-4c65-b04a-9454c25cadd9,"Beli barang ok, tapi utk aktifkan shoppy pay, pilih bulu, sampai sekarang tk dapat aktif tanpa sebab yg lain. Asik sebab yang sama. Hanya bagi harapan palsu bagi tarikh sekian2 utk aktifkan balik, tapi haram jadah sampai sekarang tak boleh! Sorry rate turun. sorry shoppe, rating turun klu boleh sy nak turun kan pergi satu star, dah akktifkan shoppe pay later, tapi utk apa itu jika hanya rm100, ingat saya ini miskin sangat ke, takut sy tak dapat bayar balik!! rm 100 utk ape jer, beli tisu tandas.",beli barang tapi utk aktifkan shoppy pay pilih bulu sampai sekarang dapat aktif tanpa sebab lain asik sebab yang sama hanya bagi harapan palsu bagi tarikh sekian utk aktifkan balik tapi haram jadah sampai sekarang tak boleh sorry rate turun sorry shoppe rating turun klu boleh nak turun kan pergi satu star dah akktifkan shoppe pay later tapi utk apa itu jika hanya ingat saya ini miskin sangat takut tak dapat bayar balik utk ape jer beli tisu tandas,5,positive,2026-06-20 05:07:58,79
f52306d6-f521-441e-b276-dc650dcefd47,tlg buat shopeefood byar gune tng pliss,tlg buat shopeefood byar gune tng pliss,4,positive,2026-06-20 03:50:57,7
b79dcc42-39c2-4550-be16-0012be624ff1,I want free shipping,want free shipping,5,positive,2026-06-20 03:03:56,3
f7064ad5-e8ef-43e4-a18a-e3db6586344e,"tolong baiki tab video, bila buka apps terus ke video, tekan home, video played dekat background. masuk apps nk beli barang bukan nk tgk video.",tolong baiki tab video bila buka apps terus video tekan home video played dekat background masuk apps beli barang bukan tgk video,3,neutral,2026-06-20 02:39:25,22
04c02f33-1817-456c-acca-b5628053253c,"Great shopping experience. Fast delivery and good service. Thank you!""",great shopping experience fast delivery good service thank,5,positive,2026-06-20 02:36:00,8
5b81ef64-5b7a-4482-abdb-fd48c68d2454,it's a good shopping app with a very low price.i got exactly what I order. please go for it,good shopping low pricei got exactly order,5,positive,2026-06-20 02:20:28,7
1c2079fa-9722-443f-a9bc-3a3d3a9cbc70,can you stop appear in ever goddamn ads. I wish there's a way for me to at least block this app,stop appear ever goddamn ad wish there way least block,1,negative,2026-06-20 01:41:54,10
4c30f9b8-b9dd-45ea-a0ed-4fda8e034347,good apps for online shopping. very fast delivery. have so many low price and good quality product,good apps online shopping fast delivery low price good quality product,5,positive,2026-06-20 01:20:32,11
4b318285-e285-411e-903d-e4ae7f849f8a,"Shopee is an excellent e-commerce platform with competitive pricing, frequent discounts, and a user-friendly interface. The shopping experience is enjoyable, and the app offers various useful features that benefit buyers and sellers alike.",excellent ecommerce platform competitive pricing frequent discount userfriendly interface shopping experience enjoyable offer various useful feature benefit buyer seller alike,5,positive,2026-06-20 00:03:07,20
42741417-dad8-4d6e-a6d6-c3c8c6e0536b,efficient and faster apps to buy what I need,efficient faster apps buy need,5,positive,2026-06-19 23:33:57,5
e2f370c3-0520-4ef2-80d6-ac7c1b2e2b94,"every 5 store advertisement is Ai and it is completely different from the actual ads, Come on Shopee.",store advertisement completely different actual ad come,1,negative,2026-06-19 22:06:02,7
6dc0d5d9-2846-4406-ab2d-cb320eed2ba1,always be no 1 apps to purchase anything I needed.,always apps purchase anything needed,5,positive,2026-06-19 21:54:01,5
c9cf8d76-9e0a-40af-b61a-1d74daddd510,"shopee made my life easy , love it",made life easy love,5,positive,2026-06-19 19:15:14,4
67798e9b-623d-40f4-a44d-f3ce4fb36951,Most annoying pop up ads,annoying pop ad,1,negative,2026-06-19 18:05:12,3
8b5aa706-f15e-482b-9673-d5b5fb9f61e3,no free coin for review,free coin review,4,positive,2026-06-19 18:02:02,3
0f41307b-bf33-43b3-884d-8be9e55368ca,aplikasi yang mudah digunakan..Dan diyakini ramai,aplikasi yang mudah digunakandan diyakini ramai,5,positive,2026-06-19 17:52:10,6
633d6e3f-d38a-4068-b5d4-9a8ec8bf875a,ok untuk penjual Dan pembeli,untuk penjual dan pembeli,5,positive,2026-06-19 17:46:08,4
a7a7650d-7aec-440c-bba9-3f2a8005c8c0,mudah nk cari brg semua ada..harga pn murah Dari kedai..byk jgk la diskaun shopee bagi..cuma kena pandai pilih brg original ataupn tidak,mudah cari brg semua adaharga murah dari kedaibyk jgk diskaun bagicuma kena pandai pilih brg original ataupn tidak,5,positive,2026-06-19 16:52:39,18
713e0dd2-ab85-43d8-8897-f203ad10a64e,So many vouchers + free shipping. Live & video make shopping more fun. Shopee PayLater is convenient. Sellers are responsive.,voucher free shipping live video make shopping fun paylater convenient seller responsive,5,positive,2026-06-19 16:51:29,12
ab7cdacb-4ff9-4ac3-a99a-2576c7e06c68,Why default still open at the live & video page?!!!!!!!!!!!! Click any page also have sound!!!!!! And the shopee farm games still not working at all!!!!! All phones also same problem!! Please fix it!!!!! Open only the homepage!!!!!!!!!!,default open live video page click page sound farm game working phone problem fix open homepage,1,negative,2026-06-19 16:49:19,16
f6143805-e37d-4de2-b5ca-d6b210f4ce6c,got variant of thing and choice but cheaper,got variant thing choice cheaper,5,positive,2026-06-19 16:34:48,5
7ce7f961-7260-490e-93fb-a04c68a35b89,How many updates in month? Yes! There are many problem with Shopee app for pass one and two month. On Shopee food section in Gardener also Coin the 30 second timer not came out. You need go out and enter the shopee food page second time then the timer emerge. Banyak leceh wooo.. Sebelum ini tiada masalah seperti ini,update month yes problem pas two month food section gardener coin second timer came need enter food page second time timer emerge banyak leceh wooo sebelum ini tiada masalah seperti ini,2,negative,2026-06-19 15:58:43,31
219a333c-cf0c-4e7e-960c-b464b530c532,"Entah la tak tau apa yang harus saya katakan,saya sendiri bingung memikirkannya.",entah tak tau apa yang harus saya katakansaya sendiri bingung memikirkannya,5,positive,2026-06-19 15:32:21,11
c1f445d6-d6e9-4279-92fa-58b2bc1c50ec,good online shopping option.,good online shopping option,5,positive,2026-06-19 14:09:48,4
af3d7b80-d645-4188-934c-f276faeff223,"Padam kan automatic cancel, kurier tak scan in last last budak bawah 18 takleh nak pakai duit bile stuck.menyusahkan.aku bersabar tunggu order 3 kali Dari seller Kelantan yang problem.order cancel sekali sebab seller tak post,kedua hari pulak order lagi tapi cancel.last yang ke tiga 3 dapat aprrove,seller dah hantar kat tempat post but kurier pulak macam hamak tak scan in sampai tarikh automatic cancel pun tak de nak scan,last2 aku frust dengan shoppe.budak ic 09 pun susah nak pakai shoppe pay.",padam kan automatic cancel kurier tak scan last last budak bawah takleh nak pakai duit bile stuckmenyusahkanaku bersabar tunggu order kali dari seller kelantan yang problemorder cancel sekali sebab seller tak postkedua hari pulak order lagi tapi cancellast yang tiga dapat aprroveseller dah hantar kat tempat post kurier pulak macam hamak tak scan sampai tarikh automatic cancel pun tak nak scanlast aku frust dengan shoppebudak pun susah nak pakai shoppe pay,1,negative,2026-06-19 14:03:21,71
4da1638a-d717-425d-91b2-76815aeab7da,"too many AI ads, does not project or even resemble the items they are selling.",ad project resemble item selling,1,negative,2026-06-19 13:53:49,5
aac589fe-63a7-4f41-b178-e20998f9d5c3,"why offer return&refund pick-up and cannot execute? even rescheduled also no changes. wasted 2 days(10am-8pm is what they said the pick-up hours) in a week just to wait for the pick-up, my job requires me to be out of house and unreachable for the whole day hence the timing arrangement is crucial to me. chat CS also only AI bot replies with no solutions",offer returnrefund pickup execute rescheduled change wasted daysampm said pickup hour week wait pickup job requires house unreachable whole day hence timing arrangement crucial chat bot reply solution,1,negative,2026-06-19 12:58:38,28
daa195f9-6329-4549-8030-df2e79afa371,2 out of 3 sardine tins dented.,sardine tin dented,1,negative,2026-06-19 12:42:10,3
a3a3cd72-ecb3-497b-a95c-e34403acc336,not a bad online shopping,bad online shopping,5,positive,2026-06-19 12:38:36,3
e8e80bf2-dc11-42d1-bbe4-d11b96c18c1e,"iklan banyak pastu ada skip fake tu yang membuat kita semua mengamuk pastu masa nak tekan tu tiba tiba prgi ke app ny kalau x download ke chrome pula. bayangkan la kalau tgh buat kerja semua pastu iklan shopee nak tekan tiba tiba ke app nya nak check balik kerja dah hilang, apa perasaan? kecewa kan?",iklan banyak pastu ada skip fake yang membuat kita semua mengamuk pastu masa nak tekan tiba tiba prgi kalau download chrome pula bayangkan kalau tgh buat kerja semua pastu iklan nak tekan tiba tiba nya nak check balik kerja dah hilang apa perasaan kecewa kan,1,negative,2026-06-19 11:59:11,45
60944d10-dd0d-45a0-aeaa-d41c0d3ee195,"Shopee's SPX Express is terrible. My parcel status was falsely marked as ""recipient requested reschedule."" This is a complete lie. The driver never called or texted me, and the app provides zero photo proof of the delivery attempt. Drivers are clearly faking tracking data to cover up their own delays. Forcing us to use this failing in-house courier is unacceptable. I am uninstalling Shopee and switching to Lazada, where logistics are handled with honesty and efficiency.",shopees spx express terrible parcel status falsely marked recipient requested reschedule complete lie driver never called texted provides zero photo proof delivery attempt driver clearly faking tracking data cover delay forcing failing inhouse courier unacceptable uninstalling switching lazada logistics handled honesty efficiency,1,negative,2026-06-19 11:56:36,42
6a18a2f5-f656-4a52-bddc-67253ede5894,"everything good fo now. change to 5 star last review Disappointed with shoppe after shoppe decide courier. Refund process still under review, and no update from shoppe. .",everything good change star last review disappointed shoppe shoppe decide courier refund process review update shoppe,5,positive,2026-06-19 11:20:46,16
b5653eb3-a56b-4bf1-8d8a-18fa35f3fc18,"Food: Lack of drivers at night & morning now,. compare to before. Shops even disappear on Shopee but are still on their rival and delivery riders are available on this G platform. And it's football season now & Shopee even creates a night campaign with lack of riders. Even during the day, G is faster for food. Jom Rebut (food) deals feels a bit like a scam and manipulative, I urge everyone to not support it and only order items on Shocking Sales. Prices getting higher on Food app, commission?",food lack driver night morning compare shop disappear rival delivery rider available platform football season creates night campaign lack rider day faster food jom rebut food deal feel bit scam manipulative urge everyone support order item shocking sale price getting higher food commission,4,positive,2026-06-19 11:01:39,43
df24498a-d362-4ae3-bfa8-c45232d2d488,It's a nice app with a few nice games inside it :),nice nice game inside,5,positive,2026-06-19 10:36:52,4
3c487584-5791-440b-9a47-c2ff55d6e621,affordable and enjoy to shopping,affordable enjoy shopping,5,positive,2026-06-19 10:32:50,3
b483f6e3-9a0a-4335-8e43-7fc3ce6e9b0d,"Shopee ialah platform e-dagang yang membolehkan pengguna membeli dan menjual pelbagai jenis barang secara dalam talian dengan harga yang berpatutan. Ia popular kerana banyak promosi, diskaun dan penghantaran mudah, tetapi kualiti produk boleh berbeza bergantung pada penjual.",ialah platform edagang yang membolehkan pengguna membeli dan menjual pelbagai jenis barang secara dalam talian dengan harga yang berpatutan popular kerana banyak promosi diskaun dan penghantaran mudah tetapi kualiti produk boleh berbeza bergantung pada penjual,5,positive,2026-06-19 10:11:10,35
258bbc9e-16b8-4b4c-b57e-aa3077856cbd,"please fix the bug,i cant topup on shopee pay,",fix bugi cant topup pay,5,positive,2026-06-19 09:55:01,5
6d1bc1c9-867e-45d5-935c-e43374a60f7d,Excellent services as usual to us all. 5 star customer services!!!,excellent service usual star customer service,5,positive,2026-06-19 08:45:30,6
5625ade8-ff32-456b-88af-4d2b386e60bd,I love shopee it is one of the most used apps I've been using on my phone. Love it.,love apps ive phone love,5,positive,2026-06-19 08:31:38,5
11d93e4f-0c66-4d80-8455-6f80dca85742,some functions are displayed but not accessible. should be more transparent in the operation of the coins benefits,function displayed accessible transparent operation coin benefit,3,neutral,2026-06-19 08:27:39,7
9b628272-3437-4ede-9d39-b471e0e2ac3b,"Terbaik! Harga murah, banyak pilihan barang, penghantaran cepat dan banyak voucher. Sangat berpuas hati menggunakan Shopee.",terbaik harga murah banyak pilihan barang penghantaran cepat dan banyak voucher sangat berpuas hati menggunakan,5,positive,2026-06-19 08:04:54,15
df4ec6ed-1d9a-4ee9-845a-52a3c2692afa,Great experience shopping with shoopee,great experience shopping shoopee,5,positive,2026-06-19 07:06:25,4
4bf10f34-cf3b-48cd-a824-581591ceba9e,good product fast delivery I think this shopee best:-),good product fast delivery think best,5,positive,2026-06-19 06:35:27,6
cc7f06a8-3a57-4976-94c2-4bb2f4d570d7,"shopee, my boi, we are chill right? so tell me WHY ARE YOUR ADS ARE NOT CHILL?? YOUR ADS DIRECTLY OPEN YOUR APP TO SPECIFIC PRODUCTS THAT I DONT EVEN GIVE A DAMN. At least show me sth I might be interested with bruh. NOT TO MENTION, EVEN WHEN I HAVE ALR DELETED THE APP, YOU SUCKERS ARE NOT CHILL AND FORCE GOOGLE CHROME TO OPEN THAT SPECIFIC BS INSTEAD. Bro do you want me to replace you with lazada? I have no problem doing that, they have more product that Im searching if you ask me.",boi chill right tell ad chill ad directly open specific product dont give damn least show sth might interested bruh mention alr deleted sucker chill force google chrome open specific instead bro want replace lazada problem product searching ask,3,neutral,2026-06-19 05:24:26,39
ecc43242-eb95-4ac8-8563-139dc1f7d48e,I didn't download it but you have the most annoying advertisements you must consider your budget but you have very annoying advertisements even it's also long,didnt download annoying advertisement must consider budget annoying advertisement long,1,negative,2026-06-19 05:12:29,10
9ed7a2e0-8392-494b-abf5-daa92880e1aa,Shopee is a popular application for online shopping . It is easy to use and many discounts.,popular application online shopping easy discount,5,positive,2026-06-19 04:16:20,6
8591c709-a94d-4067-adfe-4759a33bca7d,i make new account in shopeepay and i have deleted the old account but when i using new account and want to put a my same number like old account it say the delete account is still linked with my current number i mean how do i get back my old account if i don't remember it shopee is weird tho,make new account shopeepay deleted old account new account want put number old account say delete account linked current number mean back old account dont remember weird tho,1,negative,2026-06-19 01:34:16,28
7edf6ad6-0ce0-4022-8c0b-f618f01a14fd,why blocked shopee pay later..I don't hv outstanding payment. your customer service didn't answer my question..I ask why my spay later blocked I don't have any pending bill now.,blocked pay lateri dont outstanding payment customer service didnt answer questioni ask spay later blocked dont pending bill,1,negative,2026-06-19 01:19:39,18
82b78fc4-134f-492b-9fbe-603e3d5719fd,"Unable get refund even didn't receive goods... Support system is suck.. All support by AI reply.. System not allow cancel Food order and deduct my money, even I didn't pick up the food.. Not refund... DON'T pay before receive it.",unable refund didnt receive good support system suck support reply system allow cancel food order deduct money didnt pick food refund dont pay receive,1,negative,2026-06-19 00:40:25,24
4085cd17-c1c5-4c1a-ab2c-77a720128c48,this app so useful for shopping a skincare routine products 🛍️,useful shopping skincare routine product,5,positive,2026-06-18 23:16:05,5
81096d98-0b70-47a3-a1d8-3181444b94e6,i can buy all the thing in here ..it is so easy,buy thing easy,5,positive,2026-06-18 21:10:01,3
d995921f-f18b-44d1-b250-2e4b122eb597,lambat sangatt sampai berminggu barang stuck di location yang sama 😠,lambat sangatt sampai berminggu barang stuck location yang sama,1,negative,2026-06-18 19:57:25,9
826aef39-e67e-45c1-9022-2f0cbd63e855,"if u forget to sort price after search, u will end up buying expensive products",forget sort price search end buying expensive product,3,neutral,2026-06-18 16:55:36,8
ca905fb8-c7a5-433a-b840-1f2f5ae54acd,Fast delivery & fast response on return & refund,fast delivery fast response return refund,5,positive,2026-06-18 16:25:08,6
67a70e3d-f785-42f0-a5e3-a3260272b9aa,"​The ultimate destination for variety and budget-friendly household finds. The user interface is bright and packed with interactive gamification elements, and the sheer volume of unique sellers means you can find literally anything here. Shopee Video and Live streams make browsing highly engaging.",ultimate destination variety budgetfriendly household find user interface bright packed interactive gamification element sheer volume unique seller mean find literally anything video live stream make browsing highly engaging,5,positive,2026-06-18 14:28:56,28
7277b497-ef0e-4043-bcd2-0b27b91b205b,Shopee Live + free shipping vouchers = dangerous combo for my wallet. Coins cashback system is addictive. Parcels usually arrive faster than expected. Seller chat is responsive.,live free shipping voucher dangerous combo wallet coin cashback system addictive parcel usually arrive faster expected seller chat responsive,5,positive,2026-06-18 13:28:12,19
a06aa428-3e1c-4568-b02a-d49800f3108a,Good job Shopee and very recommended for buy!!! 👍🏻👍🏻👍🏻🇲🇾🇲🇾🇲🇾,good job recommended buy,5,positive,2026-06-18 13:17:21,4
49f3dcf6-1252-492f-a064-7c6237391528,I recomend to all download shopee is best application.,recomend download best application,5,positive,2026-06-18 13:04:28,4
60085939-0096-488e-bd0b-53fcb82387ff,the best shopping platform ever..,best shopping platform ever,5,positive,2026-06-18 12:27:46,4
1bd8d617-5ceb-4aa5-ad6a-7aea6e0ea36a,truly brilliant idea to make free shipping with system buy today and get today. easy to people who urgently to buy and cannot go out for shopping but can buy online and get at the same day.,truly brilliant idea make free shipping system buy today today easy people urgently buy shopping buy online day,5,positive,2026-06-18 11:41:42,18
a901c015-2d95-41c5-8d42-910cc7530ff2,"It's disappointing that Shopee compensates you so little for inconvenience. I noticed a notification regarding my order is already at its collection point since just this afternoon. Apparently though, ""processing"" my order takes more than 5 hours. I've been waiting forever, contacted customer support to see if any progress can be fastened and unsurprisingly Shopee then just decides to update the ""Estimated delivery time"" to the next day. Not shopee's fault entirely, but not a satisfying CS.",disappointing compensates little inconvenience noticed notification regarding order already collection point since afternoon apparently though processing order take hour ive waiting forever contacted customer support see progress fastened unsurprisingly decides update estimated delivery time next day shopees fault entirely satisfying,2,negative,2026-06-18 11:18:53,40
ed9eb962-b556-48d4-8492-9fd7091bb5fc,shopeee x dpt pulangkan barang terus buang..cam gampang..mari semua bertukar ke PINDUODUO..brg jauh lebih murah,shopeee dpt pulangkan barang terus buangcam gampangmari semua bertukar pinduoduobrg jauh lebih murah,1,negative,2026-06-18 11:13:40,13
ae53f4ed-2979-4635-af2f-37e40d1ec60c,"Kaw Kaw Dinner voucher never works. Always ""fully redeemed"" in literally less than a second. Been trying for days. Update: I have tried for more days. It's a scam!🙄",kaw kaw dinner voucher never work always fully redeemed literally less second trying day update tried day scam,1,negative,2026-06-18 11:02:18,18
34ef17fc-aaef-448f-ba0c-c4118c5ef0b1,always crash when i want to pay fpr splater?,always crash want pay fpr splater,1,negative,2026-06-18 10:28:02,6
ab68f559-5093-435c-b45f-9d819d35fe07,"there's no app that will literally force you to download and use them more than Shopee did. How did you even manage your ads? fake ""X"" button and all. I didn't even touch my screen and you forced me into your app instantly through your useless ads, the shop is not even exist alongside the product that they sell. Beggar much?",there literally force download manage ad fake button didnt touch screen forced instantly useless ad shop exist alongside product sell beggar,1,negative,2026-06-18 10:03:03,21
e639fc82-c6d2-450d-b967-1bbdb06c0528,"apps menyusahkan, nak withdraw duit sendiri pon xboleh, lepas ni saya takkan pakai apps ni lagi",apps menyusahkan nak withdraw duit sendiri pon xboleh lepas saya takkan pakai apps lagi,1,negative,2026-06-18 07:31:15,14
bd572efb-7e19-4642-87fa-049db44a89b9,"bad delivery services,i already paid for it to be delivered safe but the deliveryman just let it be stolen so overall bad with fake proof",bad delivery servicesi already paid delivered safe deliveryman let stolen overall bad fake proof,1,negative,2026-06-18 06:34:09,14
6bee4049-1097-4a05-b3e3-0ffd2a3141cf,"Excellent shopping platform! Competitive prices, fast delivery, and a wide variety of products.”",excellent shopping platform competitive price fast delivery wide variety product,5,positive,2026-06-18 05:59:49,10
910774bb-0aff-4ca8-9956-1d85c1f910c0,kurangin iklan lu begong,kurangin iklan begong,1,negative,2026-06-18 01:48:21,3
432c981e-f92f-4ca9-b3fd-7740088838c7,Efficient.systematic trusted. Easy shopping.,efficientsystematic trusted easy shopping,5,positive,2026-06-17 23:56:36,4
5c8da660-1134-4055-bedc-82ec6421726e,failed to resolve my SPayLater problem. Since 6 month.,failed resolve spaylater problem since month,1,negative,2026-06-17 22:08:19,6
d8ae5fc3-c281-4c5c-bf29-52e400588221,SEMAKIN BODOH SYSTEM KERJA..,semakin bodoh system kerja,1,negative,2026-06-17 20:04:05,4
07fdbe41-ec9c-43ef-8065-6636eaa3b71e,"Shopee app keeps opening directly into the Live & Video page when I launch the app. I use Shopee for shopping, orders, and product search, not for forced videos or live content. There is also no clear setting to disable this behaviour. This makes the app annoying and intrusive. Please allow users to choose the normal Home page as the default landing page and provide an option to turn off Live & Video auto-opening.",keep opening directly live video page launch shopping order product search forced video live content clear setting disable behaviour make annoying intrusive allow user choose normal home page default landing page provide option turn live video autoopening,1,negative,2026-06-17 18:00:15,37
03a602d4-d805-4aeb-bbd5-0137916228a7,"super super drain power, fix your app. stop unnecessary in apps application. i responded to you. every one are experiencing ridiculous power drain over your shopee apps. fix it or roll back to 3 years back version. your software engineer or developer design such in apps application is messy and bugs all around for just click of button unresponsive. JUST KEEP IN APPS CLEAN AND WELL ARRANGE, YOU NO NEED USE YOUR BIG DATA AND KEEP ALL THE UNNECESSARY THING IN ORDER TO PERSUADE USER TO BUY HABIT.",super super drain power fix stop unnecessary apps application responded experiencing ridiculous power drain apps fix roll back year back version software engineer developer design apps application messy bug around click button unresponsive keep apps clean arrange need big data keep unnecessary thing order persuade user buy habit,1,negative,2026-06-17 17:41:45,48
ba46eceb-4da4-42ca-b973-95003849aeb0,the best shopping apps and no shipping fee,best shopping apps shipping fee,5,positive,2026-06-17 17:38:59,5
437da727-60a6-4eaa-891f-5e663efe2737,why does it keep opening itself every so often,keep opening often,1,negative,2026-06-17 17:04:43,3
0bef2c4a-2501-4034-99fd-9f5a5072204f,shopee is always my go to everytime i need some goods but only can be bought online. the shipping is very fast. most of the time i received my parcel in just 2 days,always everytime need good bought online shipping fast time received parcel day,5,positive,2026-06-17 16:13:10,12
67c41d7c-fbbc-4e1e-9c4f-c6a2ad8c3445,"Easy to use, easy to understand the instruction. Even oldies can navigate and make ordering on their own. However, I hate to accidently encountered the ""adult toys"" product. It can be easily viewed by the kids. Shopee should think of extra secured/difficult features to forbid those dirty items being viewed accidently by kids. I am sure you yourself will be worried if your child encountered those items. Please separate or change to a very unique terms so that it won't pop up easily during SEARCH",easy easy understand instruction oldie navigate make ordering however hate accidently encountered adult toy product easily viewed kid think extra secureddifficult feature forbid dirty item viewed accidently kid sure worried child encountered item separate change unique term wont pop easily search,4,positive,2026-06-17 16:10:38,41
2a0b5427-fa8a-490b-aa17-49e6f922296c,"service delivery totally out, always late.",service delivery totally always late,1,negative,2026-06-17 16:01:01,5
7a493e90-ee44-4f56-a62a-26ff163baf47,"Many new online shopping patforms vying for our attention nowadays. I tried some but kept coming back to Shopee. I realized Shopee has stringent controls on the product, seldom see misleading ads that actually are not what is shown on line, easy returns, great shipping value and genuine offers. I know this because I keep coming back to Shopee. Kudos to the team! contiinue to control fradulent ads.",new online shopping patforms vying attention nowadays tried kept coming back realized stringent control product seldom see misleading ad actually shown line easy return great shipping value genuine offer know keep coming back kudos team contiinue control fradulent ad,5,positive,2026-06-17 15:23:49,39
24b3fb1b-99fd-48df-8e66-edbdb612d625,Quick Delivery and Good service,quick delivery good service,5,positive,2026-06-17 14:49:00,4
77904ea6-584e-4416-947f-dadf25b847f8,Seller sent me a defect items. Reported to shoppe. Shoppe take no action. Inresponsible platform.,seller sent defect item reported shoppe shoppe take action inresponsible platform,1,negative,2026-06-17 13:31:37,11
220a0575-19f3-4ff5-a992-4f78e3031054,Seller mistakenly send the wrong item and not willing to rectify the problem. Highlighted the issue to shoppe. Unfortunately shoppe didn't do anything about it. I have to bear the cost from the seller's negligence.,seller mistakenly send wrong item willing rectify problem highlighted issue shoppe unfortunately shoppe didnt anything bear cost seller negligence,1,negative,2026-06-17 12:59:32,19
937e1c16-ab3b-42ff-84ac-653f9f4c356f,Giving false vouchers,giving false voucher,1,negative,2026-06-17 12:36:10,3
570b9ee2-9da0-4652-8513-6703d21dc29d,"best tapi iklan memang mcm niat menganiya orang, pantang iklan dia keluar tak tekan apa mesti bawak masuk shopee. it's not the app that has issue but the way ur ads is everywhere and taking us to your app anyway, that's cruel, against my permission and just overall annoying",best tapi iklan memang mcm niat menganiya orang pantang iklan dia keluar tak tekan apa mesti bawak masuk issue way ad everywhere taking anyway thats cruel permission overall annoying,2,negative,2026-06-17 11:25:53,29
cd49bd8d-185e-4019-8148-d1d3da3be791,"I don't know if it's just me, but I can't even rate or purchase items without it saying, ""Oops, this voucher can't be redeemed. Please try again with another promotion."" and error to rate. The voucher can be use but it doesn't let me, please fix this.. Update: it finally work😂🎉",dont know cant rate purchase item without saying oops voucher cant redeemed try another promotion error rate voucher doesnt let fix update finally work,5,positive,2026-06-17 11:17:43,24
3d121b34-525c-4d04-8ecc-439ae8b19c53,This is a very bad experience with shopee Premier customer service that wasted me more 5 days time but yet to cancel my Spay later subscription.,bad experience premier customer service wasted day time yet cancel spay later subscription,1,negative,2026-06-17 10:35:09,13
ac0e8ec0-c575-41a4-8d16-65001b840a23,"Shopee makes online shopping enjoyable with its userfriendly interface, competitive prices, and frequent promotions. It is a reliable platform for everyday purchases.",make online shopping enjoyable userfriendly interface competitive price frequent promotion reliable platform everyday purchase,5,positive,2026-06-17 10:03:30,14
27803698-def6-4c7d-8ae8-1fc635182961,it's ok but vouchers for new users sometimes cannot be claimed,voucher new user sometimes claimed,3,neutral,2026-06-17 09:37:32,5
affc91c9-13e0-45a5-ae17-65d9eb563d86,very good and trusted platform,good trusted platform,5,positive,2026-06-17 08:04:42,3
05e0b6ed-631f-4c4e-959c-869a0014e69c,good apps to buy things,good apps buy thing,5,positive,2026-06-17 07:49:23,4
3edfa507-b05a-4ed2-8cdd-f2c1af422749,very good item and easy to find anything i need it,good item easy find anything need,5,positive,2026-06-17 07:02:47,6
5544dafd-5f51-491e-b474-f7490bb010ee,"Shopee has become my favorite e-commerce app in 2026. It combines unbeatable prices, massive variety, and entertaining features that make shopping feel like a game rather than a chore. Whether I’m looking for fashion, electronics, beauty products, home goods, or groceries, Shopee delivers excitement, deals, and convenience every time.",become favorite ecommerce combine unbeatable price massive variety entertaining feature make shopping feel game rather chore whether looking fashion electronics beauty product home good grocery delivers excitement deal convenience time,5,positive,2026-06-17 06:55:48,30
86aa201f-8093-42fd-892c-87c59c50a025,sanagt best boleh beli barang,sanagt best boleh beli barang,5,positive,2026-06-17 06:24:54,5
7096fc21-6186-44e3-a141-2fd9fe1671af,sangat membantu dlm pembelian,sangat membantu dlm pembelian,5,positive,2026-06-17 06:04:11,4
c4307d4a-8dc9-4365-9c10-5c2631928cb7,"Shopee is my go-to app for hunting down the absolute best deals and cheap daily essentials. The ""Shopee Live"" streams and gamified daily coins keep the app engaging, and the Shopee Guarantee ensures my money is safe until I actually receive the item. The interface can be incredibly loud and full of pop-up ads, but the free shipping vouchers make the chaotic layout worth dealing with.",goto hunting absolute best deal cheap daily essential live stream gamified daily coin keep engaging guarantee ensures money safe actually receive item interface incredibly loud full popup ad free shipping voucher make chaotic layout worth dealing,5,positive,2026-06-17 05:39:30,36
b5e8e2db-ef13-43d9-8e64-1cbe67b6c06f,"I hate the ads, shopee ads was very annoying :( sometime shopee show a bad picture as ads",hate ad ad annoying sometime show bad picture ad,1,negative,2026-06-17 05:29:39,9
4a312957-ec0b-4de4-9865-885795fbf7ff,"Shopee Malaysia is my first choice for online shopping. The Ul is very convenient and user-friendly, it offers a wide range of products at competitive prices. I can easily find almost everything I need in one place. The shopping experiences are great, the app frequently has discounts, vouchers, and free shipping deals. I also like the secure payment options and fast delivery service in most cases.",malaysia first choice online shopping convenient userfriendly offer wide range product competitive price easily find almost everything need place shopping experience great frequently discount voucher free shipping deal secure payment option fast delivery service case,5,positive,2026-06-17 04:53:18,35
c152448c-0648-4ca5-a678-7f213dd576f7,lurve the service for shipping and the quality of the items i boughtt,lurve service shipping quality item boughtt,5,positive,2026-06-17 03:58:49,6
5d971cbd-a926-4b66-9c83-1e2c22cfc198,very good idea ships fast and great voucher offers,good idea ship fast great voucher offer,4,positive,2026-06-17 03:37:55,7
ce5709cb-c019-494c-a5f6-e5977cf28606,everything is fine but i already buy my bill with spay later but it still keep saying upcoming bill to buy but i already buy it and it already cut my money from my spay later. need to improve the spay later problem,everything fine already buy bill spay later keep saying upcoming bill buy already buy already cut money spay later need improve spay later problem,2,negative,2026-06-17 03:25:43,24
0b3c8f6a-ce02-495e-81ba-9f6cefb2244d,"telampau banyak betul iklan dia di app lain, kalau tetekan skit tb tb temasuk shoppe, kdng kdng ndd tetekan pun tb tb masuk shoppe. Telampaula jg marketing kau",telampau banyak betul iklan dia lain kalau tetekan skit temasuk shoppe kdng kdng ndd tetekan pun masuk shoppe telampaula marketing kau,1,negative,2026-06-17 01:38:18,21
339c3c91-9649-45d0-8025-6761b312346d,The best time to buy item's,best time buy item,5,positive,2026-06-17 01:18:36,4
bc861f40-a302-4554-a593-f27a98c3f9bc,so far I using shoppe to buy things is good.Responsive and fast delivery.,far shoppe buy thing goodresponsive fast delivery,5,positive,2026-06-17 00:27:04,7
9c22c9a9-d546-4a0d-ad5c-b51d921776b5,memang nice. cepat habis duit,memang nice cepat habis duit,5,positive,2026-06-17 00:20:40,5
470432cf-0d80-44f5-bf2a-b938311828ff,your auto turn down the volume make me couldn't listen a single thing about what's you are selling. it totally muted.,auto turn volume make couldnt listen single thing whats selling totally muted,1,negative,2026-06-16 18:23:40,12
67592dba-8c79-4282-b5f5-f65569a9b7c8,buat iklan tu bagus2 lah bodo,buat iklan bagus lah bodo,1,negative,2026-06-16 17:08:54,5
2a9ffd1d-6ac5-4bf2-97b5-2408385063d3,"This app is super annoying to use now. Every time I open it, it starts with the ""Live & Video"" section. Even if you have left from Home section . What's the point of forcing customers to watch a live channel? And there is no option to turn it off. Hey, shopee. Don't reply saying you want to know more. Because you're not going to help.. already complain so many time but shopee still don't want to solve it. and still force me to live video channel",super annoying time open start live video section left home section whats point forcing customer watch live channel option turn hey dont reply saying want know youre going help already complain time dont want solve force live video channel,1,negative,2026-06-16 16:26:41,39
3f67b5c5-5b4d-4671-88bb-8c008e4c5b16,"not a fan of the app starting in [live & video] section rather than the [home] section, and the fact this setting could not be changed by the user.",fan starting live video section rather home section fact setting changed user,2,negative,2026-06-16 13:50:32,12
959009a9-2af2-4ff4-bcca-fb35f70bb3a6,Aduam yg dikemukan pada pihak shopee perihal penjual yg berdaftar pada mereka amat mengecewakan,aduam dikemukan pada pihak perihal penjual berdaftar pada mereka amat mengecewakan,1,negative,2026-06-16 13:34:17,11
5c06fc26-863e-4c3d-a985-4b91729407b7,Once u watch one live video. It will load every time start App.how uninstall and install to get back to normal. Very annoying app sometime,watch live video load time start apphow uninstall install back normal annoying sometime,1,negative,2026-06-16 13:10:32,13
e52f817e-5369-4f82-ba51-73d3c833eeaa,fast deliver for onlime shopping!,fast deliver onlime shopping,5,positive,2026-06-16 12:58:47,4
6f86a492-ed7b-4f9a-86f8-c2407180ef28,"Smooth, reliable, and user‑friendly. The app runs fast, has a clean design, and makes everyday tasks easier. Shopee is highly recommended!",smooth reliable userfriendly run fast clean design make everyday task easier highly recommended,5,positive,2026-06-16 12:54:43,13
d47ac4df-086b-4e0d-bb63-632713c80a17,Perhidmatan terbaik berbanding disebelah,perhidmatan terbaik berbanding disebelah,5,positive,2026-06-16 12:27:20,4
9cd92487-6b3e-49b3-9d22-c98f6812bfc5,Best prices for online shopping. Fast delivery and free shipping. Excellent local deals and fun interactive features. The platform makes tracking orders and claiming vouchers highly rewarding.,best price online shopping fast delivery free shipping excellent local deal fun interactive feature platform make tracking order claiming voucher highly rewarding,5,positive,2026-06-16 11:55:24,22
6e7c7e8f-0340-46c7-8562-f9c981ade106,tambah baik polisi penghantaran. amat mengecewakan.,tambah baik polisi penghantaran amat mengecewakan,1,negative,2026-06-16 11:52:16,6
8150e8ed-afa5-4816-b2ff-ad2f87d02db8,"A highly responsible e-commerce platform that supports the buyers' needs in terms of logistics, products quality and by making sure every dollar spent is justified. THANK YOU Shoppe!",highly responsible ecommerce platform support buyer need term logistics product quality making sure dollar spent justified thank shoppe,5,positive,2026-06-16 11:28:20,18
ff916859-2ed6-4db7-8328-8acc35cb5ebb,"The Internet call option is now gone & the only way to seek customer support is via the chat. I have been facing a refund issue for 3 weeks now. Every time when I seek help, the CS will create a new ticket & every time the ticket gets closed by Shopee team without any resolution and contact from anyone. I am on my 4th ticket now, feeling stuck & scammed. Waiting for the bot's outdated script to ask us to contact Shopee help via the chat or Internet call option, which is long GONE.",internet call option gone way seek customer support via chat facing refund issue week time seek help create new ticket time ticket get closed team without resolution contact anyone ticket feeling stuck scammed waiting bot outdated script ask contact help via chat internet call option long gone,1,negative,2026-06-16 11:25:44,47
a0ea7410-6a03-4868-8dd3-221ec642678f,"Shopee bapak sial,tk habis2 dgn iklan dia tu",bapak sialtk habis dgn iklan dia,1,negative,2026-06-16 11:22:13,6
5cd93dc5-3bdb-42cb-8755-0c4d1e4ec8a4,"Good platform with many products, great deals, and convenient payment options.",good platform product great deal convenient payment option,5,positive,2026-06-16 11:15:46,8
7bf7167a-60ba-49b8-a0c4-e226cc11b0fb,Malaysia good shoping app shopee,malaysia good shoping,5,positive,2026-06-16 11:09:18,3
3e78b6d7-b44d-45e6-ac23-eaaab0e7d785,very bad suddenly block me don't download for free,bad suddenly block dont download free,1,negative,2026-06-16 10:26:02,6
48aafae7-f541-43e9-8628-1248d436ae8b,I like it because it makes it easier for me to buy the things I want to buy,make easier buy thing want buy,5,positive,2026-06-16 10:16:44,6
c02b7d6c-67da-4c57-a594-ce172028da00,"don't expect the expected delivery date to arrive exactly on the date stated its a lie, a scam if I must say, I trusted too much on it but at last I was utterly disappointed because of given false hope that it will arrive on that date, 10/10 don't recommend it if hoping the arrival of items to be consistently on time",dont expect expected delivery date arrive exactly date stated lie scam must say trusted last utterly disappointed given false hope arrive date dont recommend hoping arrival item consistently time,1,negative,2026-06-16 10:06:36,29
b963e6ca-4248-416c-bddc-6708e1d8a9f3,almost 6 year use Shopee as platform search item and compare goods or items need,almost year platform search item compare good item need,5,positive,2026-06-16 08:48:03,9
89c24c77-c22d-4564-86c2-9f61bd1f567d,shopee food problem.. rider call but not pop up on my notification..,food problem rider call pop notification,3,neutral,2026-06-16 08:23:45,6
bc8212f4-d4e8-46eb-abb8-318e9de18a08,Easy to use with many deals and discounts. Shopping is convenient and enjoyable.,easy deal discount shopping convenient enjoyable,5,positive,2026-06-16 06:47:20,6
da79c7ab-f953-4b5f-9703-fb023aa772ee,Has many options and very affordable item here.,option affordable item,5,positive,2026-06-16 06:28:55,3
ac39e24f-12ae-4be9-8bc6-079a2f93a1cd,Very good purchasing platform...👍,good purchasing platform,5,positive,2026-06-16 05:13:38,3
a26d22e0-1959-492a-b31f-54823e5eb76a,Tolong bagi pilihan masuk apps jangan pergi video bole tak? INI bukan TIKTOK!!! Bukak2 apps terus keluar video2 bodoh lepastu sound bug da masuk page lain dia bole bunyi lagi. kalau taknak patch bagi use pilihan untuk TAKNAK ada video dalam apps.,tolong bagi pilihan masuk apps jangan pergi video bole tak ini bukan tiktok bukak apps terus keluar video bodoh lepastu sound bug masuk page lain dia bole bunyi lagi kalau taknak patch bagi pilihan untuk taknak ada video dalam apps,4,positive,2026-06-16 04:43:23,40
becc7e2b-37f6-4d2a-9d4e-37fbb4d827cd,Good choice for shoping.,good choice shoping,5,positive,2026-06-16 03:38:31,3
a774d2d1-e52c-4ef0-8053-e30f752e10ce,there is a bug on the shoppee food section. sorry but it keeps crashing and i keep having to open the app all over again to view items and add items to my cart. managed to ourchase successfully. but it was a process longer than it shiyld have been as i keep having to re open the app.,bug shoppee food section sorry keep crashing keep open view item add item cart managed ourchase successfully process longer shiyld keep open,3,neutral,2026-06-16 03:17:02,22
53b242ab-f05f-467e-b914-8499d073c1bb,thought quite confusing in the beginning but I'm getting the hang of it and beginning to like it more.,thought quite confusing beginning getting hang beginning,5,positive,2026-06-16 02:54:34,7
1f0f5f76-1814-4996-a114-9ee7b0009854,banyak barang murah ya,banyak barang murah,5,positive,2026-06-16 01:51:18,3
a1a1ee27-74f2-4cf6-9bb9-cb8055c65276,easy and frenly user,easy frenly user,4,positive,2026-06-15 23:37:24,3
c9da89d3-5040-4120-99a1-ed0e422647bb,terpantau Iklan susah di skip🧐🧐🧐🧢,terpantau iklan susah skip,1,negative,2026-06-15 23:23:27,4
0f726336-17af-4e68-9497-ca7028875b85,iklan nya MENYUSAHKAN!,iklan nya menyusahkan,1,negative,2026-06-15 22:07:28,3
e25998f3-1af6-4471-bff7-63e1a94d5bb5,"No buyers protection!! They say they have 14 days, but it's a total lie. You will get no help from their agents! Use another platform that has buyers' protection, or you will lose your money like I have! Shopee will protect their scammer sellers.",buyer protection say day total lie help agent another platform buyer protection lose money protect scammer seller,1,negative,2026-06-15 18:05:01,17
716cb12d-a324-47e4-9174-32c815317519,shopping become easy,shopping become easy,5,positive,2026-06-15 17:03:10,3
1ac3da5a-ffcf-4f5a-90e8-4573972b1efe,"Very annoyed where the app starts with video instead of homepage with no options to change. The video will auto play, which eats up data and needs to pause it before browsing items. If you don't, the video will play in the background while browsing the item which is very frustrating!",annoyed start video instead homepage option change video auto play eats data need pause browsing item dont video play background browsing item frustrating,1,negative,2026-06-15 16:06:18,23
8d59aaf2-6796-47b0-9ecf-ccc542c910b0,your ads are the most annoying ads I've ever seen. fix it,ad annoying ad ive ever seen fix,1,negative,2026-06-15 15:57:37,7
32fc27c8-f914-42e8-b5d4-01895a14bbe7,"saya tgh busy bole pulak iklan ni masuk its oky bole tkn x,masaalahnya x pernah lepas.even tak tekan x pon still masuk shopee so annoying laa.iklan shopee problem ke apa ni menyusahkan orang ramai yg masih student hilang kerja saya tau",saya tgh busy bole pulak iklan masuk oky bole tkn xmasaalahnya pernah lepaseven tak tekan pon masuk annoying laaiklan problem apa menyusahkan orang ramai masih student hilang kerja saya tau,1,negative,2026-06-15 14:55:48,30
b4c2930f-9a12-4c59-b15f-c09d2f373b78,It's really force me to download the ads is everywhere.very upset,force download ad everywherevery upset,1,negative,2026-06-15 13:48:57,5
df8683a6-39ce-4cf9-930d-737222519908,Best shopping apps with lots of promotion.,best shopping apps lot promotion,5,positive,2026-06-15 13:12:46,5
e8479a77-aeb5-4819-ace3-196f4ba4f223,tempat shopping online paling best,tempat shopping online paling best,5,positive,2026-06-15 11:48:35,5
bf829ab8-08a9-4d0f-96d1-bc668049f627,"too many ads !! your ads is the most annoying one . i know ur trick with ur fake ""x"" buttons, but when im not even TOUCH my screens when your ads appear, I STILL END UP ENTERING UR APPS. if u still want to make an ads , i suggest u make an ads where people can play a game like puzzle with shopee logo or something instead of video.",ad ad annoying know trick fake button touch screen ad appear end entering apps want make ad suggest make ad people play game puzzle logo something instead video,2,negative,2026-06-15 09:57:00,28
89a44711-6782-4c90-8080-cabbb090a0d7,It good but it don't have touch n go as payment,good dont touch payment,3,neutral,2026-06-15 09:33:51,4
a09a8215-3118-438d-b26a-99d07e4c11cc,jujur amanah tabligh fatonah,jujur amanah tabligh fatonah,5,positive,2026-06-15 09:05:50,4
ed9ed711-035e-4110-a1fe-0e7267062fc6,"Easy to use, lots of products, and great deals. Been using Shopee for a long time and it's always been a convenient shopping app. 👍",easy lot product great deal long time always convenient shopping,5,positive,2026-06-15 08:07:31,10
b3384057-13e1-4f44-8830-29ed47f7e437,"shopee selalu ade baucer, nanti bagi lagi baucer ye, pilihan terbaik untuk membeli, harga pun lebih murah dari tempat lain",selalu ade baucer nanti bagi lagi baucer pilihan terbaik untuk membeli harga pun lebih murah dari tempat lain,5,positive,2026-06-15 08:03:17,18
32273c8d-9427-4b5e-b5e9-27bd97d1cdd2,iklan kau memaksa la gila,iklan kau memaksa gila,1,negative,2026-06-15 07:32:16,4
e1884921-1b83-4e5f-8ed1-0ca8fd8127e4,aplikasi ini bagus untuk berbelanja tetapi ada kekurangan yang tidak pantas ada kekuatan gaib yang membuat searchan saya menjadi xiaomi di Search pertama saya sangat lah terganggu oleh Hal Gaib ini dan mohon pihak shopee dan Singapur untuk membuang Hal gaib ini dan juga aplikasi ini membuat hidup saya senang dan lebih berwarna kerana saya mendapat ps4 dari Nya,aplikasi ini bagus untuk berbelanja tetapi ada kekurangan yang tidak pantas ada kekuatan gaib yang membuat searchan saya menjadi xiaomi search pertama saya sangat lah terganggu oleh hal gaib ini dan mohon pihak dan singapur untuk membuang hal gaib ini dan juga aplikasi ini membuat hidup saya senang dan lebih berwarna kerana saya mendapat dari nya,4,positive,2026-06-15 07:26:27,56
3173a915-0e54-4bb6-8a1a-ddcdfe83e5ae,Remove the Live stream tab as a default tab when opening the application. It is very annoying,remove live stream tab default tab opening application annoying,2,negative,2026-06-15 07:23:56,9
dbebb722-1dbb-4124-8ea3-f436a77d0815,bad experience with large cargo. wonder why they pick BEST cargo when your items will never arrive and no one to attend to your calls. it has been half a month and always out for delivery on the spot but never depart. Shopee must be sleeping,bad experience large cargo wonder pick best cargo item never arrive attend call half month always delivery spot never depart must sleeping,1,negative,2026-06-15 06:50:34,22
616e68bd-ed3c-451a-923e-37193c7f0a41,"mohon maaf ya, kalau bikin iklan itu dikit dikit aja sama jangan maksa buat masuk ke aplikasi lu, ga semua orang liat iklan lu langsung beli, kalo mereka mau beli apa apa mereka buka sendiri aj aplikasi nya, jadi tolong, tombol x pada iklan itu di besarin, sama kalo udh kepencet tombol skip iklan nya jangan langsung masuk ke apl shopee",mohon maaf kalau bikin iklan itu dikit dikit aja sama jangan maksa buat masuk aplikasi semua orang liat iklan langsung beli kalo mereka mau beli apa apa mereka buka sendiri aplikasi nya jadi tolong tombol pada iklan itu besarin sama kalo udh kepencet tombol skip iklan nya jangan langsung masuk apl,1,negative,2026-06-15 06:05:47,51
26d7721b-ce36-451a-bef1-2c6b3c5f34cd,"great, cheap and safe and best.",great cheap safe best,5,positive,2026-06-15 05:57:50,4
b85a99be-bb0a-4304-8e11-8a68b9f36161,"good app but worse ads,ur ads are kinda homeless",good worse adsur ad kinda homeless,1,negative,2026-06-15 04:42:27,6
9c14d12e-50b8-4a6e-ad8b-4a1086a3e7b8,shopee food tak pakai tak elok betul org dah lan nak cepat tak dapat itulah ini lah susah betul nak dapat shopee food,food tak pakai tak elok betul org dah lan nak cepat tak dapat itulah ini lah susah betul nak dapat food,1,negative,2026-06-15 03:53:35,21
0748d16a-6760-4f53-89e1-306ecf838d6d,"The daily coin earnings on Day 7 are always 1 coin. It says it's possible to get 1-1,000 coins, but I always get 1 coin and have never seen anyone else get a different amount.",daily coin earnings day always coin say possible coin always coin never seen anyone else different amount,2,negative,2026-06-15 03:22:33,17
dab808cb-fef9-47d4-9b40-9eee9288a66c,Mudah mencari pelbagai produk dengan harga yang berbeza. Banyak promosi yang menarik.,mudah mencari pelbagai produk dengan harga yang berbeza banyak promosi yang menarik,5,positive,2026-06-15 02:26:07,12
6d1a9b16-6636-4c32-95aa-674e10d95725,"open app always get into useless video and can't stop the music on the background , wasted my Internet bandwidth and slow down the app , worst experience",open always useless video cant stop music background wasted internet bandwidth slow worst experience,1,negative,2026-06-15 02:12:13,14
f47c19fe-d825-436a-b4e7-72eccb7ccbe7,shopee online is my first priority. I am vr satisfied with the service. tq,online first priority satisfied service,5,positive,2026-06-15 01:10:03,5
8860ac3f-6c39-4515-898c-c55afdcb8360,your ads always disturbing,ad always disturbing,1,negative,2026-06-15 01:02:29,3
46943b9a-f10d-4c54-8406-9a1b8dc7a960,"Shopee penipu, bila beri barang di shopee suruh nilai, nanti dapat 20 coin, tapi bila nilai dapat 5coin je 😡.",penipu bila beri barang suruh nilai nanti dapat coin tapi bila nilai dapat coin,5,positive,2026-06-15 00:51:48,14
12fb062a-08db-4690-8760-7a37444e2d9b,trusted & reliable .. user friendly webstore,trusted reliable user friendly webstore,5,positive,2026-06-15 00:42:17,5
78f63ba4-ecf6-4cf9-a436-fe03a11ed1c1,buat MASA nie 5 star,buat masa nie star,5,positive,2026-06-14 23:33:47,4
79a08add-7943-478b-849a-b6ed39155333,"Good app but the BIG MASSIVE problem is, too many ads everywhere... Shopee already popular enough, but their ads is more desperate than some small company that seeking for newbies... For the sake of God please stop spamming ads everywhere, Spamming Vs Skill still skill win",good big massive problem ad everywhere already popular enough ad desperate small company seeking newbie sake god stop spamming ad everywhere spamming skill skill win,1,negative,2026-06-14 19:04:57,25
72ac7308-6dd2-48d5-b27d-a6f1c9f20a4f,Good app ez to check out and oder food,good check oder food,5,positive,2026-06-14 17:23:16,4
96551512-6905-4f5c-80ee-1b5a233d7b95,x leh bg full sbb pyh benar nk dpt coin bila review dk ckp repeated word n symbol la penat edit dh woii ngek la sopee menyampah btul,leh full sbb pyh benar dpt coin bila review ckp repeated word symbol penat edit woii ngek sopee menyampah btul,4,positive,2026-06-14 14:52:40,20
6b26936b-b7c7-493f-ab31-cea51eb523db,aq benci Dia punya iklan setiap tngk drma main game kluar iklan hanam ni,benci dia punya iklan setiap tngk drma main game kluar iklan hanam,1,negative,2026-06-14 14:47:12,12
bf99f3b4-a106-4f45-a284-bbf2c16ee3bf,"good, always get discounts and vouchers are highly recommended",good always discount voucher highly recommended,5,positive,2026-06-14 14:37:32,6
538a61fd-475d-469d-b06d-e6eeb5a45c70,"The user experience on this app has completely tanked due to zero moderation! First, the app is flooded with creepy, distorted AI videos that look like absolute garbage. Shopee needs to step in and delete these nightmare-fuel animations immediately. ​Second, there is a massive bait-and-switch issue where the promo video shows a completely different item than the actual product tagged in the listing. Fix the app so sellers can no longer tag unrelated items to their videos! Do some actual QA!",user experience completely tanked due zero moderation first flooded creepy distorted video look absolute garbage need step delete nightmarefuel animation immediately second massive baitandswitch issue promo video show completely different item actual product tagged listing fix seller longer tag unrelated item video actual,1,negative,2026-06-14 14:32:58,43
d88ed01c-746b-43fe-975c-ba7623f8eb11,lain kali iklan tu buat elok elok ini tak tekan button x tiba tiba masuk Chrome orang tengah main game best best terkeluar dari game tapi brng shopee berkualiti just iklan yang tak berkualiti,lain kali iklan buat elok elok ini tak tekan button tiba tiba masuk chrome orang tengah main game best best terkeluar dari game tapi brng berkualiti iklan yang tak berkualiti,3,neutral,2026-06-14 14:25:37,30
77ecc33e-29dc-4def-b6d3-5acb7e0803ce,Easy to order our items...,easy order item,5,positive,2026-06-14 14:21:47,3
61c1fac1-81e2-4b77-aaa0-194b38935eaa,shopee is my most favourite app to shop ever since i downloaded it . Believe me when i said i scrolles through Shopee every single day even when I have nothing to buy in mind. The cheaper price compared to others and the free shipping voucher is hard for me to resist.,favourite shop ever since downloaded believe said scrolles single day nothing buy mind cheaper price compared others free shipping voucher hard resist,5,positive,2026-06-14 13:57:38,22
871906ff-357e-4eb7-be32-466e6966da09,Kali ni puas hati..bnyk post free..terbaik,kali puas hatibnyk post freeterbaik,5,positive,2026-06-14 13:42:32,5
635368a3-e7f1-489a-87d6-b6ebb0c985b3,its really helpful ..so happy fr that thank you shopee😍😍😍😍,helpful happy thank,5,positive,2026-06-14 13:10:28,3
360c9ee2-f667-4aa4-b25a-92443bcc282c,Kerap Ada Promotion. Terbaik,kerap ada promotion terbaik,5,positive,2026-06-14 13:07:29,4
d6613a71-ed3f-4eb7-b499-faef13998256,"This app allows misleading and deceptive advertisements, including AI-generated hoax videos that falsely demonstrate product capabilities. Many ads show unrealistic functions that the actual products cannot perform. This is highly misleading to users and damages trust in the platform. Advertisers should be required to use accurate demonstrations of real product functions. Allowing fake AI-generated ads without proper verification is unacceptable.",allows misleading deceptive advertisement including aigenerated hoax video falsely demonstrate product capability ad show unrealistic function actual product perform highly misleading user damage trust platform advertiser required accurate demonstration real product function allowing fake aigenerated ad without proper verification unacceptable,1,negative,2026-06-14 12:35:06,40
b0dbf697-ac79-48c6-8402-7d8fe2ef4a00,Bad app rate no get any coins more then 3 times I rate no get any coins at all,bad rate coin time rate coin,1,negative,2026-06-14 11:44:21,6
4607a84b-4564-4eda-ac81-97465d9e7c94,"Why each time , we sent purchased items review with video and photo and added feedback text as if doing so point will be added ... So far as i did per instruction but NO point were added ?",time sent purchased item review video photo added feedback text point added far per instruction point added,5,positive,2026-06-14 11:31:45,17
cee6b502-c2d3-45bc-996b-e8f8201cfac3,"Had been a loyal user to Shopee, ignoring platforms like Taobao and Lazada. Not sure what happened (proly under pressure of the uprising Pinduoduo), Shopee chose to worsen their users retention by banning long-time users and I am one of them. They banned & told me I've used the voucher in a way that broke their platform guidelines - except the twist is I'm using the vouchers Shopee provided. How can I break the rules by using their vouchers?? Worse, I paid VIP to get those vouchers! Ridiculous",loyal user ignoring platform taobao lazada sure happened proly pressure uprising pinduoduo chose worsen user retention banning longtime user banned told ive voucher way broke platform guideline except twist voucher provided break rule voucher worse paid vip voucher ridiculous,1,negative,2026-06-14 11:07:38,39
3bf1ac20-00f5-4f13-8741-8ba965dee38a,proses pembelian lebih lancar utk setiap individu,prose pembelian lebih lancar utk setiap individu,5,positive,2026-06-14 11:02:06,7
b6deea03-fc6d-4e45-aad4-60aaa0141146,very reliable and on time delivery,reliable time delivery,5,positive,2026-06-14 10:43:52,3
16fcc094-ff42-46f5-afd5-f9b1a447fa00,"I recently used Shopee and had a pleasant shopping experience overall. The app is easy to use, with plenty of product choices and attractive discounts. I especially like the vouchers and free shipping offers, which help save money. The checkout process was simple, and my parcel arrived in good condition and on time. Overall, it’s a convenient platform for online shopping.",recently pleasant shopping experience overall easy plenty product choice attractive discount especially voucher free shipping offer help save money checkout process simple parcel arrived good condition time overall convenient platform online shopping,5,positive,2026-06-14 10:05:36,32
e04b638b-8b95-4866-afbe-2c12290e8556,"Terrible system. I received a counterfeit product and asked for a refund. Shopee took six days to review it instead of two (two is what the system promised). Then, they told me to return the item to China within three days, but never gave me the address. There is no time left to get the address. Never mind the money—I'm uninstalling this app. It's just full of cheap, not very authentic China products. Please double check when you buy.",terrible system received counterfeit product asked refund took six day review instead two two system promised told return item china within three day never gave address time left address never mind moneyim uninstalling full cheap authentic china product double check buy,1,negative,2026-06-14 09:09:20,41
9d3c380b-322f-4d63-bf50-01626bd6997a,"I don't know what's in dev mind. STOP forcing me watching videos on starting app! I will watch when i want! and please fix this bug where when i click back button, it exit the app. back means back to previous page, not exit from app😑",dont know whats dev mind stop forcing watching video starting watch want fix bug click back button exit back mean back previous page exit,1,negative,2026-06-14 07:06:18,24
1e4f84f9-1b5a-44af-b647-45743c730a2b,"bagaimana saya hendak mengaktifkan spaylater motorcycle?, saya amat berminat .",bagaimana saya hendak mengaktifkan spaylater motorcycle saya amat berminat,5,positive,2026-06-14 06:53:42,9
ca8d3850-c791-40ff-b1db-f8c16a956bf8,"this apps is good, but can be improved further, in my experience the promised vouchers don't always appear when we want to make payment, we need to search back somewhere to tick the vouchers, many times if I didn't check back the price at the checkout page I would have missed the vouchers.",apps good improved experience promised voucher dont always appear want make payment need search back somewhere tick voucher time didnt check back price checkout page missed voucher,4,positive,2026-06-14 06:28:27,27
175e9fd9-5d3a-456b-8861-cb69f196f33c,nk buat payment sopeepay hang molekkk,buat payment sopeepay hang molekkk,2,negative,2026-06-14 05:33:40,5
d6002f27-280b-4b64-b193-55a337772c3a,Boleh dipercayai menerusi penjual²nya,boleh dipercayai menerusi penjualnya,5,positive,2026-06-14 05:12:03,4
d30bbd79-848c-4e0f-93a7-9d420dc67fb1,"BAUCAR TDK DPAT GUNA, sgt mnykitkn hti.",baucar tdk dpat guna sgt mnykitkn hti,1,negative,2026-06-14 04:57:29,7
a9abe1ac-90bd-4296-8872-bbdbbd28f0f6,love the new update where shopee constantly notify us ( affiliate ) regarding item commission expired and suggest product replacement where the commission is available. Please continue don't remove this features as it really help us ( affiliate ) a lot,love new update constantly notify affiliate regarding item commission expired suggest product replacement commission available continue dont remove feature help affiliate lot,5,positive,2026-06-14 04:24:50,22
cc617232-bf46-4088-a295-d42d39f600f3,mantap jiwa terbaik dan sangat2 memuaskan very2 recommended,mantap jiwa terbaik dan sangat memuaskan recommended,5,positive,2026-06-14 04:11:52,7
636f8030-e2c1-4318-ace1-454a47d34229,Often happens lagging. Grab coins get stuck always.,often happens lagging grab coin stuck always,4,positive,2026-06-14 03:20:55,7
7dae1a2b-143d-40c4-9941-5700b9a2389c,So far so good...make my life easy without go out for shopping...thank you SHOPEE...,far goodmake life easy without shoppingthank,5,positive,2026-06-14 02:20:08,6
c48db1f4-d68b-4ec8-b48b-a1e0887a3e20,"teruknya app apa takthuler ,tetiba ban org ,padahal tengah beli barang , baik padam je app ni ,tak berguna langsung",teruknya apa takthuler tetiba ban org padahal tengah beli barang baik padam tak berguna langsung,1,negative,2026-06-14 02:11:29,15
8c54b644-b877-4c7f-bc0b-1072558ff861,barang harga murah Dan Spay later mudah d guna kan,barang harga murah dan spay later mudah guna kan,5,positive,2026-06-14 01:19:21,9
a5accf2f-2b4f-4726-930b-732f44cd8707,can't buy things,cant buy thing,1,negative,2026-06-14 01:13:27,3
94ff5566-5726-42ff-a6e0-070e2d872484,Well informed during live session,informed live session,5,positive,2026-06-13 18:11:28,3
1ea4fa6d-834b-40b8-9302-690ae050a1f3,"I paid RM200+ for a same day delivery product. The item is packed but never shipped out even after 4 days. The system says the order will automatically cancelled but it never did. I request to cancel it myself, instantly get rejected. I file a complain to customer service and the agent straight away marked my complain as ""resolved"", without actually doing anything. Until today the parcel is still not shipped out and I never get a refund. I made a report to KPDNKK and let's see.",paid day delivery product item packed never shipped day system say order automatically cancelled never request cancel instantly rejected file complain customer service agent straight away marked complain resolved without actually anything today parcel shipped never refund made report kpdnkk let see,1,negative,2026-06-13 14:04:22,42
69003bc9-7abf-4fb8-a21a-3318f078e7ab,"I don't like that I can't turn off the indecent ""Discover Video"" section on the home page.",dont cant turn indecent discover video section home page,1,negative,2026-06-13 13:21:31,9
55e968f9-94ca-4fc6-8513-1c8ff05a6d32,"please shopee, if i go to shopee paylater, it said that something is wrong and bring me back to home page. How can i pay my spaylater if i cannot enter the spaylater??? please fix it ASAP!!! Why you guy not fix the problem yet??? The shipping so late, and the live agent keep telling the same answer... my rating will not go higher than this if you dont fix this prolem.. until now, the spaylater also the same, i cannot pay peacefully!!!",paylater said something wrong bring back home page pay spaylater enter spaylater fix asap guy fix problem yet shipping late live agent keep telling answer rating higher dont fix prolem spaylater pay peacefully,1,negative,2026-06-13 12:29:21,33
f6efc2d4-4f66-479b-b30f-4ab45e5edfed,apps dah semakin baik. user friendly sangat.,apps dah semakin baik user friendly sangat,5,positive,2026-06-13 11:11:09,7
ee6048c1-cc23-4271-b01c-5fd4d5b47e02,The service is satisfactory and meets current tastes.,service satisfactory meet current taste,5,positive,2026-06-13 11:08:45,5
3013bc40-d319-4116-8f0a-3d4301c9e42b,"easy to buy anything, I've been using this app for 4 years and the UI and overall experience doesn't change at all,it's still the same and I like it🤩",easy buy anything ive year overall experience doesnt change allits,5,positive,2026-06-13 10:58:33,10
8cb0c528-0116-45f3-acd0-be8c04ae878a,hmm ads so annoy..high prices ..btw . Subhanallah.. appreciate it thankfully kindness good human..have a good Life 🥰,hmm ad annoyhigh price btw subhanallah appreciate thankfully kindness good humanhave good life,5,positive,2026-06-13 10:28:35,13
073b1517-18e5-488d-b58e-3ba98dde8bf2,"Similar Product Review is a scam, ShopeeFood stackable voucher is another new scam",similar product review scam shopeefood stackable voucher another new scam,1,negative,2026-06-13 10:14:31,10
cedebc1a-65c2-4da8-bbfc-95ac405690cd,good service and marketing😁😄,good service marketing,5,positive,2026-06-13 09:25:27,3
500cea93-6015-4a4e-9c3c-ad8b9759e43d,the best apps and shopping,best apps shopping,5,positive,2026-06-13 08:50:57,3
d1e95cf3-b81e-460a-a50f-73bf835e00d9,"Dear Business Unit and Devs, It is extremely frustrating that the live videos or videos needs to be paused everytime loging in the app and unable to mute. 1.AutoPlay settings is totally removed 2.Mute button on video removed. For quick purchase during in public or while in office is not as convenient as it used to be. kindly consider a solution on this, thank you.",dear business unit devs extremely frustrating live video video need paused everytime loging unable mute autoplay setting totally removed mute button video removed quick purchase public office convenient kindly consider solution thank,3,neutral,2026-06-13 07:59:48,32
15de185f-4caf-4f3e-b0fe-d5cb83573678,ay app is very good but i only hate that i can't buy anything on shopee and when i use another apps there's still shopee ads i hate it and only shopee ads instead others ads😭💔🥀 my name is chungus the keye🥶🐐,good hate cant buy anything another apps there ad hate ad instead others ad name chungus keye,1,negative,2026-06-13 07:27:04,17
0e490322-1299-480e-ab8f-743c8c344d37,terrbaieekkk.. mudah.. cepat.. terkini,terrbaieekkk mudah cepat terkini,5,positive,2026-06-13 06:38:07,4
201c4aa7-896d-4ba1-a64f-1ee3221b56fc,"iklan banyak tambah lagi pangkah 3 kali lepastu pangkah kali ke tiga tulis get ,kalau ye pun pangkah 1,2 takyah lah tekan masuk app shopee yang ke 3 tu baru masuk dahlah iklan belambak ,serabut je",iklan banyak tambah lagi pangkah kali lepastu pangkah kali tiga tulis kalau pun pangkah takyah lah tekan masuk yang baru masuk dahlah iklan belambak serabut,1,negative,2026-06-13 06:02:31,25
a0d70233-f1b5-4bd8-85b3-f4c0a46b5565,"Sy suka beli kat platform shopee ni..barang berkualiti,harga berpatutan..dpt diskaun berbaloi sangat.. recommend shopee",suka beli kat platform nibarang berkualitiharga berpatutandpt diskaun berbaloi sangat recommend,5,positive,2026-06-13 05:28:40,11
a94b2c97-94eb-4bd7-881f-f22a526cd317,Very convenient online business & shopping option.,convenient online business shopping option,5,positive,2026-06-13 05:20:25,5
42f08e9a-cbee-48d8-b0ad-ece1a5b267af,This interesting app that i always use to buy the item,interesting always buy item,5,positive,2026-06-13 03:44:22,4
204ded91-6844-44c8-975e-ed92ab0da768,"Live videos have become increasingly annoying as they appear immediately upon launching the app. AI‑generated videos are getting out of hand, and product videos often don’t match the actual items.",live video become increasingly annoying appear immediately upon launching aigenerated video getting hand product video often dont match actual item,2,negative,2026-06-13 03:29:17,20
cdefda75-b0cd-4ef8-88f7-f6f5f3d78210,the self collect centre is so stupid,self collect centre stupid,3,neutral,2026-06-13 03:01:41,4
b30302d9-73a9-419b-babe-50e93a86fd2b,"Cannot use shopee pay on promotion day, then for what we topup shopee pay if cannot use it? Lost our voucher because of this issue. plus certain agent cs shopee sangat tak profesional",pay promotion day topup pay lost voucher issue plus certain agent sangat tak profesional,1,negative,2026-06-13 02:17:04,14
8ab999bd-db63-4a65-85bb-ef99e5aaf2d8,Been using shopee for years and it serve the purpose,year serve purpose,5,positive,2026-06-13 02:00:55,3
48fd215e-0745-4110-a307-087c0f72c879,"Cuz every second i try to read on Wattpad or open another app—this freakin 'Shopee' always pop out and its annoy me to the core!!! It's get to the point that i think i should just email them to stop advertising using that way. I mean i will still use you but if this keep on happening— it's giving ""toxic boyfriend"" vibes.",cuz second try read wattpad open another appthis freakin always pop annoy core point think email stop advertising way mean keep happening giving toxic boyfriend vibe,1,negative,2026-06-13 00:58:53,26
f14014db-25aa-40d8-a0cc-9184a4eef587,My favorite e-commerce platform & place to shop. The Best.,favorite ecommerce platform place shop best,5,positive,2026-06-12 21:53:19,6
e46a6d6f-81b1-406b-8c84-e3d415adfe29,"Shopee is and will always be my go to when I want to buy anything and everything I prefer at an affordable price, fast delivery by just staying home. Thank you Shopee.",always want buy anything everything prefer affordable price fast delivery staying home thank,5,positive,2026-06-12 18:16:50,13
ad775bf1-b1cc-4e2e-8ce8-268fcc95a3f8,"great app, I've got so many free item😆🤣",great ive got free item,5,positive,2026-06-12 17:25:32,5
20613bf2-c607-4c8f-a58b-5c93070bb820,"shopee my mmg ok, tapi limit mmg x z cukup",mmg tapi limit mmg cukup,4,positive,2026-06-12 17:18:47,5
8877f3c1-4f02-4684-b548-d7837077e75e,"shopee ada games pop bubbles to win coins, untuk game ni rasa setahun 2 baru daoat sekali redeem coinsnya tu pun untuk 1 coin berapa ratus je diamond tolak (sekali je redeem).. habistu yang beribu tu simpan untuk 2 ke 4 ke 6 ke 8 tahun lagi ke? please up to date semua games make sense sikit pleassee",ada game pop bubble win coin untuk game rasa setahun baru daoat sekali redeem coinsnya pun untuk coin berapa ratus diamond tolak sekali redeem habistu yang beribu simpan untuk tahun lagi date semua game make sense sikit pleassee,1,negative,2026-06-12 16:19:31,38
e5b82902-43ba-4b36-9a8d-b12023866d6e,why does this app keep forcing me to open it!?.. even though im playing games or doing work.. it keep forcing me to open it!,keep forcing open though playing game work keep forcing open,1,negative,2026-06-12 15:56:35,10
cb31a10f-99d9-47a1-a3eb-8f183bcc5523,"just ew . everytime i go to any website or apps , shopee ads is everywhere . and im so annoying with that bruh . ew",everytime website apps ad everywhere annoying bruh,1,negative,2026-06-12 15:14:57,7
1e000108-4a4d-4cdb-9817-6db076b18b64,I'll actually give this app extra 999 aura lol,ill actually give extra aura lol,5,positive,2026-06-12 15:12:46,6
47755998-f049-4b42-878d-a9f8abf2dd59,"Many sell non-original items, for example electronic brands such as Makita, Bosch and others.",sell nonoriginal item example electronic brand makita bosch others,1,negative,2026-06-12 15:11:52,9
d9feda77-3535-461c-ba63-4a509611bdef,hi so pls stop putting ur ads on unescecary places. its getting irritating,pls stop putting ad unescecary place getting irritating,3,neutral,2026-06-12 14:05:20,8
d7b184f0-cf06-40d9-9309-782970d1befe,Pleasant every step of the way. Enjoy using it every time. Still the best online shopping experience. I love this better than Tiktok.,pleasant step way enjoy time best online shopping experience love better tiktok,5,positive,2026-06-12 13:51:57,12
c6150c85-6684-48c5-8af5-3e277687d64a,lovee sgt !! byk voucher sumpah membantu student yg nk beli brg 🫶🏻 shopeefood pun murah sgt byk potongan hargaa mak lurvee !!,lovee sgt byk voucher sumpah membantu student beli brg shopeefood pun murah sgt byk potongan hargaa mak lurvee,5,positive,2026-06-12 13:15:17,18
e5a5ac40-ced5-4b2e-bb13-a350488f4974,I do hope shopee will have better improvement on time shipping and free shipping matters.,hope better improvement time shipping free shipping matter,4,positive,2026-06-12 13:03:29,8
511ef0ad-68d4-4afe-bb3d-0bedbe5f4bff,Bad signal performance.. slow.. when enter to cheak my order.. its only show white screen.,bad signal performance slow enter cheak order show white screen,5,positive,2026-06-12 12:46:47,10
1356c94b-417c-4a5a-97ce-80c191edd721,"Shopee semakin tamak & kedekut. Dulu boleh kumpul daily check in coin & ""tap"", then after checked in for 6 consecutive days, dapat 11 coins on the 7th day. now dapat 1 coin or dapat voucher tak guna. Dulu when we do purchase review boleh dapat 10 coins. sekarang 5 jer. dulu coins boleh simpan lama. now ade expiry! dulu rajin scroll shopee just to kumpul the coins and most of the time i ended up shopping! sekarang malas nk scroll dah. dulu setia with shopee now dah banyak alternative lain. bye!",semakin tamak kedekut dulu boleh kumpul daily check coin tap checked consecutive day dapat coin day dapat coin dapat voucher tak guna dulu purchase review boleh dapat coin sekarang jer dulu coin boleh simpan lama ade expiry dulu rajin scroll kumpul coin time ended shopping sekarang malas scroll dah dulu setia dah banyak alternative lain bye,2,negative,2026-06-12 11:42:47,56
b1e9c5f8-3282-43e3-a15f-fe36a505cf4e,So far so good 👍......suggestion: need to brain storming to improve and choce the great supplier in shopee.,far good suggestion need brain storming improve choce great supplier,5,positive,2026-06-12 11:38:43,10
ac12b1fd-2e5a-4988-b809-26fcae747ed0,online shopping made easy,online shopping made easy,5,positive,2026-06-12 10:50:48,4
058c225e-9abd-44c2-b2a3-d78739e9842c,good apps for shopping,good apps shopping,5,positive,2026-06-12 10:46:24,3
1fd54242-1e01-4085-ae5b-d7f5a83ec61f,"A wide range of products are available on Shopee. Reasonable prices, Fast delivery. Any issues are resolved in good time and amicably",wide range product available reasonable price fast delivery issue resolved good time amicably,5,positive,2026-06-12 10:09:46,13
f40042c5-6c7e-43a9-97c6-a0ad57dd2820,Shoppe terbaik..harap Shoppe terus jaga kebajikan pengguna² shoppe supaya tidak di tipu penjual² yang Scam jual barang D fact atau barang yang tak sama seperti di tunjukan ..,shoppe terbaikharap shoppe terus jaga kebajikan pengguna shoppe supaya tidak tipu penjual yang scam jual barang fact atau barang yang tak sama seperti tunjukan,5,positive,2026-06-12 09:35:43,24
4b84bbb0-d958-441e-96b3-cab591def466,Feeling satisfied with products.Good experience.,feeling satisfied productsgood experience,5,positive,2026-06-12 06:15:15,4
9e68a38a-039b-481c-a9b7-bb9fc92d25bd,makes it easy to communicate. return & refund is easy,make easy communicate return refund easy,5,positive,2026-06-12 05:55:24,6
e2294830-facc-49cb-ae07-eaea74213d28,very good service & receive on time,good service receive time,5,positive,2026-06-12 04:58:51,4
9fc2a796-1b64-40bd-8562-d8ccf3b59984,Very reliable & efficient. Delivery true to the date stated,reliable efficient delivery true date stated,5,positive,2026-06-12 04:43:59,6
fdb8614a-051c-4dc1-aa75-eb4b2d2ce782,"fast delivery, many good buys and value worthy promotions",fast delivery good buy value worthy promotion,5,positive,2026-06-12 04:02:01,7
35b8d842-eb04-4a40-8ad8-aa6173b65208,barang sampai dlm keadaan yg baik .. walaupun murah tp selesa dipakai,barang sampai dlm keadaan baik walaupun murah selesa dipakai,5,positive,2026-06-12 03:57:20,9
e8f42002-8472-4e7e-8d88-88c21e9c3a2c,"verry Good, love it",verry good love,5,positive,2026-06-12 03:44:59,3
9bd7f4fa-9338-49fc-9511-51237defe0bc,"for what I survey and collect feedback from different user, the voucher and coins are limited when you used it long term, they'll ban you from using it, And it gets expensive when you are regular customer or VIPs, for affiliate they will keep ban you for reason of nudity and sexual activity not double checking the content no matter if you have file a report for many times, shopee is going down for sure. and greedy.",survey collect feedback different user voucher coin limited long term theyll ban get expensive regular customer vip affiliate keep ban reason nudity sexual activity double checking content matter file report time going sure greedy,1,negative,2026-06-12 02:52:04,34
dd5ee2ec-23b7-486a-ab58-b80d1e01fc70,A very good place to shop online.,good place shop online,4,positive,2026-06-12 02:16:42,4
5b1f8c19-e998-4306-a9ad-d444fb998bbd,terbaik. banyak Promotion,terbaik banyak promotion,5,positive,2026-06-12 01:57:05,3
85edac5a-0930-40b5-8692-e5083d17cfd9,"prompt delivery, genuine goods, good price for money.",prompt delivery genuine good good price money,5,positive,2026-06-12 01:11:40,7
cde55291-6cb8-457d-a05c-d8d92f0825f8,shopee always my 1st choice to shopping...more cheaper from others...easy to delivery n easy to handle chat...,always choice shoppingmore cheaper otherseasy delivery easy handle chat,5,positive,2026-06-11 23:35:39,9
72784077-cc9f-46e3-acec-ac78fde7189f,"paling terukkk di banding dengan tiktok, sudahlah penghantaran lembab 😡 dari tahun lalu daftar shopee pay sampai sekarang reject bodoh padanlah kalau customer semua larik",paling terukkk banding dengan tiktok sudahlah penghantaran lembab dari tahun lalu daftar pay sampai sekarang reject bodoh padanlah kalau customer semua larik,2,negative,2026-06-11 23:03:12,22
0b9b84ae-5856-4430-bb48-34b344f3030e,Boikot shopee. Beralih ke platform lain. Shopee is scammer.,boikot beralih platform lain scammer,1,negative,2026-06-11 22:39:06,5
5c884bbc-de84-4882-982d-6d05aacf9ea3,Good Service n Fast.. but can still get more higher then this to be_*1st*_shopping app to user choosing..like make a better choice n giving up a litter more coins to everyone funky shopping at the same time.. trust on it. 🌟🌟🌟🌟🌟😎,good service fast higher bestshopping user choosinglike make better choice giving litter coin everyone funky shopping time trust,5,positive,2026-06-11 22:30:42,18
4f2a0445-d4b9-4143-a8eb-0b6d2b57feb5,i had no issue about the app but... the issue is that lately my order is extremely hard to deliver and already delayed like alot... and even customers service doesn't even do much... and no wonder most of my friends didn't like to order something in shopee instead and go to another services because it was faster than this,issue issue lately order extremely hard deliver already delayed alot customer service doesnt wonder friend didnt order something instead another service faster,1,negative,2026-06-11 21:48:41,22
b06495b9-46b0-4a14-8142-00088d080fae,the discover videos only shows big boobies. no new products to attract interest for something new,discover video show big booby new product attract interest something new,1,negative,2026-06-11 18:33:52,11
fb6e3cec-266f-4a24-a055-565a8a25ab71,Make my life easy,make life easy,5,positive,2026-06-11 18:15:09,3
9da2f94e-93a4-4c2b-b335-bfc78282128b,I'm the one who get screwed so many time then I can't get a refund??? your team screw up and somehow it's my fault?? bull,screwed time cant refund team screw somehow fault bull,1,negative,2026-06-11 17:47:21,9
24238c22-faa3-4f72-bce8-e2a3b2124598,Very good in Malaysia shoppe and fast service,good malaysia shoppe fast service,5,positive,2026-06-11 17:39:39,5
ff529fd0-a400-4ef9-9143-ddffa485f47c,everytime when a app shows an ads and its always been shoppe ads and its annoying because everytime i click anywhere the ads i will bring me to shoppe,everytime show ad always shoppe ad annoying everytime click anywhere ad bring shoppe,3,neutral,2026-06-11 17:11:28,13
2ccdde0d-2154-4af0-887f-110898ec8513,"Great shopping app with competitive prices, frequent promotions, and a user-friendly interface. Shopping online has never been easier.",great shopping competitive price frequent promotion userfriendly interface shopping online never easier,5,positive,2026-06-11 16:52:05,12
72e7dcc1-0090-4896-acc4-a0fef88c466c,it's so bad as no one use it adds comming cuz it's bad,bad add comming cuz bad,1,negative,2026-06-11 16:41:24,5
0cee7256-fa2b-40c0-bcee-a58695de70bb,"Its a very convenient app for online shopping. I like how easy it is to search for products, compare options, and read customer reviews. Overall, a great app that I use regularly.",convenient online shopping easy search product compare option read customer review overall great regularly,5,positive,2026-06-11 15:53:41,14
a8efb260-6d14-4faa-b0a0-c3be7ffc36f1,kalau kesal tolong la fix...puluhan Kali install Dan uninstall app shopee kat Huawei Aku hah...dah report kat costumers service harammm langsung 1 hapa tak jadi..app error loading/problem server...malas nak layan cakap la.tak payah la nak menipu PENGGUNA suruh tunggu masa 24jam.1 haram tak jadi apa apa asyik keluar loading error/server problem.Dev shopee buat apa ?menjubo ke apa?...takkan suh tukar telipon baru pulak..?app shopee bermasalah,kalau kesal tolong fixpuluhan kali install dan uninstall kat huawei aku hahdah report kat costumer service harammm langsung hapa tak jadiapp error loadingproblem servermalas nak layan cakap latak payah nak menipu pengguna suruh tunggu masa jam haram tak jadi apa apa asyik keluar loading errorserver problemdev buat apa menjubo apatakkan suh tukar telipon baru pulakapp bermasalah,1,negative,2026-06-11 14:10:14,56
6828fb98-2546-4d3d-abf5-05b6afb180c0,"I often use Shopee because it offers good deals, fast shipping, and an easy-to-use interface.",often offer good deal fast shipping easytouse interface,5,positive,2026-06-11 13:51:46,8
a3267e5f-d028-401c-a71c-8e68a1b121cd,"I enjoy using Shopee because it is very easy to use and convenient. The app is user-friendly and I can quickly search for the items I need. I also like that Shopee allows me to buy products from around the world and giving me more choices at affordable prices. The refund process is simple and smooth whenever there is an issue with an order. Another useful feature is SPayLater, which gives me flexibility when making purchases. Overall, Shopee makes online shopping easy and convenient.",enjoy easy convenient userfriendly quickly search item need allows buy product around world giving choice affordable price refund process simple smooth whenever issue order another useful feature spaylater give flexibility making purchase overall make online shopping easy convenient,5,positive,2026-06-11 13:40:16,38
10d6e99c-8f8f-4d43-9047-f6a6a6db4064,So far all service is good👍👍👍...also seller & courier faster doing a job before shipping.,far service goodalso seller courier faster job shipping,5,positive,2026-06-11 13:24:11,8
a34656b9-9cfc-42ca-bc2a-8aea8dd5ad7f,shopee jom jimat is a scam i purchased it.. suddenly my nearest restaurant out of stock.. then it pick other nearby.. DELIVERY RM11.. Scam idioot shopee,jom jimat scam purchased suddenly nearest restaurant stock pick nearby delivery scam idioot,1,negative,2026-06-11 11:51:13,13
578b9c80-6b6b-42a0-a53a-d53bd71d10a4,"Shopping platform paling user friendly, pilihan paling banyak dan harga terendah.",shopping platform paling user friendly pilihan paling banyak dan harga terendah,5,positive,2026-06-11 10:55:35,11
d5108305-417e-4045-82fb-97af5a75bea1,banyak barang murah,banyak barang murah,5,positive,2026-06-11 10:50:13,3
df2671c3-285c-48c5-b06c-aab1e0dfd870,Please don't promote your advertisement when not needed.,dont promote advertisement needed,1,negative,2026-06-11 09:34:59,4
ec567d69-5baf-43a0-8933-6c7418ad3094,"aku suka Shoping.. Lagi lagi online, Pehh",aku suka shoping lagi lagi online pehh,5,positive,2026-06-11 08:41:15,7
0bfbe909-5507-4650-ab84-ae8464eb4408,"A highly convenient e-commerce platform with great discounts, flash sales, and affordable shipping options.",highly convenient ecommerce platform great discount flash sale affordable shipping option,5,positive,2026-06-11 08:27:41,11
356b5e17-3de8-4453-bfd5-1379f5ff7982,I've been using Shopee for years and had a positive experience. It's a great online shopping platform. It's offer user many vouchers and promotion.,ive year positive experience great online shopping platform offer user voucher promotion,5,positive,2026-06-11 07:53:32,12
1d231220-8fbc-43cb-91d0-0bee2643678e,"Good apps, easy and user friendly",good apps easy user friendly,5,positive,2026-06-11 07:47:37,5
24649245-2b9c-4f8d-9d13-22a312734801,I DONT LIKE SHOPPE BECAUSE THE ADS SHOPEE KEEP APPEARING AT MY GAMES AND IT MAKE MY GAMES RESTART WHEN THE SHOPEE ADS TAKE ME TO THE APPS!!!! THATS SO DISGUSTING,dont shoppe ad keep appearing game make game restart ad take apps thats disgusting,1,negative,2026-06-11 07:32:12,14
35ba4894-941a-463c-8b45-b3c8bba7527a,Very good apps and many utilities that are in the same place.,good apps utility place,5,positive,2026-06-11 07:24:56,4
fc1309fb-04c3-4425-a82a-e2db63507d1c,LAMBAT DAN TAK PERGI KE TEMPAT YANG SEPATUTNYA. SAYA HARAP SHOPEE TUKARKAH KURIER KERANA KURIER SANGAT TERUK DAN BERMASALAH,lambat dan tak pergi tempat yang sepatutnya saya harap tukarkah kurier kerana kurier sangat teruk dan bermasalah,1,negative,2026-06-11 07:05:26,17
575b90a6-8336-485f-a054-41db2a9f3b02,this app slows down my phone e like crazy. its the stupidest app I've ever installed and i hate it.,slows phone crazy stupidest ive ever installed hate,1,negative,2026-06-11 06:55:41,8
5e72e26b-cf0d-4325-9463-c705a1711c36,"I'm not happy with shopee since they change the watch and track coins for 60 minutes into % capped cashback ,i hope shopee should return the watch and track coins for 60 minutes to give % make it cheaper . Secondly the 12:50 pm surprised voucher anger majority customers because always out of stock in 1 second,hope u all give baucer istimewa better than surprised voucher. If u dont return the old way,i wont used shopee anymore!",happy since change watch track coin minute capped cashback hope return watch track coin minute give make cheaper secondly surprised voucher anger majority customer always stock secondhope give baucer istimewa better surprised voucher dont return old wayi wont anymore,1,negative,2026-06-11 06:26:22,39
32fb63bd-930f-4ae2-9c4a-0b154f762692,Shopeefood no need to put the jom rebut deal redeem in the selection if you cannot cover the distance. How would we know the shop is far awayor not. Not to mention the redeem cannot refund. Very disappointed,shopeefood need put jom rebut deal redeem selection cover distance know shop far awayor mention redeem refund disappointed,2,negative,2026-06-11 04:47:08,18
6beb9506-6f6d-4447-b1f9-9a4827ed9029,SEA good produk n jenama terbaekk.. saya puas hati.. Tq Seller..,sea good produk jenama terbaekk saya puas hati seller,5,positive,2026-06-11 04:23:48,9
32830d48-ee42-4765-8e28-6d1ef012311f,"""lagi murah"" can't be use the shocking sale anymore so how is it lagi murah should just rename the voucher to murah sikit jer",lagi murah cant shocking sale anymore lagi murah rename voucher murah sikit jer,2,negative,2026-06-11 03:09:39,13
f0ed5f06-67e1-4f60-b489-91751591093a,"This app has changed how I shop and living on an island it makes my life a lot easier anyway. It is a very safe way to shop, and eventual problems, which are rare, are quickly settled.",changed shop living island make life lot easier anyway safe way shop eventual problem rare quickly settled,5,positive,2026-06-11 02:58:01,17
26f8a6e7-623f-4e2e-b5be-dcc07ba463fc,wow I already withdraw 50 coins from shopee is it real I'm so glad just to know I have the chance to win and collect it thank you shopee 💕💕,wow already withdraw coin real glad know chance win collect thank,5,positive,2026-06-11 02:30:02,11
b8100bdb-6c75-4754-b266-d6b65ff6c56d,Shopee used to be a good app.Their recent changes had a lot of my friends irritated. Have been a long time buyer in a seller account & a good paymaster when it comes to paying b4 account due in spaylater.So later i decided to cancelled my seller acc and download another new acc as a buyer. But they ban me in spaylater saying i am using the same ic.Their customer service which is handle by a filipino doesn't even answer my query about shopeepay address which don't allow editing of address to buy.,good apptheir recent change lot friend irritated long time buyer seller account good paymaster come paying account due spaylaterso later decided cancelled seller acc download another new acc buyer ban spaylater saying ictheir customer service handle filipino doesnt answer query shopeepay address dont allow editing address buy,1,negative,2026-06-11 02:26:38,47
b12c5de6-f525-430b-b4a7-f5d8a1011521,"There's always something exciting in Shopee, however, it would be prudent to double check everything before you hit the order button.",there always something exciting however prudent double check everything hit order button,5,positive,2026-06-11 01:46:39,12
58dbc20b-a045-400b-872e-0f3443c5cbc9,"User-friendly app with competitive prices and a great variety of products. But as the longer I use, the less discount voucher I get from the app system.",userfriendly competitive price great variety product longer less discount voucher system,5,positive,2026-06-11 01:42:15,11
ed2dffa6-5ecd-4b59-91e6-88f06f256a6b,"Almost everything in my though to find, there is always in shopee and its comes with few choices.",almost everything though find always come choice,5,positive,2026-06-11 01:26:10,7
bd5b2b80-9a5d-4507-83e8-0920219d12d0,barang2 berkualiti dan berbaloi.. utk pembelian tgk dulu review customer lain sblm membeli bagi memastikan Pengalaman membeli yg berbaloi,barang berkualiti dan berbaloi utk pembelian tgk dulu review customer lain sblm membeli bagi memastikan pengalaman membeli berbaloi,5,positive,2026-06-11 00:59:59,18
d3797961-3991-496e-a09e-18336bc88b1b,my account restricted many time request but not yet resolve😜,account restricted time request yet resolve,1,negative,2026-06-11 00:35:45,6
75eac4c1-c555-476f-88bb-3b5c4a2e564b,Saya tak mau ad Shopee itu ok🤬🤬🤬,saya tak mau itu,1,negative,2026-06-11 00:33:40,4
dfd4518e-33ec-474d-8ce3-53e0566ff381,"fix your shoppee food, there are no drivers and always cancel my order after 1 hour making me wait for nothing.",fix shoppee food driver always cancel order hour making wait nothing,1,negative,2026-06-11 00:27:51,11
be979eb0-6b2f-4308-aff8-97228d8caa12,Good apps to buy a thing and trusted .. i love use this app because easy to use and have a lot of good quality and price,good apps buy thing trusted love easy lot good quality price,5,positive,2026-06-10 23:47:57,11
393a8283-009e-4b44-907e-755464ebf1bd,sangat berpuas hati. barang yang dibeli sampai pada masanya. kualiti okay,sangat berpuas hati barang yang dibeli sampai pada masanya kualiti okay,5,positive,2026-06-10 20:28:13,11
519ea4d2-5a29-4563-a03c-2556a1dd88b5,"I have purchased items through my Shopee account and I waiting for my parcel and pin number, but today Shopee suddenly banned my account without any reason or evidence. I wanted to create a new account, but Shopee would not allow me to create my new account on my device. From now on, I will put Shopee on my blacklist.",purchased item account waiting parcel pin number today suddenly banned account without reason evidence wanted create new account allow create new account device put blacklist,1,negative,2026-06-10 19:48:38,25
476589be-6f02-4189-8e0a-fc5c0b2ce918,"The worst thing Shopee has done - Turning itself into a soft porn app, recommending nsfw item to male user (not even related to our previous purchase and search history, this was comfirmed by many user globally) - Intrusive pop up games, live, video or whatever it is. - Misleading pricing by making it appear lower price by showing installment price first. - Search results are flooded with endless listings of the same product, leaving very little variety. - Filled with AI SLOP product videos.",worst thing done turning soft porn recommending nsfw item male user related previous purchase search history comfirmed user globally intrusive pop game live video whatever misleading pricing making appear lower price showing installment price first search result flooded endless listing product leaving little variety filled slop product video,1,negative,2026-06-10 19:27:24,48
ed48c7c2-4eb6-4e18-8414-902e36fde8ee,"good for shopping apps, trusted all sellers, all sellers sell products follow experience, you buy products follow more experience ring that, it very smart..",good shopping apps trusted seller seller sell product follow experience buy product follow experience ring smart,5,positive,2026-06-10 19:24:34,16
d5bebf90-3902-4087-a064-a3c257caacd1,i become shopee maniac since long time ago. VVIP user Platinum,become maniac since long time ago vvip user platinum,5,positive,2026-06-10 16:26:14,9
2f440a7a-57ee-4cc8-b540-877ee09a0751,spaylater tukar la tarikh ke 7 hari bulan.. ni letak 5 hari bulan. dah LA gaji 7 haribulan.. nangoi betoi sapa yang Noh tarikh tu.. nak makan duit LA tu.,spaylater tukar tarikh hari bulan letak hari bulan dah gaji haribulan nangoi betoi sapa yang noh tarikh nak makan duit,1,negative,2026-06-10 15:27:16,20
3172977b-7519-45dc-b413-32287bb2b0c7,Live video on startup is so annoying can we please make that an options instead of forcing people to go to live video,live video startup annoying make option instead forcing people live video,1,negative,2026-06-10 14:28:53,11
2f06cc8f-dc70-4dba-b404-7b6460540440,"good, except for the madness events, too many bots competition",good except madness event bot competition,5,positive,2026-06-10 14:18:28,6
dc6d4b0f-3de2-43f4-96b3-840374407d43,"Shopee is excellent for online shopping. The promotions are attractive, checkout is easy, and deliveries are usually fast.",excellent online shopping promotion attractive checkout easy delivery usually fast,5,positive,2026-06-10 14:01:42,10
233f495f-1521-4d6f-a363-9a9bbdd49a8f,"Mudah bersama shopee bnyak kemudahan dengan harga yang berpatutan,recomended...boleh hutang pulak lagi tu haha pandai2 lah ko kambus.",mudah bersama bnyak kemudahan dengan harga yang berpatutanrecomendedboleh hutang pulak lagi haha pandai lah kambus,5,positive,2026-06-10 13:45:27,15
7248e234-c1bb-428c-8c93-65697f4827e3,The worst delivery app.Take too long to load.jamming while loadin.Lag and always late delivery and scams likely.,worst delivery apptake long loadjamming loadinlag always late delivery scam likely,2,negative,2026-06-10 13:14:57,11
b8f6dadd-afa1-44d9-b0a9-7611dba2779e,"Shopee shipping is super slow, customer service was not helpful at all, close my case without solving the problem.",shipping super slow customer service helpful close case without solving problem,1,negative,2026-06-10 13:10:32,11
efa71070-7cfb-4c66-8f89-7cbfe286e925,good experience. like the app n pricing.,good experience pricing,5,positive,2026-06-10 13:08:41,3
807b4ad7-ebe2-42b8-9187-416dc19c58b7,shopee shoping simple buy now pay later buy now pay later dapat gaji pun later,shoping simple buy pay later buy pay later dapat gaji pun later,5,positive,2026-06-10 12:29:07,12
078d8eb3-15ea-4380-a494-a4f3c648fd16,Recommended for the people that like online shopping,recommended people online shopping,5,positive,2026-06-10 12:00:57,4
00f03471-6c1e-432b-8cbb-70e11db607d5,All in one stop center for buying things.,stop center buying thing,5,positive,2026-06-10 11:49:23,4
b8e1bccb-cef1-4f3f-9361-e9e8420f4e23,Petty shopee. Now watched all different 250 live and only get less than 20 coins a day. Wow. Wow. Wow!! How petty!!,petty watched different live less coin day wow wow wow petty,1,negative,2026-06-10 11:41:52,11
681e6588-a64a-4a62-bc16-d9780ddef544,Good shooping place and moderate price and good service from seller,good shooping place moderate price good service seller,5,positive,2026-06-10 11:21:22,8
5f5e9573-713d-43c2-9999-7ff4ac79b955,terbaik...shopee memudahkan muamalat zaman loni.,terbaikshopee memudahkan muamalat zaman loni,5,positive,2026-06-10 11:11:07,5
842bd8ff-aa6c-4031-b346-233874232b68,"One of my favorite shopping apps. Affordable prices, frequent discounts, and easy checkout.",favorite shopping apps affordable price frequent discount easy checkout,5,positive,2026-06-10 10:33:08,9
50cbc376-3566-4008-86b2-9f0865956355,"Shopee makes online shopping so convenient. There are tons of products, good deals, and frequent discounts. I love how easy it is to compare prices and read reviews before buying. The app is user-friendly, and my orders usually arrive without any issues. Definitely one of my favorite shopping apps!",make online shopping convenient ton product good deal frequent discount love easy compare price read review buying userfriendly order usually arrive without issue definitely favorite shopping apps,5,positive,2026-06-10 10:29:22,27
d65e47e3-1fe8-4c1d-9416-5808889f9f34,beli di shoope murah dan berbaloi dapat cleam coins lagi terbaik,beli shoope murah dan berbaloi dapat cleam coin lagi terbaik,5,positive,2026-06-10 10:02:00,10
2b78bacb-f85e-4558-aa96-7d3bfe6426af,"The app is working good. However, the review submission is bad. Follow the conditions to submit the review and never get the 20 cents. From user point of view, this is bad. Don't set the condition when the app has no AI to judge the content",working good however review submission bad follow condition submit review never cent user point view bad dont set condition judge content,1,negative,2026-06-10 09:41:26,21
5dfd9563-06ff-4a9d-9162-ea8ed640ad15,senang berurusan tapi kadang shipping kayangan,senang berurusan tapi kadang shipping kayangan,5,positive,2026-06-10 09:40:50,6
db32d7ef-f100-4b62-90bb-05fcd4efbe4a,User-friendly app with lots of discounts and promotions.,userfriendly lot discount promotion,5,positive,2026-06-10 09:33:07,4
920bab75-8e4f-4d1b-8a3b-5b5a47f063a3,shopee is getting better with their issues and the help center is aware with their customers problems... this is good...i like it..and always received something unexpected rewards...i love it..thanks shoppee..keep it up,getting better issue help center aware customer problem goodi itand always received something unexpected rewardsi love itthanks shoppeekeep,4,positive,2026-06-10 09:29:11,18
22af3d5f-c0c5-4962-8f54-eac4a4180088,dont subcribe VIP. its wont give you voucher and also no refund,dont subcribe vip wont give voucher refund,1,negative,2026-06-10 09:15:46,7
86c1f1fd-c954-4ab8-a591-66d4af8257a3,mudah Dan murah,mudah dan murah,5,positive,2026-06-10 09:12:14,3
04e715ca-e289-48ab-80db-80e52887d1b6,"Shopee had reach the standard.its fun to shop..very trusworthy and reliable.Tq for providing the most convinient shopping online experience even there are still rooms for improvement.Great Job to the management,staffs and downline team..Deliveries team are excellent.",reach standardits fun shopvery trusworthy reliabletq providing convinient shopping online experience room improvementgreat job managementstaffs downline teamdeliveries team excellent,5,positive,2026-06-10 09:04:02,19
c079a0cf-94c3-49f1-994a-f4e57ee3a14d,difficult refund if not faster proceed to return asap no ?,difficult refund faster proceed return asap,2,negative,2026-06-10 08:46:05,6
ec4f8c9b-029c-4e22-b582-31eb8745d343,My friend said comission too low. Ignore him lol,friend said comission low ignore lol,5,positive,2026-06-10 08:43:46,6
fa575c4d-043d-4e49-a9fd-d62cbf7902da,Commission too low. Give me more for affiliate program.,commission low give affiliate program,1,negative,2026-06-10 08:42:35,5
d8a6c964-a355-44b1-af46-b8ded36dc132,Exasperating because already done but they never full fill their condition of returning some items such prepaid sim starter pack.,exasperating already done never full fill condition returning item prepaid sim starter pack,3,neutral,2026-06-10 08:16:25,13
609e6c8e-9674-4eb9-8009-ec129cd52c11,"Nice app for an individual who is busy with their schedule, no time for physical shopping. Furthermore shoppe app comes with great offers and vouchers. Apply for the Shoppe Vip, you save a lot on delivery charges.",nice individual busy schedule time physical shopping furthermore shoppe come great offer voucher apply shoppe vip save lot delivery charge,5,positive,2026-06-10 07:59:52,20
82951ed3-d6f2-4543-9720-4c4beea224a4,I am always satisfied with the purchases from shopeee app. All my needs I can get it here. Thank you shopee,always satisfied purchase shopeee need thank,5,positive,2026-06-10 07:46:02,6
e97b58fb-ce3e-4779-960e-c7501bf96382,"Stop opening Live/Videos upon app launch. It's annoying and changes the device audio volume for other apps. Let the user set the start-up page to the 'Home' page instead of forcing them to the Videos page, you're showcasing a crude underhanded way to boost video views statistics. I don't want videos to autoplay, blasting my speakers when I'm out in public.",stop opening livevideos upon launch annoying change device audio volume apps let user set startup page home page instead forcing video page youre showcasing crude underhanded way boost video view statistic dont want video autoplay blasting speaker public,1,negative,2026-06-10 07:15:44,38
696b62d0-82e1-4e71-bd35-0e775280cc1f,I have a suggestion but idk if it is possible or not. maybe in the cart you can folders so we can separate the items according to the category. that would be really helpful,suggestion idk possible maybe cart folder separate item according category helpful,4,positive,2026-06-10 04:55:56,11
a7c39132-999f-43b4-87a9-39382d5fdf0c,Its very convenient to use. They arrange door to door pickup for returns👍👍,convenient arrange door door pickup return,5,positive,2026-06-10 04:40:40,6
66fd1db7-9bc5-4c9e-b384-45c3c293efeb,"shop at shopee.. convenient, fast delivery with easy payment...it's a no worries fingertips shopping centre",shop convenient fast delivery easy paymentits worry fingertip shopping centre,5,positive,2026-06-10 04:03:47,10
03c7e736-d257-4d7f-be5c-1d3082a17bf9,Add new meaning to online shopping. Easy to use and item arrive quickly almost every time.,add new meaning online shopping easy item arrive quickly almost time,5,positive,2026-06-10 03:59:55,11
ca785cd9-f8e0-43ad-a087-ef866e61cfec,Shopee is good but the only thing to gain coin in using template is really head ache since until now I can't get the coin. Very complicated.,good thing gain coin template head ache since cant coin complicated,5,positive,2026-06-10 03:38:34,11
52ba5e92-d193-4784-9e7a-0b1af64de7db,Stingy coin and game rewards. And many fake supplements and counterfeit items are selling. items displayed have no proper information. Shopee management didn't pay attention to all these low quality sellers. Very low quality control.,stingy coin game reward fake supplement counterfeit item selling item displayed proper information management didnt pay attention low quality seller low quality control,1,negative,2026-06-10 03:37:23,23
41db0806-8606-40fe-8f37-cc4fa2fe3d50,good experience buying online....,good experience buying online,5,positive,2026-06-10 02:45:32,4
0181215a-43cb-4258-88db-f368b69179d6,Baik dan memuaskan,baik dan memuaskan,5,positive,2026-06-10 02:43:58,3
8c4867c5-7007-43f2-bdd8-82ef866f272d,"Been restricted account for shopee spay later. When i pay some outstanding, the CS told me, can be unlock after payment/settlement, but more than 3 months paid, still not unlock. Pls reply me Asap or share me the specific date.",restricted account spay later pay outstanding told unlock paymentsettlement month paid unlock pls reply asap share specific date,1,negative,2026-06-10 02:13:01,18
7b6f28ba-9d16-4eae-b827-6bf30f91c2ff,"⭐⭐⭐⭐⭐ 5/5 ""Shopee's service is truly excellent. From placing an order to delivery, the entire process is simple, fast, and reliable. The customer support team is very helpful and responsive. My order arrived on time, and the tracking system worked perfectly throughout the delivery process. Shopee has become one of my favorite online shopping platforms because of its convenience and trustworthy service. Thank you, Shopee team, for providing such a great shopping experience!""",shopees service truly excellent placing order delivery entire process simple fast reliable customer support team helpful responsive order arrived time tracking system worked perfectly throughout delivery process become favorite online shopping platform convenience trustworthy service thank team providing great shopping experience,5,positive,2026-06-10 00:49:04,41
7a9f9d48-890b-4038-b68a-0504588a884a,thats really good shopping apps 😍,thats good shopping apps,5,positive,2026-06-10 00:37:18,4
fb33c6b2-e337-45c1-ab34-1d8d73edd584,"Please allow an option to showing Home tab instead of default to Live & Video tab when each time app opened. As this stopped any music/video in background, plus automatic decrease device volume for sake of safe listening level. Then, begin showing random seller/promoter blaring showcast their product. Very annoyng. 😡🤬 Did follow Shopee chat support advise by reinstall app, the issue gone but only a few days before coming back.",allow option showing home tab instead default live video tab time opened stopped musicvideo background plus automatic decrease device volume sake safe listening level begin showing random sellerpromoter blaring showcast product annoyng follow chat support advise reinstall issue gone day coming back,1,negative,2026-06-09 22:00:45,42
e02338fc-1fe7-499c-8a07-053ccc4eae01,Easy to survey the price. Convenience for buy things. Sometimes have shipping problems.,easy survey price convenience buy thing sometimes shipping problem,4,positive,2026-06-09 17:25:23,9
5e80487e-6128-4e01-923b-1d1fbc8ef6fe,"platform shoppe tidak pernah mengecewakan, hanya seller yang selalu fail.",platform shoppe tidak pernah mengecewakan hanya seller yang selalu fail,5,positive,2026-06-09 17:03:55,10
dd7cbaba-fb4a-45fc-a1d2-e0731577afe9,Shopee semakin up to date...terbaik..👍👍👍 Tapi tue lah kedekut coin.. 😌😌😌,semakin dateterbaik tapi tue lah kedekut coin,3,neutral,2026-06-09 16:03:01,7
040ee5fd-a208-4640-9200-2e09b50310a0,I now feel more confident using the shopee platform to buy anything because shopee has taken care of the rights of users/buyers to Return & Refund if the buyer is not satisfied with the purchase. Because online purchases often happen that the item purchased does not meet the condition as advertised. Shopee must always try to convince users because the online buying and selling platform has been increasing.,feel confident platform buy anything taken care right usersbuyers return refund buyer satisfied purchase online purchase often happen item purchased meet condition advertised must always try convince user online buying selling platform increasing,5,positive,2026-06-09 15:31:48,33
7301a096-be57-438f-9e26-7048724441f4,ok la (tak tau nk review apa baru download),tak tau review apa baru download,5,positive,2026-06-09 15:19:51,6
9b1ff28c-87e0-4e6c-a795-fae05bbf6bb8,easy and safe shopping,easy safe shopping,5,positive,2026-06-09 13:43:39,3
7eeffa2b-a668-4682-a428-b90f858c277a,The delivery is very slow and they don't take care of the customer's goods and there are scammers too.,delivery slow dont take care customer good scammer,1,negative,2026-06-09 13:09:44,8
03bd2981-e78f-42f4-a9fa-6ccaa8a3959b,"Verification id until now been reject, other apps didn't get any difficulty. How many times i need to re apply id verification?",verification reject apps didnt difficulty time need apply verification,5,positive,2026-06-09 10:31:56,9
70ec6381-2101-4950-9230-519fe6d6518b,"Shopping convenience delivered to the door. Good deals esp during special sales. Fresh food both vege & fresh meats very fast delivery. Service delivery improved further, even faster now in 2025.",shopping convenience delivered door good deal esp special sale fresh food vege fresh meat fast delivery service delivery improved faster,5,positive,2026-06-09 09:18:30,20
e68e1ecd-5f2b-4860-b94b-50946e59dff0,Parcel travelled from State A to State B & back to State A again for final delivery.....what a bonkers.... Customer service is a bunch of clowns,parcel travelled state state back state final deliverywhat bonkers customer service bunch clown,1,negative,2026-06-09 08:41:09,13
26de8f39-3ab7-449d-a149-0b3b3c2a6a5e,"sangat berpuashati, terbaik....",sangat berpuashati terbaik,5,positive,2026-06-09 08:36:05,3
3671066b-9fe0-4a2d-850d-9b9cb7be4c92,"the coins thing are obviously a scam. Not only that, my package was late and they gave me a rm5 voucher that is only if i spend over rm50 on SELECTED items. Another scam.",coin thing obviously scam package late gave voucher spend selected item another scam,2,negative,2026-06-09 06:40:40,13
5202b476-c31e-4e37-9a64-6eca555fb9b0,ok...sometimes got good coupon,oksometimes got good coupon,5,positive,2026-06-09 04:48:46,4
a54c9082-def2-4015-b718-5088bf7a96f2,macam babi tiba tiba kena ban,macam babi tiba tiba kena ban,1,negative,2026-06-09 03:40:43,6
23895ce2-4332-4bdf-926d-00096b9d2752,shopee is the best shoping app what you want you have it in it.,best shoping want,5,positive,2026-06-09 03:07:31,3
3fddd483-69bb-4018-95c2-4797ca594f73,Could you please stop showing that stupid girl in your ads while I'm playing other games? That girl literally gets to my nerves. 0/10.,stop showing stupid girl ad playing game girl literally get nerve,1,negative,2026-06-09 02:22:04,11
8ff1d433-48a9-4e47-b8c5-0c7bfaefed2a,Fast delivery n goods prices are affordable,fast delivery good price affordable,5,positive,2026-06-09 02:14:25,5
97afe49e-be0e-4147-87c4-dfb16e434769,"2 years ago, I could watch the live and video many times, get easy coins quickly. over half of live videos used to hold up 4-5 coins. at that time I would collect over 8-20k coins in 6 months when I only spend 3 times in that timeline then you only got that during date/month special. now the system also slowly erase more options than can give you more coins. it's harder to gain anymore than 1k coins even if I haven't pay anything in a month shopee has become more shameless greedy corpo bastard",year ago watch live video time easy coin quickly half live video hold coin time collect coin month spend time timeline got datemonth special system slowly erase option give coin harder gain anymore coin havent pay anything month become shameless greedy corpo bastard,1,negative,2026-06-09 01:44:27,43
ebe733bf-aa9a-4407-b763-6ec2bdb98042,"Banyak barang.. Buli pilih2,. Murah2 lg bos...buli hutang2 lagi..haha",banyak barang buli pilih murah bosbuli hutang lagihaha,5,positive,2026-06-09 01:26:15,8
543e5823-9517-42e7-a7c7-9f155a11285f,"Shopee is a popular online shopping platform known for its wide variety of products, affordable prices, and frequent discounts such as vouchers and flash sales. It is easy to use and offers secure payment options along with reliable delivery tracking. Overall, it is a convenient platform for everyday online shopping.",popular online shopping platform known wide variety product affordable price frequent discount voucher flash sale easy offer secure payment option along reliable delivery tracking overall convenient platform everyday online shopping,5,positive,2026-06-09 01:21:56,30
3d6d33d2-a87e-4539-9a2d-635b8d67f037,"June 2026. despite reporting to support agent. The app still kept going to Live & Video instead of the normal Home page. As before, it automatically lowered my phone volume. PLEASE STOP DOING THIS. SHOPEE MGMT ARE YOU READING THIS App keeps going to Live/Video page instead of the normal Home. App also automatically lowered the volume of my speaker. leave my volume level alone. None of the help advisory can resolve my problem Dec 15 2025.",june despite reporting support agent kept going live video instead normal home page automatically lowered phone volume stop mgmt reading keep going livevideo page instead normal home automatically lowered volume speaker leave volume level alone none help advisory resolve problem dec,1,negative,2026-06-09 01:05:43,41
347222e5-e5b3-406b-b030-23be4a826c07,"Seller yg mesra, cepat reply wasap dan cepat buat kerja..Ambil mse 2 hari jew nk siap & pos..",seller mesra cepat reply wasap dan cepat buat kerjaambil mse hari jew siap po,4,positive,2026-06-08 18:05:05,14
ad590bd9-3d3e-4e75-90b6-10a7e5295c3f,"about ur ads systems, i dont understand the need for u to automaticly transfer me to your app. if anything it makes me not wanting to order from this app anymore. deleting it wouldnt make transfer me to your apps. i think u are excessive on ads. too much. can u not trick people? its only a matter of time before people start to drop more 1 star reviews for ur ads.",ad system dont understand need automaticly transfer anything make wanting order anymore deleting wouldnt make transfer apps think excessive ad trick people matter time people start drop star review ad,1,negative,2026-06-08 17:02:19,30
1de14ff4-104b-4769-ac58-db56977c7942,"Navigation can be confusing at times, extra game features are unnecessary actually. Suddenly pop up live video and loud music on startup unable to disable it.",navigation confusing time extra game feature unnecessary actually suddenly pop live video loud music startup unable disable,1,negative,2026-06-08 16:12:11,17
908d9573-4c28-487b-b787-828ba73ee2d7,Why got error in topup shopeepay in shopee? Why so damn slow nowadays your app? aiyo!,got error topup shopeepay damn slow nowadays aiyo,2,negative,2026-06-08 15:43:25,8
91c079c4-7d57-4a92-93bf-47a6ec668a8c,Good Application and good Servis,good application good servis,5,positive,2026-06-08 15:38:34,4
c2ec9a75-4769-4a87-8d33-e966fe181544,"i have to wait 90 minutes for the everyday check in live?? who even spends that much time on a shopping app?? for what, scroll around live of people trying to sell u stuff?? bffr",wait minute everyday check live spends time shopping scroll around live people trying sell stuff bffr,2,negative,2026-06-08 15:18:14,16
6aa5d5a4-a1b0-4e83-a7e8-d16aaec471b5,terbaik dan terjamin membeli dengan shoppe tq.,terbaik dan terjamin membeli dengan shoppe,5,positive,2026-06-08 15:01:00,6
26ecc1ad-96af-4f1f-86f9-5623439c757a,"SUCK DELIVERY！！！Very bad shipping, said will attempt delivery today , but wait until night 10pm not delivery!!!",suck deliveryvery bad shipping said attempt delivery today wait night delivery,1,negative,2026-06-08 14:58:08,11
4a31403c-242a-4363-b7f8-a948fba3c7af,shopee always great price for buying things,always great price buying thing,5,positive,2026-06-08 14:04:54,5
67f8adb0-b646-4967-a0d3-2ded61804794,dah lah sikit sikit ada iklan macam babi je 💔,dah lah sikit sikit ada iklan macam babi,1,negative,2026-06-08 14:00:49,8
e79c9553-a099-449c-a355-fb761b5e7abf,pebende sia batak sangat nk iklan time aku tengah main game tetiba iklan bele ni astu tetiba dia auto bukak cam siel,pebende sia batak sangat iklan time aku tengah main game tetiba iklan bele astu tetiba dia auto bukak cam siel,1,negative,2026-06-08 13:48:40,20
513a3c13-72e0-4fd1-95de-71cd29990cbf,they always changed my address without my knowledge for shoppee food,always changed address without knowledge shoppee food,3,neutral,2026-06-08 13:47:10,7
9ae5fb6d-deeb-429d-b615-0342b075d9bb,"I had a good experience shopping on shopee. The app is easy to use and there are many choices available. My order arrived in good condition and on time. Overall, a pleasant shopping experience.",good experience shopping easy choice available order arrived good condition time overall pleasant shopping experience,5,positive,2026-06-08 13:18:43,15
134f827e-cd68-40ba-b311-952637068466,Shopee is good at selling and shopping,good selling shopping,5,positive,2026-06-08 13:13:32,3
7982eeca-9f36-4b63-9be5-4bb98c0a5060,"Coins collection getting more absurd. New update for daily check-in requires to watch 90 mins vid/live. If we stop after 20 mins watched, the duration will reset back to 90mins. Shopee does make customer like beggars. In-app games will make you addicted and making you wanted to purchase more coins to complete mission. Easy money for Shopee.",coin collection getting absurd new update daily checkin requires watch min vidlive stop min watched duration reset back min make customer beggar inapp game make addicted making wanted purchase coin complete mission easy money,1,negative,2026-06-08 13:13:01,34
9e8c09b3-8304-476e-b67a-abfeb63ca15b,very good shopping apps,good shopping apps,5,positive,2026-06-08 12:31:44,3
3a334966-8598-41ef-98bf-e18d68b99132,murah dan berbaloi beli di shopee.,murah dan berbaloi beli,5,positive,2026-06-08 12:07:47,4
d2aa441f-dca0-44e1-bdcc-2bf6dcb9660a,"clicked on product rating & review, but ended with lower part of 'buy' page with options chat now, add to cart, & buy now 👎👎",clicked product rating review ended lower part buy page option chat add cart buy,1,negative,2026-06-08 11:44:41,14
3023ed6b-6cc8-4c1d-9d59-efdbf73e8216,"⭐ 1 Star Several unauthorized Google Pay transactions appeared on my SPayLater account over a few days, totaling more than RM2,200. I did not make these transactions and suspect my account was accessed by another device. I reported the issue immediately, but Shopee only said the transactions were authenticated and valid, without clear details on device access or investigation. I expected better security and a proper investigation. My concerns were not properly addressed.",star several unauthorized google pay transaction appeared spaylater account day totaling make transaction suspect account accessed another device reported issue immediately said transaction authenticated valid without clear detail device access investigation expected better security proper investigation concern properly addressed,1,negative,2026-06-08 11:18:35,39
106d71dc-3fd5-4cb7-a3eb-dc164ade392e,makin lama makin best!,makin lama makin best,5,positive,2026-06-08 10:32:55,4
3d345ae8-0e37-42dd-bbd5-8e526dfcfd3f,"I have had a very positive experience with Shopee. It offers a wide variety of products at competitive prices, along with frequent discounts, vouchers, and free shipping promotions that help me save money. The app is easy to navigate, and features such as Shopee Live, customer reviews, and order tracking make shopping more convenient and enjoyable. Delivery is generally reliable, and the customer support service is helpful when issues arise.",positive experience offer wide variety product competitive price along frequent discount voucher free shipping promotion help save money easy navigate feature live customer review order tracking make shopping convenient enjoyable delivery generally reliable customer support service helpful issue arise,5,positive,2026-06-08 10:10:55,39
15051a17-df68-4257-8281-76037b37ef0d,Should add touchNgo To make uesy for every user bkz 99 don't want help to pay! and now user contest hight b8 vouche no more like past,add touchngo make uesy user bkz dont want help pay user contest hight vouche past,3,neutral,2026-06-08 09:36:44,15
a48d37a3-78ff-4f45-b2f6-de2616def31d,"""Shopee is an excellent shopping app with many products, great prices, and frequent promotions. The interface is user-friendly, and delivery is usually fast and convenient. Highly recommended for online shopping!"" 🛍️⭐",excellent shopping product great price frequent promotion interface userfriendly delivery usually fast convenient highly recommended online shopping,5,positive,2026-06-08 09:36:38,17
a7b99481-86a7-4ede-9404-7fcbc7afbc7e,Fast delivery and product also good as per described,fast delivery product good per described,5,positive,2026-06-08 09:24:24,6
945ede2a-9112-4403-9a3a-d40736c3e1b6,"Always unresponsive to quires and there isn't a ""real human"" to answer when you need them.",always unresponsive quire isnt real human answer need,2,negative,2026-06-08 09:02:38,8
46de7c80-9b71-498b-8768-e33be98006b1,"this app has the most annoying ads everywhere making me panic sometimes when I'm rushing to pay or contact someone about what's urgent,everytime I missclick I'll have to go through the ads again and it takes me 5minuets .what an annoying app",annoying ad everywhere making panic sometimes rushing pay contact someone whats urgenteverytime missclick ill ad take minuet annoying,1,negative,2026-06-08 08:06:06,18
dbd7e1f9-6523-4784-b8cb-0fbd97dbe925,"i already set my location for food one day before, When I opened the location the location changed this pissed me off.My money gone,food gone and need to order again not recommend for food",already set location food day opened location location changed pissed offmy money gonefood gone need order recommend food,1,negative,2026-06-08 07:34:00,18
a0cf4a99-3dc8-4176-a43a-b571aabc3d98,why i got banned from getting coin in shopee video...already ask the shopee chat agent and they said developer problem they sent email to them but until now not sloved issue...,got banned getting coin videoalready ask chat agent said developer problem sent email sloved issue,1,negative,2026-06-08 06:35:13,15
b111120b-8332-4ec0-aba7-31e209964825,REMOVE YOUR ADS BC I KEEP SEEING IT,remove ad keep seeing,1,negative,2026-06-08 06:25:52,4
238fea6e-5c4e-4e63-b219-79e41ebec67e,"Honestly, Shopee is probably the first choice for most Malaysians when it comes to online shopping. The app is easy to use, products are easy to find, and the prices are usually competitive. I also like all the vouchers, free shipping deals, and cashback rewards that make shopping feel more worthwhile. The Buy Now Pay Later feature is especially useful for necessary purchases when money is a bit tight. Overall, it's the app I open first whenever I need to buy something.",honestly probably first choice malaysian come online shopping easy product easy find price usually competitive voucher free shipping deal cashback reward make shopping feel worthwhile buy pay later feature especially useful necessary purchase money bit tight overall open first whenever need buy something,5,positive,2026-06-08 03:53:07,43
81a7ab42-bfeb-4420-a065-d85a9a11d200,Penghantaran mahal... dan walaupun berbayar... tetapi proses penghantaran lambat,penghantaran mahal dan walaupun berbayar tetapi prose penghantaran lambat,1,negative,2026-06-08 03:42:13,9
6b86b3f3-dc6a-4dc1-a447-bd9d913204b4,Good online shopping platform with many product choices and regular promotion,good online shopping platform product choice regular promotion,5,positive,2026-06-08 02:56:21,8
0e1acc24-6707-45ca-8efc-6356a20280bd,semalam Aku tgk BRG harga 350.00 games console mangmi air x pg Ni tiba2 Naik harga 441.00 jem harga cam sial,semalam aku tgk brg harga game console mangmi air tiba naik harga jem harga cam sial,1,negative,2026-06-08 00:39:40,16
ca198c27-86e2-44d3-ae72-8a80644be930,new update auto see live video is just the worst. please at least make a option st setting between to see live or home page when opening the app,new update auto see live video worst least make option setting see live home page opening,1,negative,2026-06-07 23:58:56,16
07f029bb-ab74-48ad-95eb-1c5f62c60856,"Everything is great. BUT I WANT TO START THE PAGE AS THE START PAGE AND NOT THE VIDEO FEED. Also, there is a bug where the video feed audio would still be playing even if the app is closed, but not clearly.",everything great want start page start page video feed bug video feed audio playing closed clearly,3,neutral,2026-06-07 18:49:30,16
fa7130be-a93a-497e-b305-bca674a703d2,"Best e-commerce platform! Great prices, massive selection of products, and an incredibly easy checkout process. Payment methods are seamless and secure. Keep up the good work! ⭐⭐⭐⭐⭐Five stars! Shopee makes online shopping so convenient. Tracking orders is super accurate, and the Shopee Guarantee gives me peace of mind knowing my payment is safe until I receive my items. Delivery is always smooth and reliable. 🚚✨Excellent shopping app! The user interface is very friendly and easy to navigate.",best ecommerce platform great price massive selection product incredibly easy checkout process payment method seamless secure keep good work five star make online shopping convenient tracking order super accurate guarantee give peace mind knowing payment safe receive item delivery always smooth reliable excellent shopping user interface friendly easy navigate,5,positive,2026-06-07 17:00:45,49
1dc10300-a40c-413c-8f92-5b5435e38e7a,"Promo voucher can be selected but can't proceed with checkout, even when the voucher is still available. This happens regularly. If the voucher is only intended for certain user, please make it transparent",promo voucher selected cant proceed checkout voucher available happens regularly voucher intended certain user make transparent,2,negative,2026-06-07 15:16:41,16
e3b6acb8-8956-496f-8731-d8aef3a51bb3,untuk bayaran bill elektrik tnb tiada????,untuk bayaran bill elektrik tnb tiada,1,negative,2026-06-07 14:13:42,6
477ab607-27d2-4f84-a53f-b60a26c04d92,"I like buying from shopee till today ,I feel safe trading, cos shopee is protected customer from buying including personal account and details.",buying till today feel safe trading co protected customer buying including personal account detail,5,positive,2026-06-07 14:13:10,14
9a6f1fad-644b-4741-83f7-e8c2cfd83660,"Terbaik barang cepat sampai ,murah,ada free shipping,",terbaik barang cepat sampai murahada free shipping,5,positive,2026-06-07 13:06:11,7
26bdb105-0591-4d79-a20f-796cadd5b598,Everything inexpensive. I like duitnow payment.,everything inexpensive duitnow payment,5,positive,2026-06-07 12:34:28,4
d8383934-4ef6-4e48-8a74-e5eb97fc243f,Good Apps but Ads is so annoying is pop up everywhere,good apps ad annoying pop everywhere,5,positive,2026-06-07 12:16:02,6
e194fdab-b984-42fa-a7c0-d8eef53f6476,I'm sick and tired of shopee apps pop out I just want to join the game!,sick tired apps pop want join game,1,negative,2026-06-07 11:52:52,7
d96405fd-643c-44e5-816c-80f01c10aca8,"even tho free shipping is hard to get nowadays, still shopee is the best app i can use to buy most items at discounted price at several lucky moments.",tho free shipping hard nowadays best buy item discounted price several lucky moment,5,positive,2026-06-07 11:00:05,13
b61bde25-764a-4f7a-b50b-6e701364a0c1,"So many ads on the search results page. There is very little listing moderation. Counterfeit products masquerading as originals is one thing but worst of all, the amount of pseudoscience quack scam products (appearing as ads on top of that) are unacceptable! If you have gullible family, make sure they avoid this capitalist app. Buyer beware. Update: Enshittification continues. They're trying to be TikTok now, launching directly to Videos instead of Home. CS ignores repeated requests to revert",ad search result page little listing moderation counterfeit product masquerading original thing worst amount pseudoscience quack scam product appearing ad top unacceptable gullible family make sure avoid capitalist buyer beware update enshittification continues theyre trying tiktok launching directly video instead home ignores repeated request revert,1,negative,2026-06-07 10:23:00,45
e84d8fd8-b4c9-4827-97ea-7bf9ccf0cb34,bare ni baru Tau pkai guano,bare baru tau pkai guano,5,positive,2026-06-07 08:37:54,5
1112eb95-19b5-4036-902b-5d84398eafd2,"when I want to search for food or anything, the search bug into xiaomi I did not want to search xiaomi but it switched up to xiaomi search. pls fix your bug shopee.",want search food anything search bug xiaomi want search xiaomi switched xiaomi search pls fix bug,2,negative,2026-06-07 08:07:31,16
6214963c-b754-48c4-8dfd-8464f0398971,very satisfied 😃& first time using shopee food.. it's not bad at all,satisfied first time food bad,5,positive,2026-06-07 08:03:42,5
8d95bfd5-d7d7-4bbd-80d0-d4d63c270880,It's very good apps for buy anything. same like a market.,good apps buy anything market,5,positive,2026-06-07 07:50:54,5
7f8f25b8-30bd-4836-b83b-dd9833fe69a1,"Prefer Lazada...Hate Shopee. Every time when logging in, the app will auto load a video advertising a product. I have to click Home to get to the front page. Shoppe claimed it is beyond Shoppee to prevent auto loading of the ads!! Update: Issue still persists. Still have to press Home button at bottom left to leave the ad video and go to main page. Recent delivery took 5 days to arrive. NO UPDATE OF SHIPPING AND DELIVERY STATUS FROM SHOPEE. Had to log in to track order. SICK!!!",prefer lazadahate time logging auto load video advertising product click home front page shoppe claimed beyond shoppee prevent auto loading ad update issue persists press home button bottom left leave video main page recent delivery took day arrive update shipping delivery status log track order sick,1,negative,2026-06-07 07:42:10,46
3767bc2f-c833-4c5c-ad0a-a4fe3d9075c3,you just make it worst by forcing people to watch live bro,make worst forcing people watch live bro,1,negative,2026-06-07 07:21:17,7
31ae03f7-1e43-4924-b8c7-6913fc740a1d,"The developers have done an amazing job creating this application. It is well-designed, stable, and packed with features that are genuinely helpful. I have not encountered any major issues, and my experience has been overwhelmingly positive.",developer done amazing job creating application welldesigned stable packed feature genuinely helpful encountered major issue experience overwhelmingly positive,5,positive,2026-06-07 07:16:40,18
3e8dd20a-c167-4003-bc1c-5157ff828739,"An excellent online shopping platform with a wide range of products. The app is easy to navigate, and the deals are often attractive.",excellent online shopping platform wide range product easy navigate deal often attractive,5,positive,2026-06-07 07:11:30,12
c7a6e225-be76-4b13-bc2c-a3918004438f,"tak menyesal kalau beli, dari segi ketahanan kalau lihat amat baik , mata yang tajam, pemberat pon amat2 sesuai. kalau utk main kolam air masin, air tawar, kelong, laut, sungai, parit, semuanya amat2 sesuai..memang tak menyesal kalau beli..lepas ni bole oder lagi utk gram yang lain pulak...saya bagi 10 bintang 🌟🌟🌟🌟🌟🌟🌟🌟🌟🌟...",tak menyesal kalau beli dari segi ketahanan kalau lihat amat baik mata yang tajam pemberat pon amat sesuai kalau utk main kolam air masin air tawar kelong laut sungai parit semuanya amat sesuaimemang tak menyesal kalau belilepas bole oder lagi utk gram yang lain pulaksaya bagi bintang,5,positive,2026-06-07 06:51:02,47
af3d2e24-af62-43a8-9664-de7c74a218da,convenience and safe to buy things by Shopee.,convenience safe buy thing,5,positive,2026-06-07 06:31:17,4
fc3a04cf-84cb-4854-9e78-2294ec1901b1,"Been using Shopee for years and it’s still my go-to app. Super smooth, vouchers every day, coins cashback actually saves money. Minus 1 star because the ads + notifications can be a bit much sometimes. Fix that and it’s a perfect 5. Still 10/10 would recommend.",year goto super smooth voucher day coin cashback actually save money minus star ad notification bit sometimes fix perfect recommend,5,positive,2026-06-07 06:26:02,20
e46a91d5-0f7d-433f-9915-70aa0412468f,stop telling us to take selfie,stop telling take selfie,1,negative,2026-06-07 06:18:42,4
7e4dd0b0-ca77-41c2-b01e-136dcdc443de,sgt memudahkan kerja membeli,sgt memudahkan kerja membeli,5,positive,2026-06-07 05:44:10,4
31aabca8-aca4-48c6-a61d-d78eedbd19c0,can you show the funny ad🤣 shoppe-pe-pe-pe,show funny shoppepepepe,5,positive,2026-06-07 05:05:33,3
6ce9856a-5537-4545-9f75-57a94e84e929,24/7 good...fast ..7 day working...good for customer.. .that why i like shoppe,goodfast day workinggood customer shoppe,5,positive,2026-06-07 01:48:37,5
d286b6cc-9fb5-4546-ac49-5cebd453dd58,easy n good platform,easy good platform,5,positive,2026-06-07 01:44:18,3
1e7082be-8910-48c5-a783-52a800a0632a,tempat saya membeli belah dan saya tak perlu lagi ke Mall sebab di shoppe saya boleh beli apa sahaja yg saya nak dengan harga yg berpatutan dengan sale dan return yg cepat,tempat saya membeli belah dan saya tak perlu lagi mall sebab shoppe saya boleh beli apa sahaja saya nak dengan harga berpatutan dengan sale dan return cepat,5,positive,2026-06-07 00:23:35,27
ac1f11c6-4a23-4129-9837-fa9d67369f9d,saya dapat tgk live,saya dapat tgk live,5,positive,2026-06-06 23:38:09,4
74e03ecb-219c-4330-9fa7-86ee6b82a5ae,"saya kna tukar dari 5 ke 1 bintang sebab bila buka app shoppe keluar live video dlu sangat annoying,saya taknak tengok live video tu sangat menggangu",saya kna tukar dari bintang sebab bila buka shoppe keluar live video dlu sangat annoyingsaya taknak tengok live video sangat menggangu,1,negative,2026-06-06 23:20:42,21
5355dda7-8685-4d4a-8c87-e11a2f3bea73,pembelian dan pemulangan amatlah mudah bila pakai apps ni.. setakat ni ok je,pembelian dan pemulangan amatlah mudah bila pakai apps setakat,5,positive,2026-06-06 22:46:58,9
c1c3b429-3650-4f4f-89df-1f40549306c9,Stop my account for no good reason.,stop account good reason,1,negative,2026-06-06 16:54:49,4
ab468cae-b7e9-4592-a70b-96cd57990edb,An excellent platform for online purchases.,excellent platform online purchase,5,positive,2026-06-06 15:07:17,4
4110963f-04fc-48ee-bb24-90207d21a490,App lag. Spx delivery very slow. Excessive advertising. It's everywhere and started to get annoyed by it. I think its the downfall of lazada too so beware. I stop shopin n uninstall lazada bcoz of ads. So does my friends. Used to use this app a lot for shopping now only when necessary and i cant find the item elsewhere.,lag spx delivery slow excessive advertising everywhere started annoyed think downfall lazada beware stop shopin uninstall lazada bcoz ad friend lot shopping necessary cant find item elsewhere,2,negative,2026-06-06 13:27:25,27
c864056d-0e7a-469b-8bff-dbf7e010cff2,"Terrible experience with this app. The refund agent did not investigate my case due diligently and appeared to rely solely on the PIN status. I never physically collected the parcel because the collection point refused to release it to me. There is a loophole in the PIN verification process, but my concerns were ignored. To shopee, no need to post a generic customer service reply here, I already raised this issue and your team chose not to take it seriously. So goodbye, app uninstalled.",terrible experience refund agent investigate case due diligently appeared rely solely pin status never physically collected parcel collection point refused release loophole pin verification process concern ignored need post generic customer service reply already raised issue team chose take seriously goodbye uninstalled,1,negative,2026-06-06 12:14:28,42
3206ea11-85bc-4bf8-aa46-b2ccf1b00e54,terrible and useless customer service,terrible useless customer service,1,negative,2026-06-06 12:00:24,4
afb26409-1b45-4c06-ae9a-1fbd87b57694,Enjoy shopping with this apps... satisfied with the service..enjoy shopping with shopee,enjoy shopping apps satisfied serviceenjoy shopping,5,positive,2026-06-06 11:40:39,6
8862d6b8-e4a0-4e1e-879e-84fa0384c322,The best platform to buy things..for DIY and spare part,best platform buy thingsfor diy spare part,5,positive,2026-06-06 11:33:50,7
e720c54a-0a28-4a2e-ae34-8a803c3e21f7,"keep sending me unrelated notifications. (e.g., to collect my package when I have no package, have received some kind of rewards but no such thing (subsidies)), the app also keep starting by itself for no reason.",keep sending unrelated notification collect package package received kind reward thing subsidy keep starting reason,1,negative,2026-06-06 10:46:54,15
a5f55ad6-8927-4592-8a45-86de2fdf7fe8,best... rega mur2..semua ada,best rega mursemua ada,5,positive,2026-06-06 10:36:27,4
52b93037-f67f-45ef-b4f2-adc6e57d1078,"Aplikasi Shopee sangat mudah digunakan, penghantaran cepat dan banyak promosi menarik. Sangat puas hati dengan pengalaman membeli-belah di sini.",aplikasi sangat mudah digunakan penghantaran cepat dan banyak promosi menarik sangat puas hati dengan pengalaman membelibelah sini,5,positive,2026-06-06 10:13:33,17
939e7c1d-2846-4240-8708-1845414f3811,Lambat update tracking macam xda pergerakan. Lama tersidai di satu tempat. Hmm memang lambat untuk penghantaran ke borneo(area saya) guna platform ni. Ni parcel sy dah masuk seminggu lebih x sampai lagi. Kat platform lain ambil masa 3-4 hari saja dah sampai.,lambat update tracking macam xda pergerakan lama tersidai satu tempat hmm memang lambat untuk penghantaran borneoarea saya guna platform parcel dah masuk seminggu lebih sampai lagi kat platform lain ambil masa hari saja dah sampai,5,positive,2026-06-06 10:00:03,35
71f363b9-6a13-43cc-a229-dee99e2aaa93,good...👍👍 tip top service,good tip top service,5,positive,2026-06-06 09:41:49,4
94c4d955-62f3-49f5-80cb-3f2175707381,my honestly for this app its quite good..,honestly quite good,4,positive,2026-06-06 08:30:29,3
24078ca3-7048-494e-acd3-ec02863c0976,"you have too many ads almost literally anywhere and it's getting annoying, please stop buying ads space. Your service is not that good in the first place.",ad almost literally anywhere getting annoying stop buying ad space service good first place,1,negative,2026-06-06 08:12:40,14
c2173a15-48cf-42c5-bb3a-8313d7409844,very fun. very good discounts. highly recommended.,fun good discount highly recommended,5,positive,2026-06-06 07:01:04,5
7dca93b6-9559-4a7b-9421-690e56a56c83,the best online shoping in malaysia,best online shoping malaysia,5,positive,2026-06-06 06:37:17,4
807f8e5d-bf01-448e-a267-fba3a5ce40a7,"Shopee is my absolute go-to for online shopping. The variety of products is massive. Nowadays shopee offer incredible discounts, flash sales and free shipping deals for large number of products that save so much money. The shopee Guarantee gives me peace of mind since it hold payment until I receive my items. I have done a few return items/refunds and received my money back because the seller suddenly did not have the item in stock or the product not functioning as intended.",absolute goto online shopping variety product massive nowadays offer incredible discount flash sale free shipping deal large number product save money guarantee give peace mind since hold payment receive item done return itemsrefunds received money back seller suddenly item stock product functioning intended,5,positive,2026-06-06 06:02:39,43
bd4cff48-4288-4dee-9f4d-c9e64acca185,Nice..great...but please when open the apps please make it at home not video then auto adjust volume so annoying...,nicegreatbut open apps make home video auto adjust volume annoying,3,neutral,2026-06-06 05:54:21,10
d5342673-8107-40d6-a6f7-0ade9f7ebc8b,Easy to use low price,easy low price,5,positive,2026-06-06 05:48:19,3
dc607631-b367-419a-bef3-0e4406f52121,Memang terbaik laa .Kalau tahu pilih kedai memang best laa shopping kat shopee ni.Nak return ke refund ke pun easy.,memang terbaik laa kalau tahu pilih kedai memang best laa shopping kat ninak return refund pun easy,5,positive,2026-06-06 04:44:18,17
743b524f-7433-4171-bf90-a7859333b44c,shopee is the top online shopping application,top online shopping application,5,positive,2026-06-06 02:49:14,4
8219ea9d-a958-479e-b201-731ebf03019f,Already paid advance for Spaylater but account still freeze,already paid advance spaylater account freeze,1,negative,2026-06-06 01:39:30,6
b79a7355-1f9a-46b6-a606-460eee213956,"worst app ever, order keep missing from order tab. need to close and re-open apps for multiple times until the recent order came up. Lazada is better.",worst ever order keep missing order tab need close reopen apps multiple time recent order came lazada better,1,negative,2026-06-06 01:04:09,18
932a8664-4b0e-49f0-833f-fb91dbbaa434,"Buyers should be allowed to cancel orders as long as orders are not shipped out yet, without needing seller's approval. Buyers have their own reasons why they need to cancel a certain order.",buyer allowed cancel order long order shipped yet without needing seller approval buyer reason need cancel certain order,1,negative,2026-06-06 00:57:57,18
1eb81017-d101-4e67-af0b-0c039d1fd80a,"Frustrating User Interface when open the app, it auto redirects me to the live tab, blasting sound without warning. Even when immediately change tab, the audio keep playing in the background. when i click on an item, im forced to watch an ad video first, and have to click again to access the actual item description. i think this is an unnecessary steps.. overall, i dislike how shopee has become an overly video oriented. i want a calm straightforward shopping experience.",frustrating user interface open auto redirects live tab blasting sound without warning immediately change tab audio keep playing background click item forced watch video first click access actual item description think unnecessary step overall dislike become overly video oriented want calm straightforward shopping experience,2,negative,2026-06-05 23:37:28,44
7be04178-6a4c-418c-bba6-40c40c0d8011,"The amount of click bait coming out of Shopee is unimaginable. Typically feels like they are hacking your phone and whenever the ads comes out it automatically even when you don't touch take you to the app. I have since archived the app but they now redirect it to Chrome. And it's always the same app, as if this particular ads are designed as clickbaits.",amount click bait coming unimaginable typically feel hacking phone whenever ad come automatically dont touch take since archived redirect chrome always particular ad designed clickbaits,1,negative,2026-06-05 20:12:38,25
e607800f-3932-482e-bb94-45a24f975608,selalu bagi voucher rm 0 sukaa,selalu bagi voucher sukaa,5,positive,2026-06-05 16:35:34,4
97e0bc1f-2dc9-44c7-b545-faecc8a400ed,tak reti buat app jgn buat lah bodo menyusah kan org je nk beli org lapar berejam nk settle,tak reti buat jgn buat lah bodo menyusah kan org beli org lapar berejam settle,1,negative,2026-06-05 14:46:25,15
be3e91cd-46e1-4dfe-b7ee-663109428397,"(F00): Oops, something went wrong. We are looking into it. Learn apa masalah demgan shopee ini?",oops something went wrong looking learn apa masalah demgan ini,1,negative,2026-06-05 14:07:39,10
30f4dde2-8191-4b5f-b247-244d9a72823a,alhamdulillah so far so good..barang always received in good condition and fast delivery..❤️,alhamdulillah far goodbarang always received good condition fast delivery,5,positive,2026-06-05 13:36:38,9
c2ca80ff-3687-4088-9083-f9899870a3c7,"so i force dark mode just for shopee right? and it is so awesome. come on, give us a dark mode. we arent all sgporeans, we mostly poor, we grew up on blackboards in school.",force dark mode right awesome come give dark mode arent sgporeans mostly poor grew blackboard school,3,neutral,2026-06-05 13:24:01,16
84c2393e-d703-43ca-bc19-49af8c48737b,you need to improve ur tracking order update💔 I got latest update that should be appear 2 days ago,need improve tracking order update got latest update appear day ago,3,neutral,2026-06-05 13:11:19,11
8fc519a9-0367-4bf6-94ca-2213feb1d592,Cannot turn off every single annoying promotion notification without impacting important notification,turn single annoying promotion notification without impacting important notification,1,negative,2026-06-05 13:05:58,9
82d5703c-9714-4acc-adc7-a78016c811d9,Kaw Kaw Dinner voucher claimed but disappeared!!!🤢🤮💩,kaw kaw dinner voucher claimed disappeared,1,negative,2026-06-05 11:46:55,6
66c42f26-d241-4eb4-bb58-c935dcde4337,Teruk! 1 saat pun tak sampai nak cancel shopeefood. Guideline misleading,teruk saat pun tak sampai nak cancel shopeefood guideline misleading,1,negative,2026-06-05 11:05:45,10
24d7d85d-bf7d-4ef5-8b88-397028900a47,"1) shopee prize games are totally scam. 2) why would u include reviews from other countries? why? update : loading of anything takes few seconds.. which is slow 3) many videos are made with Ai slop, most looks nothing like the actual product",prize game totally scam include review country update loading anything take second slow video made slop look nothing actual product,1,negative,2026-06-05 10:57:58,20
a3d33903-3202-4d78-9f57-4549fc5a5993,few years have using shopee to purchase thing.shopee getting good in service and customer protection policy . well done and keep going shopee,year purchase thingshopee getting good service customer protection policy done keep going,5,positive,2026-06-05 10:51:37,12
118fe77d-7916-4d11-9d61-2b0d33801fe0,"⭐⭐⭐⭐⭐ 5/5 I am very satisfied with this app. The products quality is excellent and it works exactly as described. The packaging was neat, and the product arrived in good condition. After using it for a few weeks, I noticed great results and it has met my expectations. It is easy to use, reliable, and worth the price. I would definitely recommend this product to others and would purchase it again in the future.",satisfied product quality excellent work exactly described packaging neat product arrived good condition week noticed great result met expectation easy reliable worth price definitely recommend product others purchase future,5,positive,2026-06-05 09:56:32,29
970810bd-ace8-4bb9-8a85-b30a5c1d3c26,"Some pictures can't be loaded, even review videos/pictures can't loaded sometimes",picture cant loaded review videospictures cant loaded sometimes,5,positive,2026-06-05 09:49:21,8
fe10a63d-9097-4b8c-a1bd-b85997404fa7,Easy and friendly user.. easy to refund and secure,easy friendly user easy refund secure,5,positive,2026-06-05 09:13:14,6
f2747e80-d750-41ea-a578-bbe978c83f1d,Anything you want search and can get it from shopee market. Fast delivery and friendly service.,anything want search market fast delivery friendly service,5,positive,2026-06-05 09:08:42,8
c24efe0b-6f11-4e28-a784-252d0dfa88b9,Not at all disappointed. Excellent performance. keep it up.,disappointed excellent performance keep,5,positive,2026-06-05 08:56:07,4
d548f7fa-60b8-444a-9e18-4f860e283149,Always The Best..But Please Decrease The Shipping Cost..🤭🤭,always bestbut decrease shipping cost,5,positive,2026-06-05 07:55:04,5
247f2fe4-888a-44d6-bcfa-3ea8dd80b06a,this app is so good I love buying things in this app... this is better than temu,good love buying thing better temu,5,positive,2026-06-05 07:52:46,6
0293bf96-d68f-4a47-8261-9d03ba9aba0d,your data has been shared or sold,data shared sold,1,negative,2026-06-05 07:35:21,3
07ffb0a9-ee17-4621-b538-f0c6248cbc6f,"Shopee is a user-friendly shopping app with many products at affordable prices. It often offers vouchers and free shipping, making online shopping more enjoyable. 😉",userfriendly shopping product affordable price often offer voucher free shipping making online shopping enjoyable,5,positive,2026-06-05 07:10:07,14
7ad851ca-529b-4841-a381-b0446f341fef,"new complaint. stop this foolish ""similar product review"" bs trying to trick customers. always have to think 1000 times when wanting to purchase using this app omg. stop treating your customers like this. your prev old ole versions were already good and straightforward. why.",new complaint stop foolish similar product review trying trick customer always think time wanting purchase omg stop treating customer prev old ole version already good straightforward,1,negative,2026-06-05 06:59:47,26
ba44faaf-62b2-4a86-bca7-e2e170820ca1,After my last review 5 years ago I see a huge improvement from Shopee in terms of delivery charges that include free shipping for self collection. Only issue I have are those LONG annoying adds in multiple sections while tricking us to redirect to their webpage everytime I'm playing my games. Make it short to the point. You don't get customer loyalty by annoying the hell out of them!,last review year ago see huge improvement term delivery charge include free shipping self collection issue long annoying add multiple section tricking redirect webpage everytime playing game make short point dont customer loyalty annoying hell,3,neutral,2026-06-05 06:19:34,35
6a7cce0b-c72a-433d-a8f2-d992a637068f,"Prefer beli shopee, lagi murah sebab ada diskaun",prefer beli lagi murah sebab ada diskaun,5,positive,2026-06-05 06:17:43,7
fa4fb9f2-2756-4143-b206-1cbc9ea544a1,"Shopee app itself is good, but the advertisement and live video are so annoying. This is a shopping app, we expect products video. But the app management do not limit user from uploading the unrelated video. Most important , lots of it has misleading contain. Please do something about it.",good advertisement live video annoying shopping expect product video management limit user uploading unrelated video important lot misleading contain something,1,negative,2026-06-05 05:16:31,20
0199ac3a-919d-4cfe-a2be-4a5e2db48a31,good fast delivery,good fast delivery,5,positive,2026-06-05 03:27:08,3
f515650e-d722-4a24-8f3e-f1671fcccf02,simply stupidest shopee app ever on no setting to off the live video loading....why are the main page keep going to the live video section????? this is freaking annoying!!!!! fixed it which I don't need the 1st page to the live video!!!!!!!!,simply stupidest ever setting live video loadingwhy main page keep going live video section freaking annoying fixed dont need page live video,1,negative,2026-06-05 03:00:54,22
6e8f4314-2cec-4e98-9a5f-251a76a507b1,Shopee is Best shopping App In malaysia Thank you Shopee,best shopping malaysia thank,5,positive,2026-06-05 02:57:39,4
aa16a2eb-92d8-43af-be7e-22eff8d84c67,overall okay tapi takde bayaran tng.susah nak byr.harap shopee add la payment method tng,overall okay tapi takde bayaran tngsusah nak byrharap add payment method tng,5,positive,2026-06-05 02:51:53,12
410ecfb4-ab96-4c50-a516-2e867f03cab1,"ease of use, purchase. fantastic offers and value. wide range to choose from.",ease purchase fantastic offer value wide range choose,5,positive,2026-06-05 02:46:04,8
4c935a1c-d6fe-4629-b4e9-6329a538d26d,"i hate ur shaking video (hint to scroll video)...it need to happen only once to guide user bro...not every time i open video, it will shake automatically telling it got scrollable feature im so mad this happen so long...ur bos ask to release update faster ah? it already a lot of month and u still not fix this ""one time guide only""...instead u guide user to scroll video every single time i open the apps zzzz...just remove the shake thing bro, we already know tiktok and we know it can be scroll",hate shaking video hint scroll videoit need happen guide user bronot time open video shake automatically telling got scrollable feature mad happen longur bos ask release update faster already lot month fix time guide onlyinstead guide user scroll video single time open apps zzzzjust remove shake thing bro already know tiktok know scroll,2,negative,2026-06-05 02:32:48,53
59d5c228-02ef-4f8f-aac7-7d3ebee2df8a,"Voucher system terlalu bodoh. Dah hantar barang lambat, kau bagi voucher. Voucher pulak rm5 je. Nak guna voucher min spend rm50 pulak. Ada quota pulak. Quota dah 93% used padahal baru claim tak sampai seminit. Nak bagi voucher bagi elok elok lah.",voucher system terlalu bodoh dah hantar barang lambat kau bagi voucher voucher pulak nak guna voucher min spend pulak ada quota pulak quota dah padahal baru claim tak sampai seminit nak bagi voucher bagi elok elok lah,1,negative,2026-06-05 02:29:21,37
27f9aedf-043f-423e-b652-546f1be2f32b,this Apps so good to me ..for buying all the thing here and very cheap!!!,apps good buying thing cheap,5,positive,2026-06-05 01:04:01,5
68435800-257e-4a6a-a398-f71a2f517cfe,i feel safe when buying,feel safe buying,5,positive,2026-06-05 00:44:44,3
a0444e75-6c10-4654-a4ea-b69ee814f440,"The platform allows Shopee Mall sellers (like Anker) to unilaterally cancel valid, paid orders under the excuse of ""failed to arrange shipment on time"" just to avoid honoring low promotional deal prices. Shopee customer service provides zero assistance or protection for buyers when sellers breach fulfillment timelines. Poor platform regulations. Do not trust promotional sales here.",platform allows mall seller anker unilaterally cancel valid paid order excuse failed arrange shipment time avoid honoring low promotional deal price customer service provides zero assistance protection buyer seller breach fulfillment timeline poor platform regulation trust promotional sale,1,negative,2026-06-05 00:42:18,38
d9937396-7d1b-4ede-9b9c-f80c850dfbf1,shopee ni dh la murah. harga berpatutan.,murah harga berpatutan,5,positive,2026-06-05 00:36:05,3
0910d361-6722-430f-807c-430b2e3b5237,GOOD EASY FOR COMMUNICATION,good easy communication,5,positive,2026-06-04 22:55:35,3
55efb278-306a-40ba-897b-c7875692a940,"Love using Shopee for the great prices and low delivery fee. However I'm leaving a low review coz I play phone games and Shopee ads on these games are SO annoying. Even when the X appears after the ad to close it clicking on the X doesn't close the ad but force opens the Shopee app! And the app sometimes refuses to close until after several attempts! No one is going to use Shopee more coz if your annoying ads, just let the ads close when people click the friggin' X!",love great price low delivery fee however leaving low review coz play phone game ad game annoying appears close clicking doesnt close force open sometimes refuse close several attempt going coz annoying ad let ad close people click friggin,2,negative,2026-06-04 22:05:24,39
3397aee8-6deb-49ee-b104-f86a041b4429,Shopee is a great online shopping platform where it is easily accessible and have a wide range of products available. Not only that but they give out tons of coupons for free delivery and cashback which makes it even cheaper if you buy it on Shopee rather than physically buying the product!,great online shopping platform easily accessible wide range product available give ton coupon free delivery cashback make cheaper buy rather physically buying product,5,positive,2026-06-04 18:48:21,23
f5911bc1-bb4b-4a03-858b-7e4dc0a55971,"ape masalah eh,kejap2 nak muncul dkt setiap web/apps? beria tau tak. tau le bile aku nk beli sini bile perlh tk payah nk muncul setiap masa. serabut tau tak. kalau mcm ni la gaya nye nk promote delete aje le shoope ni,serabut kacau hidup org. tak tenang. plis jgn jadi batak customer sgt.",ape masalah ehkejap nak muncul dkt setiap webapps beria tau tak tau bile aku beli sini bile perlh payah muncul setiap masa serabut tau tak kalau mcm gaya nye promote delete aje shoope niserabut kacau hidup org tak tenang plis jgn jadi batak customer sgt,1,negative,2026-06-04 18:32:15,45
50cf8bf4-b1c8-48b2-b9d3-6d1de1a54bad,"I hate this app. it's always come out when I want to download something, it's annoying. I swear, I don't like this app",hate always come want download something annoying swear dont,1,negative,2026-06-04 18:07:27,9
e714cd11-6ccf-41ed-85bb-1ec69dc69c49,Fast respond and excellent service,fast respond excellent service,5,positive,2026-06-04 17:19:35,4
6e774b1c-7347-439c-b08b-0553a7c0fa80,"Definitely no 1 in Malaysia. It's almost 2 years I think the last time I'm using the one that syart with ""L"". Since then,, I've never look back.. 😅",definitely malaysia almost year think last time syart since ive never look back,5,positive,2026-06-04 15:17:10,13
02528258-921e-4794-85e3-71d3abf756a8,BRO THE ADS ARE TOO LONG AND ALSO FORCING PEOPLE INTO ADS,bro ad long forcing people ad,3,neutral,2026-06-04 14:23:48,6
874c2688-12cc-4415-a0fe-b92ec784c99f,Stupid Ads You better Stop Showing me your Stupid Useless Ads!!! All products im not interested in it!!!! showing me these ads are no Big Deal! its not worth anything!,stupid ad better stop showing stupid useless ad product interested showing ad big deal worth anything,1,negative,2026-06-04 14:14:45,16
732a3e27-b068-42f5-aefc-fbee68b00d85,"i just wanna log in to my old account in my new phone but the face verification keep saying face doesn't match, and when i wanted to use other method it keep asking for verification",wan log old account new phone face verification keep saying face doesnt match wanted method keep asking verification,2,negative,2026-06-04 13:58:02,18
1f0c248c-0508-4136-bf42-0ea92e183002,Lowest price you can find in the market,lowest price find market,5,positive,2026-06-04 13:50:13,4
2ef74fc9-cae4-4697-b982-368e044b0477,"shoppe is very useful to my specially if don't have time to go out for shopping, everything i wanted here already and no hassle",shoppe useful specially dont time shopping everything wanted already hassle,5,positive,2026-06-04 12:47:42,10
bcedc9f7-ee51-42e5-b4cc-a13aa2041609,Easy and trusted shopping 😊😊😊,easy trusted shopping,5,positive,2026-06-04 12:07:09,3
9ea7b565-7cc9-4e40-b80a-413d21fdd4ae,"good experience shopping online, price also cheaper than physical shopping.. more choice to choose..and like consumer is the king",good experience shopping online price cheaper physical shopping choice chooseand consumer king,5,positive,2026-06-04 11:17:48,12
20257e30-c2b6-43dc-9171-61fc0fa49922,"the most ads seen in different games, makes me have a headache that much.",ad seen different game make headache,1,negative,2026-06-04 11:07:37,6
a6d74b98-0e80-48ae-9382-6a15ba12e001,"good, easy to use n buy something.",good easy buy something,5,positive,2026-06-04 10:09:46,4
93c2cd8e-128b-4b12-9dde-66505339b3ee,oklah..masih boleh diterima dr segi service,oklahmasih boleh diterima segi service,5,positive,2026-06-04 09:26:56,5
2589e0ed-bf8c-454d-bb76-5ad8aef2ae16,Stop Ad I Am Trying to Play a Game Chicken gun you stop there😡😡😡😡,stop trying play game chicken gun stop,1,negative,2026-06-04 09:22:43,7
d5d96409-b09f-4102-9290-47c1c6b80dbc,banyak produk yg free,banyak produk free,5,positive,2026-06-04 09:04:47,3
70dcaef5-670f-47f1-bab3-1de799134043,"User-friendly platform with excellent deals, vouchers, and a huge variety of products. Highly recommended.",userfriendly platform excellent deal voucher huge variety product highly recommended,5,positive,2026-06-04 08:18:17,10
c3f2e61f-230f-4da2-aa32-4c7335c74999,shoppe is the best app for order item and have much voucher,shoppe best order item voucher,5,positive,2026-06-04 07:30:27,5
6f10a3b5-babc-4e3d-a932-34de552efca0,I love this app because this app helps me to find the product that I want easily and provide me a lot of vouchers.,love help find product want easily provide lot voucher,5,positive,2026-06-04 07:26:32,9
65e303a3-ce24-49bd-8e42-5d872ae7fa56,"very good, very cheap and good products. Best online shopping app💗💗",good cheap good product best online shopping,5,positive,2026-06-04 07:19:48,7
c448b766-8fb9-4bd1-9e28-e3909ecb4b15,"Shopee – ⭐⭐⭐⭐⭐ Shopee offers a great shopping experience with competitive prices, vouchers, and secure transactions. The app is user-friendly and provides excellent value for online shoppers.",offer great shopping experience competitive price voucher secure transaction userfriendly provides excellent value online shopper,5,positive,2026-06-04 06:35:34,15
f445d15f-2558-4c12-8d8e-c5ce19b9b29e,wonder what apps going to above u soon..huhuhu.. the best for now,wonder apps going soonhuhuhu best,5,positive,2026-06-04 06:16:20,5
04dc15b8-1503-4939-90ef-a43f702e319d,"shopeefood hantar makanan lambat, melebihi waktu yang dijangka. kemudian, waktu dipanjangkan lagi. sepatutnya shopee memberi pampasan seperti voucher sekiranya makanan lambat dihantar. voucher yang sedia ada pun sering mempunyai masalah. aplikasi lambat untuk memberi update sekiranya voucher telah habis. selalu glitch.",shopeefood hantar makanan lambat melebihi waktu yang dijangka kemudian waktu dipanjangkan lagi sepatutnya memberi pampasan seperti voucher sekiranya makanan lambat dihantar voucher yang sedia ada pun sering mempunyai masalah aplikasi lambat untuk memberi update sekiranya voucher telah habis selalu glitch,3,neutral,2026-06-04 06:12:43,40
d3c93164-0603-49b5-ae52-4437515ffe79,"stop keluar iklan, kacau org je.",stop keluar iklan kacau org,1,negative,2026-06-04 06:07:45,5
e254054d-f5ea-4587-98eb-9659e00005f1,"can turn off the annoying, background sounds",turn annoying background sound,1,negative,2026-06-04 05:54:21,4
5d43b888-aec3-4c2d-b693-e78d692dbb82,"I want to say, #shopee is good. Dont expect anything. Dont compare your account with other people account. ( I am talking about coins ).",want say good dont expect anything dont compare account people account talking coin,5,positive,2026-06-04 01:12:22,13
f34defe7-9bbb-4709-b588-5b308ea74b21,THE DELIVERY IS ALWAYS DELAYED!? I NEED MY ITEM AND SHOOPE CANCEL IT?! BRO ITS JUST A NO NO FOR ME,delivery always delayed need item shoope cancel bro,1,negative,2026-06-04 00:19:41,8
20b09baf-48f7-4008-8d71-1fe4e4c27d6e,"Saya senang berbelanja di shoppe kerana mudah tak perlu keluar rumah dan boleh shopping bila2 masa. Semua benda ada dijual dishoppe, harga pon reasonable. Shoppe juga mengadakan kemudahan beli dulu bayar kemudian melalui Spaylater. Walau bagaimana pun saya tetap bersama shoppe. Sedikit ketidakpuasan hati utk return and refund kerana pick up gagal dlm urusan return good, dan kedua kelewatan menerima parcel kerana kegagalan curier menyerah brg dlm tempoh yg ditetapkan. Over all shoppe still good.",saya senang berbelanja shoppe kerana mudah tak perlu keluar rumah dan boleh shopping bila masa semua benda ada dijual dishoppe harga pon reasonable shoppe juga mengadakan kemudahan beli dulu bayar kemudian melalui spaylater walau bagaimana pun saya tetap bersama shoppe sedikit ketidakpuasan hati utk return refund kerana pick gagal dlm urusan return good dan kedua kelewatan menerima parcel kerana kegagalan curier menyerah brg dlm tempoh ditetapkan shoppe good,5,positive,2026-06-03 23:28:20,68
fb178a40-4585-4c08-ac39-6636a88d7e76,very good quality for baby I'm very happy now,good quality baby happy,5,positive,2026-06-03 23:22:12,4
2fea401b-71b9-44a4-9d9b-a0dc4c2c6e0d,great place for shopping,great place shopping,5,positive,2026-06-03 23:05:47,3
6a3e20a0-0b51-4c1f-a965-73b8ea99c54e,Great online shopping platform.,great online shopping platform,5,positive,2026-06-03 20:24:40,4
651640b8-9dfa-4850-b655-723440e9bd03,if you are not gonna fix my problem in paying then i think its better to stop forcing ads into your app :)))) annoying so much!,gon fix problem paying think better stop forcing ad annoying,1,negative,2026-06-03 19:55:16,10
7aea4b90-bc5e-43c7-a639-ee3d9ca86ffc,Thank you Shoope and thanks to your team for creating this amazing shopping app... Deserve a 5 star rates 🌟 🌟 🌟 🌟 🌟,thank shoope thanks team creating amazing shopping deserve star rate,5,positive,2026-06-03 16:27:47,10
8545fdf5-af14-4bd1-a5f8-e66652715298,"they say it have been refunded but the money still did not receive in my tng acc. and went I ask them they answer it like very angry, they say its still pending and need to wait for 3-5 days. then why they write refunded or refund complete? that mean they have been refund because its write Complete. it make me think if refunded money before this, actually go to my bank acc or not because I trusted shoppe so much until today, suddently I want to check and the money still did't receive in my tng.",say refunded money receive tng acc went ask answer angry say pending need wait day write refunded refund complete mean refund write complete make think refunded money actually bank acc trusted shoppe today suddently want check money didt receive tng,1,negative,2026-06-03 15:13:29,40
4bb9c1f4-92a5-491f-937b-6eb39432ff21,you should add tng E-wallet for the payment method,add tng ewallet payment method,4,positive,2026-06-03 15:10:53,5
fcf1e5a7-c5e2-4512-a6a9-f593d0453750,dislike due to girl with inappropriate video dancing,dislike due girl inappropriate video dancing,1,negative,2026-06-03 15:09:40,6
6f16d35c-3ed7-42d8-bad2-b60f9b0e155c,Susah benar nak register. suh letak ic dah buh ic. pastu mintak gambar muka sebelah ic. dah bagi. pastu cakap alamat tak sama pulak. mintak bil elektrik pulak. apebende la. 1 star kira cukup dah tu.,susah benar nak register suh letak dah buh pastu mintak gambar muka sebelah dah bagi pastu cakap alamat tak sama pulak mintak bil elektrik pulak apebende star kira cukup dah,1,negative,2026-06-03 14:31:40,30
a7455ef6-af54-422b-908e-87345a8f9bd3,Shopee App is App that I like To use to buy Many Think. Very User Friendly and Cant Track the Shipment Over Time.,buy think user friendly cant track shipment time,5,positive,2026-06-03 13:39:03,8
fc5794e2-abcd-4bb3-9649-dd59731ba6b1,okey..bagus saya suka.senang buat urusan pembelian dan yuran bayaran balik yang senang penguna..mesra penguna.,okeybagus saya sukasenang buat urusan pembelian dan yuran bayaran balik yang senang pengunamesra penguna,5,positive,2026-06-03 13:13:05,14
d5f62c4f-270b-4fd8-bd61-756064b9c04d,best bnyak barang boleh beli,best bnyak barang boleh beli,5,positive,2026-06-03 12:29:38,5
4f101ba2-0110-434e-8d98-7dd4452d7466,Highly recommended online shopping. Superb app that's you can be trusted. The easiest and smoothie for purchase and others options that offered by Shopee 👍⭐⭐⭐⭐⭐👏💯,highly recommended online shopping superb thats trusted easiest smoothie purchase others option offered,5,positive,2026-06-03 10:35:33,13
4c21c1ca-0485-434d-90e9-1d2681d4cb43,"So good app,many usefull things we can buy",good appmany usefull thing buy,5,positive,2026-06-03 08:55:31,5
d4b42001-6a7d-4c98-b712-594df952f7a5,"Aplikasi yang sangat bagus untuk membeli barangan yang diperlukan, keselamatan dijamin dlm setiap pembelian.",aplikasi yang sangat bagus untuk membeli barangan yang diperlukan keselamatan dijamin dlm setiap pembelian,5,positive,2026-06-03 08:49:31,14
3b89f0bd-664d-4858-81f6-e6aae436fd73,trash I can't even use my shopeewallet to pay and I been verifieing for 130 time give me my money back!!!,trash cant shopeewallet pay verifieing time give money back,1,negative,2026-06-03 08:48:22,9
58acecc4-7369-4210-86e6-e3de379c0399,Shopee should punish seller or video promoters who used AI video to promote product. Isn't that a fraud? Actual product differs greatly than what's being advertised/portrayed by AI video.,punish seller video promoter video promote product isnt fraud actual product differs greatly whats advertisedportrayed video,1,negative,2026-06-03 06:55:46,16
d6995d67-6e31-4358-85b3-287bf597a8a8,memudahkan walau pun mahal sedikit je,memudahkan walau pun mahal sedikit,5,positive,2026-06-03 05:55:05,5
4718a1fa-a6ce-453a-9835-f2a40fab1766,"Shopee is an excellent online shopping platform with a wide variety of products at competitive prices. The app is easy to navigate, and the delivery process is usually fast and reliable. Overall, it provides a convenient shopping experience.",excellent online shopping platform wide variety product competitive price easy navigate delivery process usually fast reliable overall provides convenient shopping experience,5,positive,2026-06-03 05:28:37,21
9314dc76-c6be-469c-9235-32bfe79b49e3,ada vaucher tak boleh guna,ada vaucher tak boleh guna,2,negative,2026-06-03 03:02:53,5
ac98b307-077a-448f-8819-fe1867c6e70f,There are scam that Shopee can't do much. Not reliable. Not trusted,scam cant reliable trusted,1,negative,2026-06-03 02:21:14,4
1e8ac58d-7ff2-4134-ba6e-0d6f2ee8fc9a,KEMBALIKAN PILIHAN KURIER,kembalikan pilihan kurier,5,positive,2026-06-03 01:12:28,3
5ace18df-7682-47e1-ab8a-71761139d2ba,"terrible delivery rider , don't knw how to read map and don't knw how to listen to human language speak Malay don't understand speak english don't understand , sudah bagitau belakang U parking punya motor , still don't understand , still want play blame , if too stress , don't work as delivery rider , and shoppe don't filtered their rider quality . very rude .",terrible delivery rider dont knw read map dont knw listen human language speak malay dont understand speak english dont understand sudah bagitau belakang parking punya motor dont understand want play blame stress dont work delivery rider shoppe dont filtered rider quality rude,1,negative,2026-06-03 01:09:17,42
8cf952eb-f3d7-4497-8030-3685940b2c06,annoying ads keep opening links to this site without my consent,annoying ad keep opening link site without consent,1,negative,2026-06-03 00:14:34,8
6139dab3-513e-486a-8924-85b30fb61139,"Shopee is one of the best shopping apps with great deals, vouchers, and a user-friendly interface. Shopping online has never been easier",best shopping apps great deal voucher userfriendly interface shopping online never easier,5,positive,2026-06-02 22:56:25,12
f0adf003-b15b-4521-b51b-8ce85dbedbb7,-lags so bad. -99% of the vouchers are unusable,lag bad voucher unusable,1,negative,2026-06-02 18:29:05,4
741308a8-3216-465d-bc4b-271de22bb278,Good Shopee. Plz Try Apply Shopee Car Driver Same Like Grab Car Driver . This Good Busines,good plz try apply car driver grab car driver good busines,5,positive,2026-06-02 17:50:37,11
852b4c0a-df59-4244-929a-5fecd653a3d7,"Tolong sediakan butang ban seller. Sedia maklum platform shopee lubuk fake product. Report berkali² pun tiada tindakan. Dan algoritma pula suka menganjing naikkan produk2 dari kedai jual fake tu... Jadi tolong sediakan butang ban seller atau butang ""not interested"" supaya algoritma berhenti cadangkan produk dari kedai celaka tu.",tolong sediakan butang ban seller sedia maklum platform lubuk fake product report berkali pun tiada tindakan dan algoritma pula suka menganjing naikkan produk dari kedai jual fake jadi tolong sediakan butang ban seller atau butang interested supaya algoritma berhenti cadangkan produk dari kedai celaka,1,negative,2026-06-02 16:34:59,44
892e13c2-d519-4675-8c3e-06fc2e16b750,"The app is good, all the items are of the same quality, there is no delay, the goods are being sent in two or three days, the same delivery boy who comes to our place comes when he is sleeping at night, this is too much bad",good item quality delay good sent two three day delivery boy come place come sleeping night bad,1,negative,2026-06-02 15:25:25,17
d1c31ac0-bcc0-4088-a116-41975205502b,"gliching , upon start alway on videopage not home page.. have try to fix but no option @ toggle to switch of @ change. some time overlaping..",gliching upon start alway videopage home page try fix option toggle switch change time overlaping,3,neutral,2026-06-02 15:09:52,15
0eb6e2e3-8658-4a9e-abbc-84a7590f1711,"THE ADS IS SO ANNOYING, I HATE THIS APPS I JUST WANTED TO PLAY VIDEO GAME BUT THE ADS KEEPS POP UP AT MY SCREEN!!",ad annoying hate apps wanted play video game ad keep pop screen,1,negative,2026-06-02 14:56:52,12
95f482c9-7d18-45b7-802d-7f0ed8b2e7f1,"I have ordered several items from this platform in the last few weeks. All products arrived very quickly and were exactly as described. The quality is good, the price is fair, and the service is reliable. I am very satisfied with my purchases. Thank you. I will recommend it...",ordered several item platform last week product arrived quickly exactly described quality good price fair service reliable satisfied purchase thank recommend,5,positive,2026-06-02 14:31:50,21
8a16585e-7db1-41af-9f8f-0ed0321d7367,Shopee is a convenient online shopping app with a wide range of products at affordable prices. It is easy to navigate and makes buying items fast and simple.,convenient online shopping wide range product affordable price easy navigate make buying item fast simple,5,positive,2026-06-02 14:27:46,15
d7d2050a-8881-41fb-89b1-341bf9d5a856,sesetengah produk tidak mempunyai diskaun tapi saya suka shopee ni,sesetengah produk tidak mempunyai diskaun tapi saya suka,4,positive,2026-06-02 13:52:22,8
edc12c95-f279-47f3-a59e-18c0e0c43b76,feels like the ShopeeFood voucher are CHEATED I cannot claim voucher and even so the voucher is fully redeemed within 1.5 second I try my best😂 the voucher are kaw kaw 10 off BULLSHITTT,feel shopeefood voucher cheated claim voucher voucher fully redeemed within second try best voucher kaw kaw bullshittt,1,negative,2026-06-02 11:12:35,17
95bfb2ec-f40f-491d-b01e-596e7cc593d8,very food apps market and food,food apps market food,5,positive,2026-06-02 11:12:05,4
c5e06319-dab9-4786-9f50-c32b9741c457,Fast delivery and easy to order,fast delivery easy order,4,positive,2026-06-02 10:27:52,4
f2aa3645-a651-41fc-81d4-f31c92081095,bagus dan pantas,bagus dan pantas,5,positive,2026-06-02 10:15:53,3
13bbacf4-20e1-45e9-a4c3-64f2abc7b26a,lembab logistic partner 4 kali pickup attempt unsucessful sampai kiamat tak sampai sampai.,lembab logistic partner kali pickup attempt unsucessful sampai kiamat tak sampai sampai,1,negative,2026-06-02 10:07:12,12
887188e5-73dc-4807-868e-c0a74c8897bb,Great shopping app across ASEAN,great shopping across asean,5,positive,2026-06-02 09:03:01,4
2c2e92da-beb9-4c69-8a81-0c0cb9de0edf,app yang paling menyakitkan hati...timbul dia semua iklan walaupun tak tekan masuk ke iklan tu....sebab iklan app ni la punca tak minat nak download games....betul2 mnyakitkan hati...,yang paling menyakitkan hatitimbul dia semua iklan walaupun tak tekan masuk iklan tusebab iklan punca tak minat nak download gamesbetul mnyakitkan hati,1,negative,2026-06-02 08:59:25,22
598443f5-877a-45c3-80c0-57e652db3d3f,"simply the best. but one thing I'm wondering why, sometimes points are not awarded?",simply best thing wondering sometimes point awarded,5,positive,2026-06-02 08:49:53,7
f94e1236-ff17-4356-8fe0-e37d0aeaee1b,i have ordered my desired item and all the items are perfect as my desire. thank you shopee.,ordered desired item item perfect desire thank,5,positive,2026-06-02 08:22:00,7
c8c2deb9-e0a2-435b-86b1-53e900c9d62b,i make payment spay later for 12 months but i got to pay in 6 months. i have complaint twice but no action taken,make payment spay later month got pay month complaint twice action taken,1,negative,2026-06-02 07:44:20,12
20d11883-29a0-4516-abe8-df7ef92ec809,"The Shopee app provides very poor and terrible service. I am personally a victim of it. I live in SS15, Subang Jaya. They brought my parcel and just gave me a phone call, then left without delivering the parcel to me. Their behavior is also very rude and unprofessional.",provides poor terrible service personally victim live subang jaya brought parcel gave phone call left without delivering parcel behavior rude unprofessional,1,negative,2026-06-02 06:46:53,21
24f9da29-1e7e-4b44-bde9-620d36f3f88c,easy to track..multiple payment methods ..,easy trackmultiple payment method,5,positive,2026-06-02 06:11:35,4
848c976c-1124-44d9-b4ee-af542c29db57,Hub keep my order for 2 days even though I already update i need the parcel urgently as I need to use it today.Order 5 days ago and didn't expect it wouldn't reach me in time even though just from local shipping.,hub keep order day though already update need parcel urgently need todayorder day ago didnt expect wouldnt reach time though local shipping,4,positive,2026-06-02 06:00:13,22
5e235223-678f-4d7b-9c1e-8d603d346483,Why doesn't Shopee PayLater offer a minimum payment option like Lazada PayLater and TikTok PayLater? Having to pay the full monthly installment at once can be challenging for some users. A flexible payment or minimum payment feature would make it much easier to manage finances. I hope Shopee considers adding this option in the future.,doesnt paylater offer minimum payment option lazada paylater tiktok paylater pay full monthly installment challenging user flexible payment minimum payment feature make easier manage finance hope considers adding option future,1,negative,2026-06-02 05:15:54,30
c5f344bb-8128-45ea-a57e-e4daa84e99a4,Mantapp segalanya ada di Shoppe,mantapp segalanya ada shoppe,5,positive,2026-06-02 05:11:57,4
363986e4-0b78-4f73-a82c-08f7d44bd752,"Please consider adding feature such as remove viewed item, option to stop recommending selected item.. also i dont really mind AI but but its a horrendous way to highlight a product.. its often look inaccurate in how it look and performs..",consider adding feature remove viewed item option stop recommending selected item dont mind horrendous way highlight product often look inaccurate look performs,3,neutral,2026-06-02 04:51:54,22
b9a5a979-900d-4822-a303-545f0a9d883a,mak bapa je x de jual dlm ni,mak bapa jual dlm,5,positive,2026-06-02 04:35:08,4
403f129b-aeb0-4945-aa8d-7d913ca78707,"No security against scams, fake sellers, fake products and unsafe products. I had to do more digging than I should before buying things here. I had to search for the exact product model online to cross check against the one sold here and also to double check the sellers and reviews made (if I am lucky). Please make product image as a must, by forcing sellers to take photo of their own products rather than allowing upload photos.",security scam fake seller fake product unsafe product digging buying thing search exact product model online cross check sold double check seller review made lucky make product image must forcing seller take photo product rather allowing upload photo,2,negative,2026-06-02 04:29:01,38
68179c42-3d26-49d7-8e4d-78826d06a04e,shopee tak cekap. penghantaran ke collecting point selalu gagal. sampai waktu maghrib pun masih belum sampai dan sekarang dah lepas tarikh ia sepatutnya sampai. nak kena tunggu lagi SEBULAN kot baru akan sampai.,tak cekap penghantaran collecting point selalu gagal sampai waktu maghrib pun masih belum sampai dan sekarang dah lepas tarikh sepatutnya sampai nak kena tunggu lagi sebulan kot baru akan sampai,1,negative,2026-06-02 04:02:47,30
71f3fb0f-24fc-461e-8b2a-ddc8b21d6098,"Mantap!!! Sangat murah, banyak diskaun. Dapat jimat lebih banyak! Shopee Lagi Murah! Penjimatan Unlimited!",mantap sangat murah banyak diskaun dapat jimat lebih banyak lagi murah penjimatan unlimited,5,positive,2026-06-02 02:48:05,13
182a9764-45d5-4ff7-9d41-64d88b86c0cc,"great, best platform to shop online.",great best platform shop online,5,positive,2026-06-02 02:08:03,5
6c924792-8e1d-4884-9bf3-b27d61666eba,I feel very disappointed with this app.i just try to check out my item and this app accused me for doing violated against system and restricted my account.when I try to fix it this app decline too.i m very frustrated and decided to delete this app and just use TikTok shop instead,feel disappointed appi try check item accused violated system restricted accountwhen try fix decline tooi frustrated decided delete tiktok shop instead,1,negative,2026-06-02 00:55:26,21
759b6189-5b21-49c0-b14c-4aaeeba9fb95,"no landscape mode?! when my tablet is on landscape mode, the app appears tiny in the middle of the tablet with thick black bars on both sides of the app. so disappointing 😞",landscape mode tablet landscape mode appears tiny middle tablet thick black bar side disappointing,2,negative,2026-06-02 00:29:16,14
61c0359b-8363-42fc-870a-009379be000b,WHY DOES EVERY POP-UP ADS LEADS TO THIS APPS? Good apps to buy things but don't dream to be a seller as you need to pay for your product to be advertised otherwise your product will be hidden/shadowbanned when someone search for it. Reducing the amount of vouchers used also a scummy tactics for buyer.,popup ad lead apps good apps buy thing dont dream seller need pay product advertised otherwise product hiddenshadowbanned someone search reducing amount voucher scummy tactic buyer,2,negative,2026-06-01 19:43:49,26
ed3439ff-7f67-49d6-a5a9-4d5d10a1cc2c,"For goodness sake, stop using the Live & Video feeds as the default startup page! It's crazy annoying and disturbing! FOR THOSE READING THIS, only solution is to uninstall and reinstall the app. The auto startup to live Video page happens if you have selected the live videos, even once as you'll notice the app installs an ""add-on"" the first time you watch a live video. DON'T use the chat request method as you're basically giving Shopee authorization to gather unnecessary personal data!",goodness sake stop live video feed default startup page crazy annoying disturbing reading solution uninstall reinstall auto startup live video page happens selected live video youll notice installs addon first time watch live video dont chat request method youre basically giving authorization gather unnecessary personal data,1,negative,2026-06-01 17:43:34,46
82dd0cde-4e8b-4c6d-a1c0-10f497bb2c82,i get shopee ads often and it forcefully opens the app regardless. giving bad rating because shopee ads from google are so long and bad and forcefully open the app several times per ad ruining my experience everywhere else.,ad often forcefully open regardless giving bad rating ad google long bad forcefully open several time per ruining experience everywhere else,1,negative,2026-06-01 16:36:29,21
67aea736-bf82-4b7a-9fe8-00306aef20e7,"can make like tiktok, can make early payment(can put amount, pay little)",make tiktok make early paymentcan put amount pay little,3,neutral,2026-06-01 16:11:50,9
31170642-552f-4422-8bc6-3efa8fa3ea49,"apps ni mmg best,tapi kalo beli handphone atau barang yg mahal dri 1k dgn spay later blh sampai 36 bulan mcm yg aeon gitu lagi best..harap shopee blh timbangkan benda ni👍👍",apps mmg besttapi kalo beli handphone atau barang mahal dri dgn spay later blh sampai bulan mcm aeon gitu lagi bestharap blh timbangkan benda,5,positive,2026-06-01 15:11:09,24
80eca440-a254-428d-9e0d-289787d7db2a,Notifications are too far down the screen and very hard to read and you can't tell if there are new notifications until you click on the tab.,notification far screen hard read cant tell new notification click tab,3,neutral,2026-06-01 14:23:07,11
de11400f-19c5-457b-b9f3-7f3b1c0e7d3c,why this app put many ads in another app. It's very annoyying to me,put ad another annoyying,1,negative,2026-06-01 13:50:51,4
2c1358b4-1942-405e-b2b0-35a2ce2b597c,"fast delivery good quality a lot of discount, couch and some good deals this is a best online shopping app I like this very much",fast delivery good quality lot discount couch good deal best online shopping,5,positive,2026-06-01 13:10:44,12
efcdda8c-9d56-4d81-81ad-280dce126a30,the best shopping platform ever!,best shopping platform ever,5,positive,2026-06-01 12:42:57,4
7b2a6f84-2fcc-4d02-a092-c2576235b00f,want to upload video evidence keep displaying connect cannot submit,want upload video evidence keep displaying connect submit,1,negative,2026-06-01 12:26:14,8
83f894ca-e117-416b-bd25-bbe81881f04d,easy to buy buy buy,easy buy buy buy,5,positive,2026-06-01 10:46:24,4
ebf93281-1182-48b5-aa7a-d24107e03c94,All item can find here safe app even purchase The devices. Love to shop here.,item find safe purchase device love shop,5,positive,2026-06-01 08:54:03,7
7817ac9f-7402-4d75-a495-5931a87d455a,An easily accessible application for searching products & price.,easily accessible application searching product price,5,positive,2026-06-01 07:46:15,6
c200fe11-ce2b-4e46-b2a2-df5865a0e32d,"as usual , competitive and reasonable pricing but a lot of scammers seller in it.",usual competitive reasonable pricing lot scammer seller,5,positive,2026-06-01 07:31:41,7
16b8abde-027b-40ca-b5f8-9f6378ca0e7c,ada yang murah cantik lagi,ada yang murah cantik lagi,5,positive,2026-06-01 07:28:30,5
4d4094fd-c8c9-48ea-a316-43b375489ccf,"Return has become worse. Nowadays have to have multiple videos and pictures of packages before opening to address wrong item sent, change of mind and so on. Then will review for 2 days before telling if need any more information or not. Then within that day if their assessment u have to reply. Otherwise u are stuck with them item that is of no use to you. Because everyone is sitting by the phone and item at all times.",return become worse nowadays multiple video picture package opening address wrong item sent change mind review day telling need information within day assessment reply otherwise stuck item everyone sitting phone item time,1,negative,2026-06-01 06:41:57,32
b967ae11-5cb3-41ce-a760-693b6bbbdbb1,"Shopee is an e-commerce platform where users can buy and sell a wide variety of products online. It is known for its large selection, competitive prices, promotions, and convenient shopping features. People use it to shop for items like electronics, fashion, beauty products, home goods, and everyday essentials.",ecommerce platform user buy sell wide variety product online known large selection competitive price promotion convenient shopping feature people shop item electronics fashion beauty product home good everyday essential,5,positive,2026-06-01 06:37:59,29
33f39e98-44ef-4701-a090-f3f1fa41c8d5,lag and sometimes it said 4.30 but when i want to play its 6.70,lag sometimes said want play,1,negative,2026-06-01 05:20:28,5
4818a14c-c2ac-408b-9380-96b72aab96b8,Yayyy more ads plss,yayyy ad plss,5,positive,2026-06-01 03:45:12,3
dbad679e-cb81-43d7-a143-80ae9136b607,"The latest version will force you to go to Live video upon launch. When I contacted the Customer Service, I was informed that this is the new deployment and cannot be changed. Now I have to make sure my phone volume is on mute whenever I need to launch Shopee app. Based on the reply below, it looks like you're going to send me in a loop. I have contacted your Customer Service before putting in this review. How disconnected can the app developer be from your Customer Service?",latest version force live video upon launch contacted customer service informed new deployment changed make sure phone volume mute whenever need launch based reply look youre going send loop contacted customer service putting review disconnected developer customer service,1,negative,2026-06-01 02:21:57,38
9576b9c8-d617-4f4f-b822-05db84db84ad,thanks you bast of the Bast 👍,thanks bast bast,5,positive,2026-06-01 01:11:11,3
6d9b2cd2-65b4-419b-9444-1c56d529c0e2,"shopee express ko mai problem, kasi bagus dlu shopee express ko tu mai",express mai problem kasi bagus dlu express mai,1,negative,2026-06-01 01:04:10,8
fbf9dca9-3922-4698-8893-db0e3e6869fd,simply block me from collecting coin,simply block collecting coin,1,negative,2026-05-31 18:45:55,4
fdf04586-8759-4fc8-b582-2290bf1f9664,What's the whole purpose of giving a voucher to new user when they can barely use it? Guessing that the first come first serve resetted every 12.00 a.m. I made my account at 1 a.m. and I'm about to use it but it's already out. Please add a % of how much the voucher has been used if it's a first come first serve voucher.,whats whole purpose giving voucher new user barely guessing first come first serve resetted made account already add voucher first come first serve voucher,1,negative,2026-05-31 17:18:06,24
15fc9c7f-4ede-4f45-bb88-98f218d678b5,thanks but can you not forcing me to open your app each time?,thanks forcing open time,5,positive,2026-05-31 16:46:26,4
b4f5e43e-a650-4612-8457-b2cafcf3a968,"Same as other, when you open it default to live and recently there is bug where the video keep playing at background after you click home or exit from apps this cause high battery usage",open default live recently bug video keep playing background click home exit apps cause high battery usage,1,negative,2026-05-31 15:50:23,17
4a55eaea-4bfb-4dfd-919c-649869a59a14,best doh pakai shopee ni,best doh pakai,5,positive,2026-05-31 14:15:13,3
00e255b6-2d00-457b-8ae3-860af90cb961,Why suddenly this apps blanks when I looking product delivery???? 👁️👁️😏,suddenly apps blank looking product delivery,1,negative,2026-05-31 14:05:50,6
c20b9881-e81f-4537-a503-f9c6f44833fb,"best shopping app ever, got so many voucher's, really love to use this app",best shopping ever got voucher love,5,positive,2026-05-31 13:54:27,6
0c51e37d-6868-4803-80e8-656f5ac0daa3,"⭐⭐⭐⭐⭐ 5/5 Shopee is one of the most popular and reliable e-commerce platforms, offering a smooth and enjoyable online shopping experience. The app provides a massive variety of products ranging from electronics, fashion, beauty, home essentials, groceries, and many more, all in one convenient place. I really like how easy it is to search, compare prices, and read reviews before making a purchase. The interface is simple, fast, and user-friendly, making shopping accessible for everyone.",popular reliable ecommerce platform offering smooth enjoyable online shopping experience provides massive variety product ranging electronics fashion beauty home essential grocery convenient place easy search compare price read review making purchase interface simple fast userfriendly making shopping accessible everyone,5,positive,2026-05-31 11:31:52,39
4ccc7d63-b36b-40b1-9f1d-215cb4708524,kecewa dengan delivery..dah tau kenderaan rosak kenapa tak cari back-up... menunggu barang yang sepatutnya hantar tapi tak hantar..da la emergency nak pakai sangat...sila upgrade kenderaan...,kecewa dengan deliverydah tau kenderaan rosak kenapa tak cari backup menunggu barang yang sepatutnya hantar tapi tak hantarda emergency nak pakai sangatsila upgrade kenderaan,1,negative,2026-05-31 11:30:45,24
4d8d777b-0216-4c44-b520-91908abb69c9,Very good product and proce also good,good product proce good,5,positive,2026-05-31 11:25:07,4
50c8e984-3619-43e2-b024-dd23b2394841,Sudah lebih 5 tahun guna app ini dan semua aman,sudah lebih tahun guna ini dan semua aman,5,positive,2026-05-31 10:21:05,8
8ae0efd2-23ba-477f-a08c-047b6df960bd,easy and fast delivery,easy fast delivery,5,positive,2026-05-31 09:34:40,3
c06da413-5140-4c2f-8fa7-a54185017f7a,i feel happy because buy online shoppe,feel happy buy online shoppe,5,positive,2026-05-31 09:25:35,5
13d6f7ab-0c48-41d5-b197-5cc8bdf33ff4,"“Great app for online shopping with many deals and vouchers. Easy to use, but sometimes delivery can be slow. Overall, a convenient platform.”",great online shopping deal voucher easy sometimes delivery slow overall convenient platform,5,positive,2026-05-31 08:03:02,12
2772c83b-7d83-403f-ae80-9626acec5858,# 1 brand online seller provider,brand online seller provider,5,positive,2026-05-31 07:33:10,4
cc5a61d0-396f-4b55-b5af-c0763767de90,Best experiences purchasing with Shopee,best experience purchasing,5,positive,2026-05-31 06:49:20,3
e45edc78-53b1-420f-9caa-ef408ac096d4,the best super app ever,best super ever,5,positive,2026-05-31 05:29:28,3
3f915a8b-67c4-4338-be4c-01a7b25258d5,"penghantaran ok. cuma kadang kadang kalau ada kupon diskaun tak dapat pakai. apa point nak bagi kupon tapi tak dapat pakai langsung untuk oder barang. dan yang aku tak suka tentang shopee ni, asal aku buka apps j e mesti keluar video annoying. cringe banyak ai. dengan benda tak senonoh nya. ini bukan tiktok ini platform shopping. stop la jangan adakan shorts video dalam tu.orang nak buka apps terganggu dengan video tak guna.",penghantaran cuma kadang kadang kalau ada kupon diskaun tak dapat pakai apa point nak bagi kupon tapi tak dapat pakai langsung untuk oder barang dan yang aku tak suka tentang asal aku buka apps mesti keluar video annoying cringe banyak dengan benda tak senonoh nya ini bukan tiktok ini platform shopping stop jangan adakan short video dalam tuorang nak buka apps terganggu dengan video tak guna,4,positive,2026-05-31 03:29:09,66
a26bed9a-af75-4e82-a532-4cce362f43da,"worst app. shows up in every pop up ad, forces me to download it and the ads are just terrible and low quality. i hope this app gets shut down soon",worst show pop force download ad terrible low quality hope get shut soon,1,negative,2026-05-31 01:26:31,13
0e250e62-0119-4e4a-b61c-13fca7217333,"Been using this app for years with my mum's card but please add Touch n go as a payment method, it's hard for me to buy anything from this app since I only have TNG",year mum card add touch payment method hard buy anything since tng,4,positive,2026-05-31 01:19:44,12
14e0ef61-d3b9-4e1f-94a6-1b0312b9ab73,1. Benda yang saya tidak suka setiap kali buka shopee adalah anda disajikan dengan video terlebih dahulu. saya nak agar home page jadi utama. selain itu juga setiap kali saya klik item yang diiklankan akan disajikan dengan video yang autoplay. 2. shopee sepatutnya ada dark mode kerana kebanyakkan yang melayari shopee adalah pada waktu malam.,benda yang saya tidak suka setiap kali buka adalah anda disajikan dengan video terlebih dahulu saya nak agar home page jadi utama selain itu juga setiap kali saya klik item yang diiklankan akan disajikan dengan video yang autoplay sepatutnya ada dark mode kerana kebanyakkan yang melayari adalah pada waktu malam,5,positive,2026-05-30 20:08:28,50
8ab67b45-ef6e-4d0f-a707-ca94b6938341,"I hate to see live & video automatically every time when I start to open this app, this keeps happening recently. It is totally not fun and very annoying!! I want to buy what I am looking for, not to waste time watching live videos.",hate see live video automatically time start open keep happening recently totally fun annoying want buy looking waste time watching live video,1,negative,2026-05-30 14:24:30,22
179e5a45-9737-4472-a4f7-ff6654f89702,"Hi, Shopee apps on my device keep on crashing whenever I wanted to checkout my food order, specifically from McDonald's Samarahan. Please advise on this issue.",apps device keep crashing whenever wanted checkout food order specifically mcdonalds samarahan advise issue,5,positive,2026-05-30 13:21:39,14
d47082f1-6080-4b9c-a9b2-19ea6f5b9874,barang baik Dan berguna,barang baik dan berguna,5,positive,2026-05-30 13:16:22,4
baa72f2d-7896-4ba3-a4e8-61b09c087967,"akaun saya disekat,saya telah cuba seperti yang diterangkan tetapi akaun saya masih disekat. sangat menyusahkan saya.",akaun saya disekatsaya telah cuba seperti yang diterangkan tetapi akaun saya masih disekat sangat menyusahkan saya,1,negative,2026-05-30 12:44:29,16
e7b75014-b6b6-4ced-ac00-7e4047d639b1,Well i change my mind.I feel free of hacker when i buying things in this app even the ads is rage baiting.,change mindi feel free hacker buying thing ad rage baiting,5,positive,2026-05-30 12:38:33,10
8a5effdd-df44-4a62-b692-ca4f6c83af23,Well done shopee! Good apps for all. Keep it up,done good apps keep,5,positive,2026-05-30 12:24:02,4
bc412e16-94c7-4c36-b049-47b4807d25e3,"I have been using this app for a long time, but recently I felt disappointed as I suddenly cannot claim the Shopee Live's coins and system shows I was eligible to claim the coins without any reason. I already complained to the Help Center twice but still haven't solved this issue. I am mad and disappointed because I use one Account, follow the Terms & Conditions also can be banned by Shopee! I hope Shopee's technical team can solve this issue. #If this issue is solved, I will rate 5 stars.",long time recently felt disappointed suddenly claim life coin system show eligible claim coin without reason already complained help center twice havent solved issue mad disappointed account follow term condition banned hope shopees technical team solve issue issue solved rate star,1,negative,2026-05-30 12:13:42,41
f4fa7031-b013-4f33-b1b2-e36d6565f2c7,shope is good Shopping app very affordable Price nd quality good shope. better Option rather then tiktok Lazada,shope good shopping affordable price quality good shope better option rather tiktok lazada,5,positive,2026-05-30 12:08:28,13
77750e0b-c114-45e0-bc1f-6f4bad90b29b,"Absolutely, very good app for Indoor shopper like me.. 🤙🤙🤙",absolutely good indoor shopper,5,positive,2026-05-30 11:58:00,4
10f9ed77-0239-4387-a7ad-289761f640d2,sangat bagus dan murah,sangat bagus dan murah,5,positive,2026-05-30 11:30:30,4
fb3bed46-7cf2-448e-a1e6-4d7a55c1530f,i hate the ads the x button is so small even a microscope cannot see it,hate ad button small microscope see,1,negative,2026-05-30 11:25:55,6
13d4f99b-fb9c-498c-a302-b440cc3135e9,The service and the item is very good at reasonable price!,service item good reasonable price,5,positive,2026-05-30 09:27:05,5
9a5ca114-9bd3-451b-8fa0-b244ac41481f,lagi murah lagi jimat,lagi murah lagi jimat,5,positive,2026-05-30 09:14:57,4
51588357-98b9-4ad8-85c6-d36b6a9aef57,"satisfies with the drill, fast delivery. all in a good condition",satisfies drill fast delivery good condition,5,positive,2026-05-30 08:41:20,6
4936ff04-5dec-4665-a9ca-1cd9229b3eb3,"buka shopee terus tengok video, amende la aku nk beli barang bukan nak tengok video, masalah betul la,banyak bug iklan tibe2 muncul apahal",buka terus tengok video amende aku beli barang bukan nak tengok video masalah betul labanyak bug iklan tibe muncul apahal,1,negative,2026-05-30 08:37:11,20
9154a794-b087-47da-a810-7ab42c1216ce,berapa kali nak kena contact agent shopeepay.. semua tak selesaikan masalah,berapa kali nak kena contact agent shopeepay semua tak selesaikan masalah,1,negative,2026-05-30 08:07:59,11
67eba046-8ade-45d0-9455-15a928ca33be,"Shopee Malaysia is my first choice for online shopping. The UI is very convenient and user-friendly, it offers a wide range of products at competitive prices. I can easily find almost everything I need in one place. The shopping experiences are great, the app frequently has discounts, vouchers, and free shipping deals. I also like the secure payment options and fast delivery service in most cases.",malaysia first choice online shopping convenient userfriendly offer wide range product competitive price easily find almost everything need place shopping experience great frequently discount voucher free shipping deal secure payment option fast delivery service case,5,positive,2026-05-30 07:59:55,35
18b721d2-2600-48f8-bf54-4446e4be4164,"ok semua, sistem yg bagus",semua sistem bagus,5,positive,2026-05-30 07:50:20,3
95999914-c79c-4158-8c7d-72d7238f5f05,"I use Shopee Food delivery quite often, user friendly Apps and because of discount vouchers availability👍",food delivery quite often user friendly apps discount voucher availability,5,positive,2026-05-30 06:23:31,10
50926770-2fef-4817-9850-c726e06b5972,best sangat dan senang,best sangat dan senang,5,positive,2026-05-30 06:12:51,4
ab617412-a907-4fe8-9d8d-3d20f31e8f83,aku dah hilang sabar dah ni. dah lah aku order shopee food sampai lambat. apatah lagi koyak-koyak makanannya bila sampai,aku dah hilang sabar dah dah lah aku order food sampai lambat apatah lagi koyakkoyak makanannya bila sampai,3,neutral,2026-05-30 05:43:26,18
fbb2ee1f-f34e-40a3-ac52-ef6304310af0,"App is a mess. While browsing to shop, different small little popups covering the screen, with things like Shopee live, Deals. Is the app discouraging shoppers to shop? Now I recall why I prefer the other platform Lazada more than here all these while.",mess browsing shop different small little popups covering screen thing live deal discouraging shopper shop recall prefer platform lazada,2,negative,2026-05-30 05:25:42,19
e243d9e2-8283-4967-8a29-e7e0da4eb209,"Shopee’s Live coin reward system is a total failure. Every time I try to claim coins from Live video, it says ""claim failed"" error. It never works! Customer service is useless, offering the same “clear cache” response that does nothing and claiming it is system-based BS. This issue has been ongoing, yet Shopee refuses to fix it. It’s misleading and frustrating. If they can’t manage simple features, how can we trust them with real purchases? Total waste of time!",shopees live coin reward system total failure time try claim coin live video say claim failed error never work customer service useless offering clear cache response nothing claiming systembased issue ongoing yet refuse fix misleading frustrating cant manage simple feature trust real purchase total waste time,1,negative,2026-05-30 02:07:48,46
cadbba3c-b97a-47af-b58f-af4045227f67,Easy to choose and buy.,easy choose buy,5,positive,2026-05-30 00:55:52,3
c37d16b8-d651-46fc-8d75-118325871f15,i wish they can make the coins & review system alot more rewarding than just depending on us to keep spending and spending money.,wish make coin review system alot rewarding depending keep spending spending money,3,neutral,2026-05-30 00:05:17,12
6b58fd7c-bfff-4098-87c5-5ab3c1c8794e,"I wouldn't use shopeefood in this app... the reviews,ratings and complaint system is useless",wouldnt shopeefood reviewsratings complaint system useless,1,negative,2026-05-29 21:30:27,6
363d6c48-c851-4b64-83c5-b5f8c41563cd,Trusted and the best platform for shopping literary,trusted best platform shopping literary,5,positive,2026-05-29 16:22:26,5
c27ad1c7-fd03-4042-a062-b11cc0515448,"I really like shopping on this app. There are lots of discounts, and you can choose whether to have your order delivered tomorrow or in a few days.",shopping lot discount choose whether order delivered tomorrow day,5,positive,2026-05-29 16:06:33,9
75169e92-44e2-4320-ba36-5c7c1c8a7b6d,Its Best aap for shopping in Malaysia,best aap shopping malaysia,5,positive,2026-05-29 12:40:24,4
812c1c68-61b4-47f1-bdca-c4ae9e4b0cc4,Good to use. But sometimes response from app side is a bit slower,good sometimes response side bit slower,4,positive,2026-05-29 12:27:56,6
f7fec69b-6bf0-414f-b6c3-0ae40c9bb0ba,"I like using Shopee because it is easy to use and offers a wide variety of products. I enjoy browsing items, finding discounts, and shopping conveniently from home.",easy offer wide variety product enjoy browsing item finding discount shopping conveniently home,5,positive,2026-05-29 12:00:05,13
d3ecd946-74df-456a-9d10-c1da2299db40,Shopee is one of the best shopping platforms.. easy to use apps with vouchers and a wide selection of products,best shopping platform easy apps voucher wide selection product,5,positive,2026-05-29 11:53:18,9
fd55389d-4470-4bed-9cd3-261694c7838a,so far so good.. cheap and many choices..,far good cheap choice,4,positive,2026-05-29 11:52:56,4
7a1a53d9-69f1-4dba-9e33-fba4b78fe356,selesaikan masalah spaylater sy...bnyk kali sy call operator terangkan hal ini..tp Masih xselesai lgi...,selesaikan masalah spaylater sybnyk kali call operator terangkan hal initp masih xselesai lgi,5,positive,2026-05-29 10:39:57,13
d371ddc9-4138-4dbe-bb3c-afd6d6f901b7,"damn stupid, why do you make me watch video everytime I launch the app?",damn stupid make watch video everytime launch,1,negative,2026-05-29 09:25:21,7
06e5edda-4fc2-4ea0-a294-5126e53ad768,this app is on of the best online shopping app,best online shopping,5,positive,2026-05-29 09:06:03,3
298c9fad-6ac1-491d-b430-8d9cd775864d,Good and very easy to purchase.,good easy purchase,5,positive,2026-05-29 05:40:06,3
b880005d-7958-4bd0-b943-398bb211c885,I hate the advertisement or notification whenever I Click on other icons. very disturbing .,hate advertisement notification whenever click icon disturbing,1,negative,2026-05-29 05:33:44,7
daf144ba-f709-489b-ada3-d420ba9585a2,"so far shopee is the best Shopping apps but Setiap kali saya buka app, terus keluar video/live secara automatik di halaman utama. Ia agak mengganggu dan kurang selesa untuk pengguna yang cuma nak terus cari barang atau check pesanan.",far best shopping apps setiap kali saya buka terus keluar videolive secara automatik halaman utama agak mengganggu dan kurang selesa untuk pengguna yang cuma nak terus cari barang atau check pesanan,5,positive,2026-05-29 05:28:46,31
308e4ade-21a5-473d-8f1e-eae51d33bcf0,I use this app regularly. delivery on time,regularly delivery time,5,positive,2026-05-29 05:09:08,3
26591b9b-2daa-4a15-9936-93edfef6e39d,the recent update forcing to load video page is really annoying,recent update forcing load video page annoying,1,negative,2026-05-29 04:04:42,7
3090dd87-6450-4832-b84d-881210ccee71,i just want to say i love to shop on shopee it's take so much discount when i buy here🥰,want say love shop take discount buy,5,positive,2026-05-29 03:59:58,7
4163bf55-42c1-4735-a2ca-46eeb12ccfa0,really tired to deal with shopee poor service... how come other app doesn't need to constantly reassuring ur address. So what's the point at first setting our address.,tired deal poor service come doesnt need constantly reassuring address whats point first setting address,1,negative,2026-05-29 03:54:38,15
7dfa96a4-3d2c-495d-9c20-9823145c58be,lubuk barang murah,lubuk barang murah,5,positive,2026-05-29 03:50:16,3
a44cb266-79b6-45d9-a71c-7ea2698e89e6,Marketing push notification cannot be turned off!!,marketing push notification turned,1,negative,2026-05-29 03:44:39,4
d3aa4eb5-2a8f-40b6-9343-e1dce162fde3,"Beware of new Shopee 15 days free return scam, now have quota 2 times per month. Seller can purposely send wrong item even after confirmation text. Already contacted Customer service will keep repeating new policy that implement Without informing every user. Item below rm5, now totally not worth to return bcos need pay somemore. Their logistics cost for collection only 25sen, delivery only rm2, few ringgit can makes millions a month....Please read careful",beware new day free return scam quota time per month seller purposely send wrong item confirmation text already contacted customer service keep repeating new policy implement without informing user item totally worth return bcos need pay somemore logistics cost collection sen delivery ringgit make million monthplease read careful,1,negative,2026-05-29 03:38:52,48
9d976836-67d4-4aa4-a2b9-8ba2826cc12d,I asked for refund because the rider misplaced my order without contacting me but shopper won't give me back my money,asked refund rider misplaced order without contacting shopper wont give back money,1,negative,2026-05-29 02:49:08,12
7540e571-a61e-477f-85bf-b5513e6f918f,Let us disable videos in the app. I don't need videos on my shopping app. It's not social media. Stop defaulting it to the Live & Video page!,let disable video dont need video shopping social medium stop defaulting live video page,2,negative,2026-05-29 02:31:33,14
f9f0dc75-759d-4951-b54f-a0db13e9996a,(A)/all good condition.,aall good condition,5,positive,2026-05-29 02:12:58,3
db728280-206f-4ef7-853e-8fc42ff66548,banyak murah dah la boleh guna coin bila nak beli👍🏻👍🏻,banyak murah dah boleh guna coin bila nak beli,5,positive,2026-05-29 02:11:45,9
c2a5e130-ed3f-4bc3-9c9d-7eebd7008a7a,trusted cuma bahagian refund agak slow sikit janji kes settle mantap,trusted cuma bahagian refund agak slow sikit janji kes settle mantap,4,positive,2026-05-29 01:19:45,11
453db70e-7575-4fb4-98da-211239be0b4f,baru pertama membeli di shopee ini.terbaik.dengan tawaran tawaran yang istimewa.yang mesti bijak mencari dan membaca review pembeli lain.sangat membantu.shopee jua menyediakan potongan harga dan voucher yang terbaik.,baru pertama membeli initerbaikdengan tawaran tawaran yang istimewayang mesti bijak mencari dan membaca review pembeli lainsangat membantushopee jua menyediakan potongan harga dan voucher yang terbaik,5,positive,2026-05-29 01:18:21,25
a3c553c2-5e93-46b6-ac4e-bf2763f0ad8d,"The ads are annoying. it keeps popping up when I'm playing talkie, YouTube and Almost everything. Like when I touch a microbe on it, it just sends me to the play store.",ad annoying keep popping playing talkie youtube almost everything touch microbe sends play store,1,negative,2026-05-29 00:50:04,14
ce72ab3a-e688-4297-9791-da8a20ca8592,"Very convenient for me. Easy to buy anything, even buy a food.",convenient easy buy anything buy food,5,positive,2026-05-28 22:58:20,6
00b5ce34-b406-4742-9c0c-5da86b333382,Thank you for the rewards and satisfaction for it,thank reward satisfaction,5,positive,2026-05-28 22:54:23,3
17adfa04-6026-4b20-b4b6-6cbf29ddd122,SEMAKIN LAMA SEMAKIN TERUK!!!! BETUL-BETUL TERUK!!!! TIDAK DI REKOMENDASI SEBAB BARANG SELALU SANGKUT! BARANG REJECT! BARANG PALSU! BARANG HILANG! BARANG ROSAK! LAMBAT PENGHANTARAN! KURIER TERUK! PENGHANTARAN TAK PERNAH SAMPAI KE RUMAH PELANGGAN!!!! COD ATAU BUKAN TETAP KENA AMBIL DI PICKUP POINT! TERUK DAN MENYUSAHKAN!!!! MEREKA CAKAP TAPI TAK SERUPA BIKIN!!!!,semakin lama semakin teruk betulbetul teruk tidak rekomendasi sebab barang selalu sangkut barang reject barang palsu barang hilang barang rosak lambat penghantaran kurier teruk penghantaran tak pernah sampai rumah pelanggan cod atau bukan tetap kena ambil pickup point teruk dan menyusahkan mereka cakap tapi tak serupa bikin,1,negative,2026-05-28 22:32:56,47
93c3303a-9c97-4836-8df1-636ff40dbc53,always direct to video playing page. nowhere to disable,always direct video playing page nowhere disable,1,negative,2026-05-28 22:25:09,7
a60964eb-bd84-4ea1-bb49-49df5d2021c9,new update sangat menyusahkan,new update sangat menyusahkan,2,negative,2026-05-28 20:15:10,4
df7865c6-2f6d-4b5a-9feb-faf9abced424,Been crashing alot when ever I use shopee food (I'm so hungry and the app crashing just makes me cry in frustration),crashing alot ever food hungry crashing make cry frustration,3,neutral,2026-05-28 17:08:27,9
2dbab8bb-f572-4d91-a6e7-ec590bf1f2da,too exaggerating. Everywhere your ads are disturbing me.,exaggerating everywhere ad disturbing,1,negative,2026-05-28 16:35:16,4
f0a2e0e9-20cd-4c24-a1c5-4e15264f7cfb,"This is the first time I encountered a double charge of a transaction issue while using FPX payment to Shopee. However, it took almost 2 weeks for the refund and is still yet to be solved until today. The team is not communicating, new cases are kept created but the follow up is dragged from time to time. Will consider uninstalling this app because it is no longer a secure shopping app for me.",first time encountered double charge transaction issue fpx payment however took almost week refund yet solved today team communicating new case kept created follow dragged time time consider uninstalling longer secure shopping,1,negative,2026-05-28 15:59:41,32
04da34bd-789b-44d2-8fde-8f1ba4302a1c,saya tak suka SBB selalu keluar iklan tapi plss bolh buat iklan tapi buat hanya di YouTube Dan di tiktok Dan jgn bust dia g google karna serial saya ingin download app CIA google selalu kuar shoppe stress saua,saya tak suka sbb selalu keluar iklan tapi plss bolh buat iklan tapi buat hanya youtube dan tiktok dan jgn bust dia google karna serial saya ingin download cia google selalu kuar shoppe stress saua,1,negative,2026-05-28 15:37:40,35
beb4a0c7-72d3-4792-ba62-3c69093922fa,shopee can't play the spin n so slow n worst..so so worst app so hard to collect coin n need to restart so many time so slow n video coin also take time almost 5 hrs abv ...need to out n in so many times...worst worst n worst plz upgrade,cant play spin slow worstso worst hard collect coin need restart time slow video coin take time almost hr abv need timesworst worst worst plz upgrade,1,negative,2026-05-28 15:03:03,26
ac42b134-8e45-4069-83f9-2f4be6bc95bd,"Shopee's google ads are bad, clickbaiting users by putting fake ""skip"" button on their ads. About the platform, there are lots lots of scams, counterfeit products and fake products. I've submitted many reports and yet its (the scam) still up and going.",shopees google ad bad clickbaiting user putting fake skip button ad platform lot lot scam counterfeit product fake product ive submitted report yet scam going,1,negative,2026-05-28 14:31:33,25
fd4ecb0a-22b5-4324-8122-c94f4850d8f8,better dari temu & pinduoduo,better dari temu pinduoduo,5,positive,2026-05-28 14:29:23,4
2cd8a6f5-e197-4e02-9e8b-9e8592415ab2,so easy to order the thing I need it I love it,easy order thing need love,5,positive,2026-05-28 13:19:13,5
50585824-c7c1-438b-84d2-2022ff46cfef,You said you fixed the bug. It is still there for me. I can't even use Shopeefood like I usually do. How inconvenience. Useless 'update'.,said fixed bug cant shopeefood usually inconvenience useless update,1,negative,2026-05-28 13:03:50,9
c5565242-c1fe-48e9-a903-c703539176f2,Very convenient shopping app with affordable prices and quick delivery. Love the vouchers and discounts.,convenient shopping affordable price quick delivery love voucher discount,5,positive,2026-05-28 12:43:17,9
f6f7df52-0608-49f6-a098-8b673ec84fae,memuaskan untuk belanja²,memuaskan untuk belanja,5,positive,2026-05-28 11:55:20,3
842a4928-73f7-46ab-9bcb-f72872a7c017,You'll never be able to get a driver for shopeefood by the way... over the course of 2 months I've ordered twice and waited for an hour and there's no driver. and I had to wait 30mins before I'm allowed to cancel. so it was at least 30mins of wasted time.,youll never able driver shopeefood way course month ive ordered twice waited hour there driver wait min allowed cancel least min wasted time,1,negative,2026-05-28 11:10:14,23
7b69e2c8-c946-4a31-a7d6-afd77ef36121,i love used this online shopping trusted so far ni issues at all all transactions very easy to be made from phone,love online shopping trusted far issue transaction easy made phone,5,positive,2026-05-28 10:51:29,10
8ddbb2dc-9535-45b8-8e27-2e2df7750e0a,never ordering from shopeefood again. Changed my address after I confirmed my order. Luckily it wasn't far and the rider was kind enough to send to the correct address. Then find out the order was incomplete so I asked for refund. Didn't get the full refund for the missing item. Avoid shopeefood.,never ordering shopeefood changed address confirmed order luckily wasnt far rider kind enough send correct address find order incomplete asked refund didnt full refund missing item avoid shopeefood,1,negative,2026-05-28 09:46:09,28
3c858b9c-6f2f-451f-adc3-6b6d780a9701,shoopee suka block orang dari beli barang kat app dia,shoopee suka block orang dari beli barang kat dia,2,negative,2026-05-28 09:22:04,9
03f06aca-ffb6-4d55-ab5e-554ef9453e71,"""WATCH & EARN"" is a total LIE. When I noticed the coins earned redeem options are 1, 2, 5, 10, 50 & 1000 coins, immediately I sense something is not right. What happened to 100 or 500 coins? The gap is too big. So I used about 5 days to collect all coins above 1000. And when I try to redeem 1000 coins, it says ""UNABLE TO REDEEM DUE TO SYSTEM UPGRADING""!! but when I try redeem 50 coins all is good. Can only redeem 1 time everyday!! Why put 1000 coins if you expect us to redeem 50 coins everyday?!",watch earn total lie noticed coin earned redeem option coin immediately sense something right happened coin gap big day collect coin try redeem coin say unable redeem due system upgrading try redeem coin good redeem time everyday put coin expect redeem coin everyday,1,negative,2026-05-28 08:28:57,43
7ba9d4b6-095e-41a3-b659-a94e60b8d480,"im no have no money but i can buy, yeaaa",money buy yeaaa,5,positive,2026-05-28 08:06:08,3
341645d3-dce8-4300-aae3-b4668928c14f,Banyak barang dengan harga yg murah dan selalu dpt free shipping 🙏👍,banyak barang dengan harga murah dan selalu dpt free shipping,5,positive,2026-05-28 07:08:43,10
385b1f01-d178-4bc1-9432-3e86c88b10b6,COD disappeared from the radar,cod disappeared radar,1,negative,2026-05-28 07:02:09,3
d6aa8842-7b64-465d-b5c3-8e8ef39abb9d,many issues and not easy to report ... to which email address can I send my issues to get the attention of the management?,issue easy report email address send issue attention management,1,negative,2026-05-28 05:55:22,9
a70db9b5-f7d3-40e4-8c9d-c2212bdf6a8e,"saya kasih rating 3 sebab banyak betul masalah, gagal login lah, password tidak sah tapi waktu tukar password pakai password yang sama bilang password tidak boleh sama lah anj, padahal saya login pakai password yang sama dikatakan password itu sama",saya kasih rating sebab banyak betul masalah gagal login lah password tidak sah tapi waktu tukar password pakai password yang sama bilang password tidak boleh sama lah anj padahal saya login pakai password yang sama dikatakan password itu sama,3,neutral,2026-05-28 05:40:08,39
a7e7c3e9-6a0b-49ed-ab1a-40f0ffb20fc7,Im never using to order food from shopeefood again. My food got stolen and the driver have serious attitude,never order food shopeefood food got stolen driver serious attitude,1,negative,2026-05-28 02:40:53,10
dc847dd9-db3b-441b-988c-fb210df045f1,"The latest version is terrible. Its slows down my phone, the app open by itself after i am not using for sometimes. My phone is getting hotter than before, and the ads also not friendly, its suppose to open home page, not ads and video page, very annoying. What are you all doing... After uninstalled app my phone speeds up back as before, no overheat issue. This is worst version.",latest version terrible slows phone open sometimes phone getting hotter ad friendly suppose open home page ad video page annoying uninstalled phone speed back overheat issue worst version,1,negative,2026-05-28 01:49:16,28
25ec42a2-e85c-4966-9b32-11c7c67d6b16,the best place to go shopping to find anything is near this shop,best place shopping find anything near shop,5,positive,2026-05-28 01:47:06,7
8fe53fe8-89da-46a4-ae73-559f2d2728b5,"This app have some software bugs and also quite power hungry. Kinda of harder to recommend become a seller due to new update of mandatory package size in shopee, before old days don't have this issue. Get worse every day.",software bug quite power hungry kinda harder recommend become seller due new update mandatory package size old day dont issue worse day,1,negative,2026-05-28 01:30:50,22
b07d0ab7-6267-489a-9203-bbdeb1462ffc,"Barang sampai memang puas hati! Packaging kemas, barang berfungsi elok dan kualiti lebih baik dari yang saya expect. Seller pun sangat responsive dan penghantaran laju. Dah cuba guna beberapa hari, memang terbaik dan sangat berbaloi dengan harga. Confirm repeat order lagi nanti. Recommended seller! 👍🔥",barang sampai memang puas hati packaging kemas barang berfungsi elok dan kualiti lebih baik dari yang saya expect seller pun sangat responsive dan penghantaran laju dah cuba guna beberapa hari memang terbaik dan sangat berbaloi dengan harga confirm repeat order lagi nanti recommended seller,5,positive,2026-05-28 01:18:06,44
ca2c6183-dbff-4cdc-9e49-6328835bdbeb,"Berbaloi sgt2, xprlu keluar rmh hnya tkan2 fon je..sy selalu bli time jualan murah sbb puas hati.. Senang pilih2 je, cod blh bg yg xblh online.. Luv app shopee",berbaloi sgt xprlu keluar rmh hnya tkan fon jesy selalu bli time jualan murah sbb puas hati senang pilih cod blh xblh online luv,5,positive,2026-05-28 00:38:23,24
20cd1601-2946-496b-be4c-87f520e94a01,why can't turn off live and video. if i open shoppee its direct to live and video. its been annoying me. shopee is not tiktok haiyaa.,cant turn live video open shoppee direct live video annoying tiktok haiyaa,1,negative,2026-05-28 00:24:22,12
b6b0d197-fc69-4dc8-916c-0bd6fe87f727,"Shopee mmg bodoh, tak tekan pun keluar..Iklan jelah xyah auto masuk app tu.",mmg bodoh tak tekan pun keluariklan jelah xyah auto masuk,1,negative,2026-05-27 20:48:43,10
b0ae664b-5735-4790-886b-3d1ddae5e999,the most worthwhile and very affordable shopping page,worthwhile affordable shopping page,5,positive,2026-05-27 19:56:53,4
13507e51-1a0f-4913-b5b3-25be8ae21d2b,"Dynamic pricing through the overuse of vouchers. Too many AI videos (slop) featuring fake products/reviews. And Shopee Video... let's say just fire the one who voiced the idea. A shopping platform can't function as social media. I can create a profile right now, post some gelek vids, sell some drop shipped items, and make money without consequences.",dynamic pricing overuse voucher video slop featuring fake productsreviews video let say fire voiced idea shopping platform cant function social medium create profile right post gelek vids sell drop shipped item make money without consequence,1,negative,2026-05-27 16:20:41,35
60a3c17c-1531-49fd-9b91-dfdbb806ad2e,Pinduoduo servis lagi baik. Tiada penipuan harga. Tiada seller inbox untuk membuat tempahan baru pada harga yang lagi mahal. Aduan pada cs juga tiada tindakan. Big scam. Promotion off is capped to certain amount. Eg 50% capped at rm1.,pinduoduo servis lagi baik tiada penipuan harga tiada seller inbox untuk membuat tempahan baru pada harga yang lagi mahal aduan pada juga tiada tindakan big scam promotion capped certain amount capped,1,negative,2026-05-27 14:38:48,31
7884c957-fec7-4625-9546-1c9747141902,I like all the features and how it show me the trending items. All things in this app just very lovely,feature show trending item thing lovely,5,positive,2026-05-27 14:27:38,6
cffb868b-081e-43f5-b8d3-c18f050b2f07,"ini platform pembelian yg terbaik, dan terjamin.",ini platform pembelian terbaik dan terjamin,5,positive,2026-05-27 12:48:46,6
2898aaf6-1958-40e7-ba53-3501bec5d29e,"Shopeefood teruk. Time system haywire, semua tak dapat tekan butang refund. Customer, Tuan kedai dan rider. Dah la penyelesaian lambaf makan sejam. Kesian rider yang kena sidai.. Emosi terganggu teruk kat rider dan customer sekali. Tunggu reply lambat solve. Buang masa rider kena sidai sejam lebih. Customer plak dah naik marah sebab tak dapat cancel Order",shopeefood teruk time system haywire semua tak dapat tekan butang refund customer tuan kedai dan rider dah penyelesaian lambaf makan sejam kesian rider yang kena sidai emosi terganggu teruk kat rider dan customer sekali tunggu reply lambat solve buang masa rider kena sidai sejam lebih customer plak dah naik marah sebab tak dapat cancel order,1,negative,2026-05-27 10:27:53,55
318b0faa-917a-438d-b55f-2f5a36988ba1,"i love to buy at this platform because majority price is cheap, affordable",love buy platform majority price cheap affordable,5,positive,2026-05-27 09:07:30,7
6f43d99f-7858-422d-a5ed-5d730edc583b,dude.. wat a scam the X button was.. u intterupted me while I DOING THE ANIMATION AND LOOK U TOLD ME TO BUY THAT CUTELY THING EVEN I DON'T HAVE MONEY GARRR😡😡😡😭😭😭😡💔😭😭😡😡😡😭😭😡😡,dude wat scam button intterupted animation look told buy cutely thing dont money garrr,1,negative,2026-05-27 08:37:16,14
b16a9d28-7ef9-4d40-9a7c-2da8f026e241,The certain date deals are not worth it. There is use limit to vouchers. People can just create bot accounts and farm vouchers.,certain date deal worth limit voucher people create bot account farm voucher,2,negative,2026-05-27 07:30:13,12
ad7808e5-482a-4e88-8443-5f0bde78d06e,Shopee food refund is not fully. Just now i got refunded for RM10 instead of RM13. I can see shopee make money like this now. (edited) they even cancel my refund.. scammer..,food refund fully got refunded instead see make money edited cancel refund scammer,1,negative,2026-05-27 07:15:45,13
8e93e30b-0926-43ce-bbea-62ecb2088e39,new user have vouchers 👍🏻,new user voucher,5,positive,2026-05-27 06:50:07,3
5c9872b2-1364-4f58-9b01-72db0be46fe5,"The app is ok, but can be pretty slow, even with great Wi-Fi and/, or strong data connections. Not at all happy with Shopee's shocking returns and refunds policy. Buyer Beware, traders on Shopee are generally very reasonable and cooperative, but Shopee fails to protect customers using its own questionable rules.",pretty slow great wifi strong data connection happy shopees shocking return refund policy buyer beware trader generally reasonable cooperative fails protect customer questionable rule,3,neutral,2026-05-27 06:20:49,24
f9150eb7-5d5d-4cf4-a5b3-a5b94c334cba,Landing page vid clip have explicit content. Bad shopee,landing page vid clip explicit content bad,1,negative,2026-05-27 04:58:05,7
16e5d4fa-be52-45b1-be47-6d7b700f73f0,Coupon at Shoppee Food can't be use eventhough I meet all the requirements.,coupon shoppee food cant eventhough meet requirement,1,negative,2026-05-27 03:08:00,7
fa634a24-f6ff-4beb-8ca3-8e6a7c9b2346,I am not interested this app. I hate you shopee apps.,interested hate apps,1,negative,2026-05-27 02:30:13,3
27f6e946-cff5-46e6-8d01-734fef52537e,Quite reliable and many things available for purchasing,quite reliable thing available purchasing,5,positive,2026-05-27 02:22:40,5
fcc7535d-5793-4a3b-b1f5-f2f1e05ad0e6,"please put the tng payment method at shopee, I really need it since I don't have a bank account yet, please please",put tng payment method need since dont bank account yet,4,positive,2026-05-27 01:30:34,10
73f4c9e3-6b94-4a78-bab0-32f4ee88ab8b,Is good there's some my favourites There Soo I will give it a 5 star,good there favourite soo give star,5,positive,2026-05-26 23:37:26,6
ab30a3c3-b1d2-4406-8312-cc8294c1ac50,macam macam ada,macam macam ada,5,positive,2026-05-26 17:50:26,3
b03b5c1b-aa20-40fa-a8bc-3c298fcf8c05,"I mostly buy things from Shopee, and it is a really incredible platform compared to Lazada. I find better deals on Shopee mostly, and also a lot of discounts. However, there are a couple of things that could be better: 1. The UI/UX needs to be improved in some areas. 2. Users should be able to update their reviews at any time, rather than having a one-month expiry.",mostly buy thing incredible platform compared lazada find better deal mostly lot discount however couple thing better uiux need improved area user able update review time rather onemonth expiry,5,positive,2026-05-26 17:13:02,29
f72ed803-d671-4a6f-9b4e-4f8595cfc0ee,shoppee food sucks,shoppee food suck,1,negative,2026-05-26 16:19:14,3
e2ce6e86-64f8-4cff-9a62-3d0ce746f164,Terlalu banyak video yang tidak berkaitan dengan jualan. Siap ade drama pendek pulak tu. Sampai keliru ne Shopee ke TikTok. Dahlh banyak video yang tidak elok. Harap ambik perhatian n tindakan. Kami dtg singgah nak membeli bukan nak tgk video,terlalu banyak video yang tidak berkaitan dengan jualan siap ade drama pendek pulak sampai keliru tiktok dahlh banyak video yang tidak elok harap ambik perhatian tindakan kami dtg singgah nak membeli bukan nak tgk video,4,positive,2026-05-26 16:14:16,35
f5711da5-b690-42bc-a0dd-96f70536ef54,SEMUA YG DIINGINKAN ADA DIDLM SHOPEE. DGN HARGA YG HEBAT. MURAH. SAYA YAKIN TIADA BARANG2 FAKE SEPERTI SETENGAH FLATFORM LAIN.,semua diinginkan ada didlm dgn harga hebat murah saya yakin tiada barang fake seperti setengah flatform lain,5,positive,2026-05-26 15:44:10,17
81abd227-70c5-4f9f-9165-c586314a943f,"Shopee is my absolute go-to for online shopping. The variety of products is massive, and you can always find incredible discounts, flash sales, and free shipping vouchers that save so much money. The Shopee Guarantee gives me total peace of mind since it holds payment until I safely receive my items, and tracking orders is super easy. A fantastic, user-friendly app!",absolute goto online shopping variety product massive always find incredible discount flash sale free shipping voucher save money guarantee give total peace mind since hold payment safely receive item tracking order super easy fantastic userfriendly,5,positive,2026-05-26 14:52:53,35
e7921677-d465-40ac-a407-d5511ea7f1df,cant wait for more voucher 🤑,cant wait voucher,5,positive,2026-05-26 14:46:26,3
381eb8a5-a5ac-4546-aa0d-59085be1397a,nah satu bintang sebab tak bagi coin lepas bagi review siap dengan gambar video btw hanya sebab 'repeated words'.,nah satu bintang sebab tak bagi coin lepas bagi review siap dengan gambar video btw hanya sebab repeated word,1,negative,2026-05-26 14:33:51,19
e75b8aa8-f330-4380-b4cd-6b3e1e048f75,"hi shopee!,tolong mudahkan untuk saya bayar bill tnb menggunakan spaylater/shopeepay.. dah beberapa kali mencuba tapi cuma ada 3 pilihan Nur power,sabah electric dan sarawak electric?..pilihan untuk TNB tiada!",shopeetolong mudahkan untuk saya bayar bill tnb menggunakan spaylatershopeepay dah beberapa kali mencuba tapi cuma ada pilihan nur powersabah electric dan sarawak electricpilihan untuk tnb tiada,3,neutral,2026-05-26 14:28:11,26
cde4cf37-622b-4a4c-af20-65ace620655e,"Recommended. Good service, Taste delicious Hot Good enough",recommended good service taste delicious hot good enough,5,positive,2026-05-26 14:16:19,8
9aeaf8f9-0bef-41fa-af16-2662e5111f6d,"Shopee memang tempat utama aku beli barang harian. Harga murah, banyak voucher, dan free shipping selalu ada. Seller chat cepat balas, kalau ada isu boleh settle terus. App stabil, tak pernah sangkut masa checkout.....",memang tempat utama aku beli barang harian harga murah banyak voucher dan free shipping selalu ada seller chat cepat balas kalau ada isu boleh settle terus stabil tak pernah sangkut masa checkout,5,positive,2026-05-26 14:07:52,32
5e09d57c-0991-494c-8cd9-8af0c3912ce4,"rate 5 star for good product and service, add video and picture as per request for more coin, but sadly no extra coin as per ads.",rate star good product service add video picture per request coin sadly extra coin per ad,5,positive,2026-05-26 12:01:58,16
c2c1c731-10bc-4066-806d-e2502ea9a1a2,"Plenty of choices can be overwhelming. The irrelevant video clips are annoying. Browsing an item, many sellers ads will be compiled, easy to compare prices. Cheap doesn't guarantee the quality or a best bargain. Trust the seller reviews rating more than the promotion, vouchers or discount. You as a customer or consumer decides your needs to purchase; not the ads to create the ""needs"".",plenty choice overwhelming irrelevant video clip annoying browsing item seller ad compiled easy compare price cheap doesnt guarantee quality best bargain trust seller review rating promotion voucher discount customer consumer decides need purchase ad create need,3,neutral,2026-05-26 11:55:43,36
bf3cfe1d-5133-45eb-851a-5a89dfea0252,"If management not honest, App will be a tool for money and dishonest.",management honest tool money dishonest,3,neutral,2026-05-26 10:49:21,5
c88e291d-5396-4557-b753-c4beaf22346e,Keeps crashing when I'm confirming order,keep crashing confirming order,1,negative,2026-05-26 10:23:25,4
d709a878-407c-4006-aaf9-38a287cc1055,Convenient shopping app with great deals,convenient shopping great deal,5,positive,2026-05-26 10:11:59,4
2afc7796-2c04-4431-905a-37617a0dcc90,"this app is so reliable if you have any needs to buy stuff but on a budget, there is so many good products and items here that you can buy anytime anywhere anyway with a very cheap and low prices",reliable need buy stuff budget good product item buy anytime anywhere anyway cheap low price,5,positive,2026-05-26 09:06:40,15
aef6691a-9f55-4c1a-93e7-a86deec2280e,"Misleading advertising and terrible customer service. The advertising for this is highly misleading. They promise great quality but deliver garbage service. To make matters worse, their refund process is painfully slow and unnecessarily complicated. Dealing with them has been a massive waste of time and money.",misleading advertising terrible customer service advertising highly misleading promise great quality deliver garbage service make matter worse refund process painfully slow unnecessarily complicated dealing massive waste time money,1,negative,2026-05-26 08:02:12,28
cb2cb662-53e2-48c3-827d-152fc0521b76,nice platform for shopping,nice platform shopping,5,positive,2026-05-26 07:55:04,3
410aefe1-2930-4a22-92d6-1c0a35583f2d,no sutified answer if your parcel is cancelled by seller you ask shopee no good answer very bad experience bad very bad I ask for refund but no good reply,sutified answer parcel cancelled seller ask good answer bad experience bad bad ask refund good reply,1,negative,2026-05-26 07:35:19,16
d2c3e872-db0f-4b7e-9214-76f5afc36896,worst app ever and annoying,worst ever annoying,1,negative,2026-05-26 07:32:52,3
1b81a9a1-831f-4643-b933-a328df608088,if you can't handle delivery in 4 hour's from your side don't give your voucher as cover.. wisting time.. buyer hanging for wait and supplier waiting money and shopee not do anything,cant handle delivery hour side dont give voucher cover wisting time buyer hanging wait supplier waiting money anything,1,negative,2026-05-26 07:30:54,18
68c65cd2-b520-4922-8089-d840b4d8553b,"Very fast and on time , items reflect the true representation",fast time item reflect true representation,5,positive,2026-05-26 07:15:53,6
1361d8ca-d587-4e8c-b758-9d654689f264,Sorry but this is a little too much ads,sorry little ad,1,negative,2026-05-26 06:35:50,3
e78ebebf-ef3e-4325-b5da-a9594181aa65,oi bodoh boleh jangan buat iklan prangkap lain tak?,bodoh boleh jangan buat iklan prangkap lain tak,1,negative,2026-05-26 05:06:05,8
be030dee-a6b5-4986-8ea0-ff7150359a21,When opening the app it will bring you straight to live feed with volume maxed out instead of home page,opening bring straight live feed volume maxed instead home page,1,negative,2026-05-26 03:27:40,10
65017cf1-e5f4-4eca-88bc-6d228ef81813,The shopee app mainly use to order things from local or overseas and also can use to order food and pay bills,mainly order thing local overseas order food pay bill,5,positive,2026-05-26 03:03:59,9
1481ba83-5ab8-4a00-afc6-187872703f01,happy can earn daily coins in shoppe,happy earn daily coin shoppe,5,positive,2026-05-26 02:22:46,5
5937aaf0-d39f-4f97-bb0f-6de6dc70c691,"“Shopee is a very convenient and user-friendly shopping app with many affordable products and attractive discounts. The app offers smooth payment options, fast delivery, and an enjoyable shopping experience. It’s great for everyday online shopping.",convenient userfriendly shopping affordable product attractive discount offer smooth payment option fast delivery enjoyable shopping experience great everyday online shopping,5,positive,2026-05-26 02:19:13,20
1a7a3eac-94b2-4a37-a345-0a93c4cc7f43,"Shopee ialah aplikasi membeli-belah dalam talian yang popular dengan pelbagai pilihan produk dan harga yang berpatutan. Aplikasi ini menarik kerana mempunyai banyak promosi, baucar percuma dan penghantaran yang mudah. Namun, terdapat juga risiko penjual yang kurang berkualiti dan penghantaran yang lambat. Sesuai untuk pengguna yang suka membeli-belah secara online dengan pelbagai pilihan produk.",ialah aplikasi membelibelah dalam talian yang popular dengan pelbagai pilihan produk dan harga yang berpatutan aplikasi ini menarik kerana mempunyai banyak promosi baucar percuma dan penghantaran yang mudah namun terdapat juga risiko penjual yang kurang berkualiti dan penghantaran yang lambat sesuai untuk pengguna yang suka membelibelah secara online dengan pelbagai pilihan produk,5,positive,2026-05-26 01:03:20,52
64e65b63-98ba-4595-8db6-5aa6949e01f1,fast and fair for return goods,fast fair return good,5,positive,2026-05-26 00:44:31,4
a2e0d904-0215-4946-b32f-d88c5236f6e1,The shopee is all good. But review system is not good as it's apps. It says repetition wording & symbol. I don't see any repetition on my wording but it says the same. Repetition.. Repetition.. Repetition... Please highlight which wording. So i can know which part need to adjust.,good review system good apps say repetition wording symbol dont see repetition wording say repetition repetition repetition highlight wording know part need adjust,1,negative,2026-05-26 00:42:31,23
3b029c3e-574b-4315-ab5f-d6076dd616eb,seller sent different item i requested refund provided all evidence shopee not solving issues. no more shop on this platform. will shop another platform!!!,seller sent different item requested refund provided evidence solving issue shop platform shop another platform,1,negative,2026-05-25 23:34:01,15
9f671c72-81f3-44e8-83f9-320a3538cd61,I hate this app is keep appear on my phone ad is annoying me and pissing me off is not like I wanna buy something in there and is keep forced people to install like stop is pissing me bady,hate keep appear phone annoying pissing wan buy something keep forced people install stop pissing bady,1,negative,2026-05-25 20:32:44,16
37621e11-cf36-4c26-9dde-442d5e1d52e1,Shopee very smart. I liked shopping in shopee,smart liked shopping,5,positive,2026-05-25 15:23:19,3
35e5ad42-dd9b-40b8-a437-f5e7a4cf7161,"Shopee is a convenient shopping app with a wide variety of products at affordable prices. The app is easy to use, and features like vouchers, free shipping, and flash sales make online shopping more enjoyable. Delivery is usually fast, and the secure payment system helps users shop with confidence.",convenient shopping wide variety product affordable price easy feature voucher free shipping flash sale make online shopping enjoyable delivery usually fast secure payment system help user shop confidence,5,positive,2026-05-25 14:24:25,28
3ebbb070-c59b-46e3-976b-3dbc60397036,"#1 Malaysia online shopping app, the deals are the best and i love the vouchers here too",malaysia online shopping deal best love voucher,5,positive,2026-05-25 14:16:55,7
6f2b5d15-1294-4cf9-aa61-d4d41e87598f,"Stop the video auto play or home page with video auto play. Already few years, even stopping the video from playing, the audio keep playing even exiting the app. Trash! Don't force people to watch or listen to the video!",stop video auto play home page video auto play already year stopping video playing audio keep playing exiting trash dont force people watch listen video,1,negative,2026-05-25 13:54:46,25
f1fde311-4159-4942-ae9c-d96648d29b6e,"User-friendly shopping platform with a wide variety of products, secure payment options, and reliable delivery services.",userfriendly shopping platform wide variety product secure payment option reliable delivery service,5,positive,2026-05-25 13:14:36,12
74142065-0319-45b8-a03e-f122c8f43415,menepati citarasa dan pesanan,menepati citarasa dan pesanan,5,positive,2026-05-25 12:49:34,4
8b90d8a2-939d-4f3f-b603-68f5874f39e1,"this is very annoying, when open the shopee app. it will turn my volume down. everytime open it will at live and video. Lazada and pinduoduo app is better and cheaper...",annoying open turn volume everytime open live video lazada pinduoduo better cheaper,1,negative,2026-05-25 12:44:55,12
7c66bcd4-f06a-47cf-afe8-131c67a36c59,Good place to shop,good place shop,5,positive,2026-05-25 12:12:34,3
10494cb3-7a77-4a53-a302-41b884e38b62,One of the best app when i want to shop online! the shoppee coins was a great idea especially watching the shoppee video to get it! 1 coins = Rm0.10!,best want shop online shoppee coin great idea especially watching shoppee video coin,5,positive,2026-05-25 11:45:50,13
c244e7e0-7f94-46d1-9bc4-f71b3e4fdb34,why is my shopee food crashes when i want to checkout? when i want to order from McDonald's?,food crash want checkout want order mcdonalds,5,positive,2026-05-25 11:24:43,7
0d6fd8b1-d804-4094-8818-adaf4961cf39,Stop defaulting us to the live and video page whenever I open the app. Sometimes the audio keeps looping even if I go out of the lives and video tab lol Is your developers shipping ai generated code without reviewing? Is that why your app has gotten a lot worse this year?,stop defaulting live video page whenever open sometimes audio keep looping life video tab lol developer shipping generated code without reviewing gotten lot worse year,1,negative,2026-05-25 11:07:07,25
4a984e68-6756-4800-befb-c089175dadb2,How to cancel VIP subscriptio ?. I dont need that.,cancel vip subscriptio dont need,1,negative,2026-05-25 09:36:27,5
05ca9d26-ef5e-4125-ba91-669f707db2d8,Shopee makes my life so easy and I enjoy every single one I spend. It's worth it. 💕,make life easy enjoy single spend worth,5,positive,2026-05-25 07:47:05,7
6f461d07-e223-401a-9c95-847bacbb5dff,"BAGUS AND SELALU BANYAK BUAT PROMO🤩,FREE SHIPPING PUN SELALU SANGAT😘 W shopee",bagus selalu banyak buat promofree shipping pun selalu sangat,5,positive,2026-05-25 07:39:54,9
b836a35c-1b9a-4e0c-b814-cce3406a2cca,AKU NK MAIN GAME DOK KELUAQ IKLAN PA HAMPA NI. TK DK SAPA NK BELI.DOK SPAM IKLAN PA.HARITU AKU BELI BOW MEMANAH. PATAH HABIS. HAMPA HANTAQ MCM MNA,aku main game dok keluaq iklan hampa sapa belidok spam iklan paharitu aku beli bow memanah patah habis hampa hantaq mcm mna,1,negative,2026-05-25 07:31:00,22
170a1cb8-c57d-475f-95db-9d64f1a7c540,too many ai for promote no matter if good promote or bad promote but pls remove with ai content it's too much worse,promote matter good promote bad promote pls remove content worse,1,negative,2026-05-25 07:16:25,10
bb2cf143-4e78-45dc-a1b4-d2e558ca6046,permudahkan urusan.. in shaa allah,permudahkan urusan shaa allah,5,positive,2026-05-25 06:53:56,4
c5c76d2d-f4ba-4191-82b2-e77ae15fb2e6,shopee is the best online app for purchasing,best online purchasing,5,positive,2026-05-25 06:47:51,3
852a52da-7425-47c7-bec0-09937031b406,ok...servis baik dan mudah kendalikan pesanan.,okservis baik dan mudah kendalikan pesanan,5,positive,2026-05-25 06:21:10,6
f97349bb-9f52-4a09-8151-71da673126c7,easy to buy anything jz like a b c .. really appreciate who's come with this idea tho,easy buy anything appreciate who come idea tho,5,positive,2026-05-25 05:26:31,8
3dd8cabc-d6fc-418d-8901-2c739343a552,Lebih murah berbanding platform lain.,lebih murah berbanding platform lain,5,positive,2026-05-25 04:11:39,5
a33ec515-b72d-4e1b-9a55-5fbe50c16bee,"i have very good experience with shopee just need to be carefull with some shops where they selling low quality goods but its fine for me , the only thing that i want from shopee is give a darkmode please sometimes my eyes feels uncomfortable with light mode",good experience need carefull shop selling low quality good fine thing want give darkmode sometimes eye feel uncomfortable light mode,4,positive,2026-05-25 00:36:02,20
43d5ec79-71f1-432e-9866-8f034ba62fb3,Kenapa shopee sy tak boleh buka..dah update tp tak boleh buka jgk..selalu ok ja..ni 2 hari dah stuck tak boleh buka,kenapa tak boleh bukadah update tak boleh buka jgkselalu jani hari dah stuck tak boleh buka,5,positive,2026-05-25 00:35:49,16
1488ed1d-c8f7-4bf6-a116-2dcd4d0feaf5,"very cheap, good quality and easy to purchase",cheap good quality easy purchase,5,positive,2026-05-24 23:29:05,5
6a48c8bd-4909-498f-95dc-55f707f78d68,"cannot withdraw my own money, kept failing, it's me and it's me the actual owner, the face recognition thing is so stupid la...",withdraw money kept failing actual owner face recognition thing stupid,1,negative,2026-05-24 22:38:41,10
be2dffe7-add7-41d4-ac34-5039e368a744,why is it that i suddenly cannot received coins through watching shopee videos daily ??,suddenly received coin watching video daily,1,negative,2026-05-24 21:59:53,6
cabe5e85-131c-4a9f-944c-4494a891d77f,look I love shoppe but the ads are pissing me off,look love shoppe ad pissing,3,neutral,2026-05-24 18:48:16,5
a16b3a82-a3ab-40c4-b04a-afec137d332b,coin stuck when watch video,coin stuck watch video,3,neutral,2026-05-24 18:42:46,4
33cc8ab8-b0cf-4007-905c-7b749cc72304,kenapa my number phone tak boleh pakai bile dekat acc lain? Lol,kenapa number phone tak boleh pakai bile dekat acc lain lol,2,negative,2026-05-24 18:11:51,11
a5360e74-0a31-4617-a30f-680e68a93c6b,good experience actually.. moreover can simply find the thing without knowing actual name also,good experience actually moreover simply find thing without knowing actual name,5,positive,2026-05-24 17:32:31,11
4f999ac4-f5ff-4294-9d39-3cfccf901cc7,Paid Shopee VIP subscription fee for several months and now they disabled all my voucher benefits. Now totally unable to claim voucher. Reported to their customer service yet they act stupid keep delaying and doing nothing. Paid subscription yet they deliver nothing. Total scam,paid vip subscription fee several month disabled voucher benefit totally unable claim voucher reported customer service yet act stupid keep delaying nothing paid subscription yet deliver nothing total scam,1,negative,2026-05-24 16:39:43,29
38add692-46f1-479e-b6ac-6ce6760bec58,"easy to use, for app no issue, but for company, i got empty package from courier, luckyly its gold plated ring, suggestion if want to buy pricey or valuable item, better walk in to shop,",easy issue company got empty package courier luckyly gold plated ring suggestion want buy pricey valuable item better walk shop,5,positive,2026-05-24 15:38:10,20
eec91747-f286-4827-85ba-cc0bee0c7f26,Shopee has become my goto app whenever I need to buy anything. The vouchers and coins cashback make every purchase feel worth it!,become goto whenever need buy anything voucher coin cashback make purchase feel worth,5,positive,2026-05-24 14:49:03,13
5c24be02-fc2c-4b3a-8b55-66e3074fde97,cant use vouchers. always fully redeemed. lousy app in my opinion.,cant voucher always fully redeemed lousy opinion,1,negative,2026-05-24 13:32:47,7
19fe5ac3-7771-4e33-9505-bf1c8fa0b875,Very good app and a lot of vouchers.,good lot voucher,5,positive,2026-05-24 13:15:05,3
15d9ae53-4450-4f80-acfc-0d4758bca13f,video is to long to boring,video long boring,1,negative,2026-05-24 12:52:32,3
bf089405-9446-4076-8b52-c703a530c6ec,sangat mudah untuk membeli belah ☺️,sangat mudah untuk membeli belah,5,positive,2026-05-24 12:23:40,5
dab3d3a5-933a-4e4e-bb2b-201aefcd6c1c,"suddenly cannot earn coins while watching live and video, the earn coins feature is removed after I reinstall the app for troubleshooting, pls help 🥲 then I'll change the rating to 5 stars",suddenly earn coin watching live video earn coin feature removed reinstall troubleshooting pls help ill change rating star,1,negative,2026-05-24 12:16:25,18
523b62ca-a52f-4675-aa16-0c15f78e1609,"Been using for a while, so far it has been good. only shipping to East seems to be longer then before and less free shipping already.",far good shipping east seems longer less free shipping already,5,positive,2026-05-24 11:53:50,10
9d9b9951-636e-47d4-9b40-a095061d0d2e,"I like the app but im banned for promo abuses, im not really abusing i just didnt know so i got device banned. I hope you can help me unban my device shopee admin. Thank you im deeply apologize for breaking the Tos i promise i wont do it again.",banned promo abuse abusing didnt know got device banned hope help unban device admin thank deeply apologize breaking tos promise wont,4,positive,2026-05-24 11:32:14,21
9ad27713-2bcd-4bd1-a7c4-b9812da93b9e,Shoppee always distract me when i'm playing games.It is very boring,shoppee always distract playing gamesit boring,1,negative,2026-05-24 11:10:16,6
24dedcc3-9ac4-4337-a9bb-d2ef579590b9,"Shopee is one of my favorite online shopping apps because it offers affordable prices and many useful features. The app is easy to navigate and the checkout process is simple and fast. I really enjoy the daily vouchers, cashback rewards, and free shipping promotions. There are many sellers and product choices available for almost everything I need. The live streaming and review sections are also very helpful before buying products.",favorite online shopping apps offer affordable price useful feature easy navigate checkout process simple fast enjoy daily voucher cashback reward free shipping promotion seller product choice available almost everything need live streaming review section helpful buying product,5,positive,2026-05-24 11:02:28,37
c7981248-a8b5-4aba-a07e-2897e3a1f611,shopee is full of AI generated video now... doesn't even make sense with the actual product AI slop,full generated video doesnt make sense actual product slop,1,negative,2026-05-24 08:44:07,9
d0824bc6-fe75-4529-868f-f9c12045a17d,"why do sometimes I want to search something it keeps changing my search to xiaomi. I could type something like ""paper"" and the search bar change my search to ""xiaomi"". This happens multiple times while I want to search for something. If you want to promote xiaomi items this is not the way, this actually makes me prefer other platforms than shopee because the search doesn't randomly change.",sometimes want search something keep changing search xiaomi type something paper search bar change search xiaomi happens multiple time want search something want promote xiaomi item way actually make prefer platform search doesnt randomly change,1,negative,2026-05-24 08:07:18,35
dca58fa4-6a8e-4a8f-aebd-23ce4e7fc82c,Easy shopping experience with good deals and fast delivery.,easy shopping experience good deal fast delivery,5,positive,2026-05-24 08:04:42,7
3bf0aeb9-fd2d-4410-8048-df80231b94ec,"Very good on the delivery , goods are on good hands , affordtable products",good delivery good good hand affordtable product,5,positive,2026-05-24 07:00:18,7
e46abe42-076a-4146-a454-1e5813c92bd7,Very reliable and secure purchasing online platform including safe delivery. Items arrive always as promised time frame! Payment can easily refunded if receiving wrong or faulty/damaged items! Loved shopping at Shopee!!!!,reliable secure purchasing online platform including safe delivery item arrive always promised time frame payment easily refunded receiving wrong faultydamaged item loved shopping,5,positive,2026-05-24 06:50:42,23
d3043899-72b9-441c-89cd-537f37526078,good app ..very recommend for anyone,good recommend anyone,5,positive,2026-05-24 06:13:35,3
4f05f6de-54df-443e-8822-5419343c81c4,I try to log in it won't let me and says Max verification but I only try 2 times,try log wont let say max verification try time,1,negative,2026-05-24 04:28:00,9
9b0ca3ab-9a31-4e0c-9bea-7d9e21e5776d,I love the payment security part.,love payment security part,5,positive,2026-05-24 03:48:03,4
2391eae9-d9f1-4e12-8844-ef8c78e41a21,the App is dishonest/fraudulent by displaying low prices of an item.When click the low price is for an accessories not the main item.User or customer experience is damaged by this.Also many fake items of low quality n function sold.,dishonestfraudulent displaying low price itemwhen click low price accessory main itemuser customer experience damaged thisalso fake item low quality function sold,2,negative,2026-05-24 03:28:13,21
05483037-aa5f-4a7e-a517-4ff72088e832,"shopee should definitely do better on their delivery team spx express, took longer time from the original stated time to deliver the parcel,but bot still stated it's still count on time, really disappointed, and my parcel was stranded in one place for over 1 week for a parcel that is not using sea shipping is unacceptable, even my parcel from tik tok arrive faster",definitely better delivery team spx express took longer time original stated time deliver parcelbut bot stated count time disappointed parcel stranded place week parcel sea shipping unacceptable parcel tik tok arrive faster,1,negative,2026-05-24 03:06:39,32
ef702fa1-f2cd-4bec-a163-8094c45e4c35,Memudahkan urusan pembelian harian,memudahkan urusan pembelian harian,5,positive,2026-05-24 02:27:43,4
ca3117c8-47d1-4968-ac59-793edd0f6043,Is it just me or the watch & earn task section doesn't refresh even after 12am?? I can't get coins anymore,watch earn task section doesnt refresh cant coin anymore,2,negative,2026-05-24 02:10:12,9
e0e4dd32-d005-4e8c-a648-70fd5082d6e2,This app customer service is terrible. Item stuck at delivery which was supposed to arrived 9 days ago but item still haven't arrive. I am unable to do anything as my account got locked and I have cooperated with them but they still kept my account locked for close to a week. Careful buying from them and using their services as security issues is also a problem with the app.,customer service terrible item stuck delivery supposed arrived day ago item havent arrive unable anything account got locked cooperated kept account locked close week careful buying service security issue problem,1,negative,2026-05-24 01:29:47,30
64729e38-fd17-4b1a-9214-ed3e4b92a2b6,"this app has ads EVERYWHERE that no matter that I do it would oop up every 5 seconds,I don't care if this app has great service, products or whatsoever. it is ruining my time, experience and mood every single time their ads pop up out of no where",ad everywhere matter oop secondsi dont care great service product whatsoever ruining time experience mood single time ad pop,1,negative,2026-05-23 22:05:01,19
671196a1-b892-4713-b013-89b37cded785,"akaun kena block, dah buat rayuan tp xselesai masalah. asyik minya selfi dengan ic sampai abg jamil mampos",akaun kena block dah buat rayuan xselesai masalah asyik minya selfi dengan sampai abg jamil mampos,1,negative,2026-05-23 21:47:55,16
521c4b98-d7ca-4c5c-9794-f7208c0c89c4,good quality product and mesra B40,good quality product mesra,5,positive,2026-05-23 20:24:58,4
aa25315e-28e1-4846-9800-60841759be7d,"Boleh la, kalau boleh tambahkan sekali apps touch n go, kat dalam shopee.",boleh kalau boleh tambahkan sekali apps touch kat dalam,5,positive,2026-05-23 19:08:38,9
f54738e9-76ad-4829-89ef-7cb92b3618ce,"those damn ads are everywhere barua, aku nk tengok cerita sial kau pop up cam gampang",damn ad everywhere barua aku tengok cerita sial kau pop cam gampang,1,negative,2026-05-23 18:39:52,12
14a99394-d599-4c82-b841-211b52216b26,5 star saya bagi .. admin berikan voucher untuk membeli barang2 rm 00.00,star saya bagi admin berikan voucher untuk membeli barang,5,positive,2026-05-23 17:07:38,9
cc6ba253-2a51-4619-8ddd-aa9425738203,good experience using this apps,good experience apps,5,positive,2026-05-23 16:53:31,3
2a5f28bf-be46-4215-a97c-e203668838c0,"I hate shopee short video. Video mesti bug. Bukan dekat video pun tapi masih bunyi dekat background. Pastu video tunjuk produk ori. Tapi bila tekan link dia, produk fake yang keluar. Baik tak payah.",hate short video video mesti bug bukan dekat video pun tapi masih bunyi dekat background pastu video tunjuk produk ori tapi bila tekan link dia produk fake yang keluar baik tak payah,1,negative,2026-05-23 15:27:09,32
c7560a19-6a5f-4f23-af37-44033cbc0231,Shopee food voucher is dumb idea.,food voucher dumb idea,1,negative,2026-05-23 12:59:54,4
5496e065-4fbc-4edd-8d0c-5baf32cef184,Bad experience in live chat with agent,bad experience live chat agent,1,negative,2026-05-23 12:21:00,5
50142a1f-5084-42f1-962b-846b60d2c8ce,kadang ii kena scam😭🙃🥺,kadang kena scam,3,neutral,2026-05-23 12:20:10,3
d295b916-f9db-41b3-ab24-7ee967935ebc,"bro, can't read the review, fix please thanks.",bro cant read review fix thanks,1,negative,2026-05-23 10:12:16,6
a86ddb00-566c-438d-a1b0-06890910d966,"Hai. The app is great but i hve suggestion for improvement of service: - off the option for COD. Not worth it. Seller rugi & delivery person rugi. - return item within 6 months should be limited to 3 items. Coz i saw several viral videos, buyers buy take item and return brg lain. They actually get plenty stuff for free.",hai great hve suggestion improvement service option cod worth seller rugi delivery person rugi return item within month limited item coz saw several viral video buyer buy take item return brg lain actually plenty stuff free,5,positive,2026-05-23 10:06:46,36
75f4bdcd-ea8a-472b-819e-c07c6568581a,"very convenient, delivery always fast",convenient delivery always fast,5,positive,2026-05-23 09:30:59,4
97477ead-2fd6-482c-a2fd-0b7d27090eb5,ok sangat..memudahkan urusan saya,sangatmemudahkan urusan saya,5,positive,2026-05-23 07:46:42,3
325f7130-38d2-40c7-b0d0-c794a3c4ddd8,I always choose shopee 1st as o line llatform to do my purchase,always choose line llatform purchase,5,positive,2026-05-23 07:23:06,5
002b19dc-f573-4136-b603-a28870a1c650,I love this app so much in this app get so many free gifts tq shoppe😘,love free gift shoppe,5,positive,2026-05-23 07:22:33,4
0a85a509-bb7b-4465-8076-c68dd71c358f,the best choice to find a part for electronic project,best choice find part electronic project,5,positive,2026-05-23 07:20:55,6
8c09ca34-6c6d-4b81-8a8f-06271f86d774,Always reliable as expected,always reliable expected,5,positive,2026-05-23 07:14:33,3
9d743cd4-838b-4ed0-83f7-7ea8e8b2a967,"Shopee is probably one of the apps I use the most for online shopping. Shopee has many choices, cheap prices and fast delivery which makes shopping easier for me. I also enjoy collecting coins and vouchers on Shopee. 5🌟",probably apps online shopping choice cheap price fast delivery make shopping easier enjoy collecting coin voucher,5,positive,2026-05-23 06:35:52,16
c58dd6f3-5f80-4706-a9d2-d27ebf421cae,sangat berpuas hati,sangat berpuas hati,5,positive,2026-05-23 05:40:46,3
562e0ee5-fcc9-4c43-89ac-263f2bcba731,THE WORST APP EVERRRR.......I just want to change a phone number but why they put somebody email that never existed 👎👎👎👎👎,worst everrrri want change phone number put somebody email never existed,1,negative,2026-05-23 05:16:41,11
04afe9f0-5346-406c-a89c-17e11e12e9d6,very murah time sale... byk dah expense kat sini.. :),murah time sale byk dah expense kat sini,5,positive,2026-05-23 05:00:13,8
05de0138-a204-44a3-9acc-5dea857dc35e,"Please delete the inactive account that is using my phone number because I want to register my number for a Shopee account, but I can’t. Both numbers are new numbers, not my old number. I just registered them recently. So please take action, thank you.",delete inactive account phone number want register number account cant number new number old number registered recently take action thank,1,negative,2026-05-23 04:10:53,20
848f040f-70ad-45fd-9d14-3e2520e50ebf,Amazing platform to shop. Delivery is top notch. I received my creatine monohydrate in 2 hrs after ordering.,amazing platform shop delivery top notch received creatine monohydrate hr ordering,5,positive,2026-05-23 01:52:22,11
513c6e9c-0aec-49cf-9916-b346d98af073,"remove ""similar product review"" sebab tak membantu pun, malah menyusahkan. ada seller ambil kesempatam letak gambar sama, yang sampai tak sama dengan yg diiklankan.",remove similar product review sebab tak membantu pun malah menyusahkan ada seller ambil kesempatam letak gambar sama yang sampai tak sama dengan diiklankan,3,neutral,2026-05-23 01:51:34,23
ad5332e1-0048-48da-a154-eb546b89e755,"add more worker to ur company, the post getting late from 5 days(this is the best) to 2 weeks more, my parcel still not arrive, im order from 7 may and now 23 may, is there something wrong with ur worker management or because of politic?",add worker company post getting late daysthis best week parcel arrive order may may something wrong worker management politic,1,negative,2026-05-23 01:32:28,19
fa0115d8-313b-4b8a-9cc1-cde7c593f108,nice market place,nice market place,5,positive,2026-05-23 01:30:31,3
6f2f78d1-2512-4f39-b8f1-ac9296ab888b,So far so good. No. 1 services. Very satisfying.,far good service satisfying,5,positive,2026-05-23 01:22:11,4
2f00d83e-c712-42f1-9146-f79d69ee8c39,"Careful, most videos of products are AI created, fake and misleading. not what you actually get, meant to mislead and cheat buyers.",careful video product created fake misleading actually meant mislead cheat buyer,1,negative,2026-05-23 01:18:53,11
387b2122-b60b-4f44-b904-7e73e6d89e22,can y'all stop redirect me straight to live tab everytime I open the app? what's worse is that the sound are on by default and I don't want this to happen when I'm in a public place,yall stop redirect straight live tab everytime open whats worse sound default dont want happen public place,1,negative,2026-05-22 23:48:14,17
01d2e221-ec2f-4373-960e-5ddcc13e1e8b,"So many options to choose from. Things, food, even services",option choose thing food service,5,positive,2026-05-22 22:08:28,5
fae8eed8-7371-407d-a6e1-ca0bad56b443,"Notifications are so misleading. they tell me that I have to check my address, yet it goes to products.",notification misleading tell check address yet go product,2,negative,2026-05-22 21:55:56,8
95aeccd0-c908-43f7-a580-f2c140905194,pay later cannot use anymore,pay later anymore,1,negative,2026-05-22 10:29:03,3
502471b1-8e99-4d8a-8c8f-7fea836809ee,shoppe only the best online shopping place!!,shoppe best online shopping place,5,positive,2026-05-22 09:29:57,5
5a486b8b-a322-4d60-bc81-b9a749753d63,good apps.. never been better compare to others apps.,good apps never better compare others apps,5,positive,2026-05-22 07:50:08,7
0d8e1588-a6e4-4a99-974c-702bca79ca92,"I have been watching livestreams and videos on Shopee for two years, but the watch task is still missing for two days. Please resolve the problem 😔🥺",watching livestreams video two year watch task missing two day resolve problem,5,positive,2026-05-22 06:01:32,12
7f4c9ce7-f313-4941-90cb-3a496e234c75,"I've been using shopee for awhile now. it's got good discounts compared to other platforms. but recently it's changed the landing page when the app opens, to the videos and live section. I don't know about other users, but it's a horrible feeling to be confronted by loud music and videos. and there's no way to change this according to their staff. well I guess I'll have to use other platforms if I don't want to have loud cringe music and videos blaring when I start the app. good luck.",ive awhile got good discount compared platform recently changed landing page open video live section dont know user horrible feeling confronted loud music video there way change according staff guess ill platform dont want loud cringe music video blaring start good luck,1,negative,2026-05-22 05:02:49,42
3ccb0786-925b-4213-b45d-4ed9a494d1fe,selalu guna shope sbb murah,selalu guna shope sbb murah,5,positive,2026-05-22 04:48:16,5
6a4551f0-0a4a-4780-883c-7323b6661f01,"I really want the app to have unlimited folders that can be named like,Skincare, Clothes,Toys so I don't have to scramble into my 600+ item in cart",want unlimited folder named likeskincare clothestoys dont scramble item cart,3,neutral,2026-05-22 03:31:10,10
a1d4a798-edb5-4956-b080-a215e59f499b,Add dark mode la oi,add dark mode,5,positive,2026-05-22 03:13:42,3
5887f23f-0d2f-4dd5-b744-8bf0d1472871,Constantly JAM on music and videos. DON'T LOAD NONSENSE! FOCUS EFFICIENCY. BS GAMES HEAVY LOADING. STOP LOADING VIDEOS AND MUSIC WITHOUT USER S CONSENT.,constantly jam music video dont load nonsense focus efficiency game heavy loading stop loading video music without user consent,1,negative,2026-05-22 03:02:34,19
c752a2b7-a147-4966-a7ac-3fb6276c66ed,very good. apa pun mau charge. app ini suka hisap wang. cantik sekali,good apa pun mau charge ini suka hisap wang cantik sekali,5,positive,2026-05-22 00:57:12,11
928839bf-4101-4c4f-a9ac-9d50ac92a7e1,"shopee memang terbaik, hari2 ingin beli belah dalam shopee",memang terbaik hari ingin beli belah dalam,5,positive,2026-05-21 21:08:02,7
25ec5ca0-3ede-42da-9429-876ece3e16fc,I can't collect coins in live streaming.,cant collect coin live streaming,3,neutral,2026-05-21 20:10:07,5
1b04f015-118d-4080-9558-0f909654fdd8,I do like this app but the ads is to aggressive and annoying the ads even add fake x on top. its an purchase app and using money if i miss clicked something in ads its directly got into the apps and i just buy something and thankfully i notice the items and cancelled the items,ad aggressive annoying ad add fake top purchase money miss clicked something ad directly got apps buy something thankfully notice item cancelled item,1,negative,2026-05-21 18:24:41,23
57ccf158-b331-44cc-bae3-61425c3112cc,refund take years to come,refund take year come,1,negative,2026-05-21 17:23:30,4
4207b912-92da-455f-88d0-d59e94b81e4d,can we not get 300 notifications within the span of 5 minutes for 6.6 sales. it's very annoying 🫪,notification within span minute sale annoying,3,neutral,2026-05-21 17:17:37,6
261c8b59-3cb4-4cb8-9196-253f255898ab,verry easy to shopping,verry easy shopping,5,positive,2026-05-21 17:03:26,3
65cb3d2a-b246-424d-9330-330e68b1aeb7,Bad service from courier service- SPX No quality delivery person shopee policy suck.. Better to use other than shopee...this is from my bottom of my heart. Shopee suck,bad service courier service spx quality delivery person policy suck better shopeethis bottom heart suck,3,neutral,2026-05-21 16:10:32,15
a2e1aa89-659c-4c80-832f-79b10f8c0262,Maybe you should fire your advertisement team for putting fake X button and force open this app through ads,maybe fire advertisement team putting fake button force open ad,4,positive,2026-05-21 15:50:33,10
712a3728-26a6-4eea-9980-b75f99dbfd9b,"Sungguh kesal dgn kemaskini shopee dgn memaksa user melihat video tak senonoh+ai slop apabila buka apps terus autoplay.Ditmbah dgn CSnya autobot xmembantu selesaikn msalah,lambakan brg fake dan review yg dibuat² pada tarikh yg sama.Ada part shopee yg bagusnya tntng refund item,xsmua brjaya,tp memudahkn.Kbnykn video tiada kaitan/xbrguna,hrp dev app buat setting utk video autoplay tu",sungguh kesal dgn kemaskini dgn memaksa user melihat video tak senonohai slop apabila buka apps terus autoplayditmbah dgn csnya autobot xmembantu selesaikn msalahlambakan brg fake dan review dibuat pada tarikh samaada part bagusnya tntng refund itemxsmua brjayatp memudahknkbnykn video tiada kaitanxbrgunahrp dev buat setting utk video autoplay,2,negative,2026-05-21 15:39:06,47
987ae077-cc3c-494f-9541-45bc103719ae,"good, trusted,online marketplace.",good trustedonline marketplace,5,positive,2026-05-21 15:32:14,3
732c7700-a655-425d-b431-596ab119e2b4,"thank you, the recent update fixed the severe lagging issue at the special day voucher page (2/2, 3/3, 4/4, 5/5) that i was experiencing since feb 2026. the page would stop loading, vouchers cant be claimed/ or really slow in showing 'claimed' (takes about 3-5min). other pages/ browsing/ video is smooth. thank you to the support and tech team",thank recent update fixed severe lagging issue special day voucher page experiencing since feb page stop loading voucher cant claimed slow showing claimed take min page browsing video smooth thank support tech team,5,positive,2026-05-21 15:20:00,33
1153e48e-5aaf-41c5-8534-a32905da2f74,"this app been polluted with Ai generated video review nowadays its so annoying, i want to look real item if going to buy an item, not an inaccurate ai generated video",polluted generated video review nowadays annoying want look real item going buy item inaccurate generated video,1,negative,2026-05-21 14:54:19,16
4ec451ea-5653-496d-b7e8-ec22922ef786,Sangat Berpuas hati,sangat berpuas hati,5,positive,2026-05-21 14:33:27,3
d77cd621-f08a-4154-aefc-b1bc7a3ec617,mana mana bukak ada je iklan apps oren ni..hang memang,mana mana bukak ada iklan apps oren nihang memang,2,negative,2026-05-21 13:06:59,9
a66b8f24-6dc0-49a7-83c9-9276594092cf,I can't use this app for now. There are some problem to connecting. Please update and fix the problem,cant problem connecting update fix problem,5,positive,2026-05-21 11:39:19,6
7c4e0a7e-d123-4706-82fc-7fc3a39f05b0,"YOU DESERVE 1 STAR, BECAUSE OF ADS ALL OVER THE ANY APPS OR WEB, AND SOME ADS AUTO OPEN THE SHOPEE APP IN UNWATED CIRCUMSTANCES. FURTHERMORE YOUR LIVE & VIDEO TAB IS TOOOOO ANNOYING, HOW DOES IT FEEL WHEN I FEED YOU WITH THE FOOD YOU DON'T LOVE AT ALL?",deserve star ad apps web ad auto open unwated circumstance furthermore live video tab tooooo annoying feel feed food dont love,1,negative,2026-05-21 10:08:53,21
a805a173-0b59-4c3a-a3b4-0651d37177a5,Convincing and easy way to get anything that we are looking for. Cheap price with fast delivery,convincing easy way anything looking cheap price fast delivery,5,positive,2026-05-21 08:21:00,9
a3c3ab3a-c0f9-4e33-bff3-8709c4967edb,MCM BDO tak boleh log masuk nomber fon,mcm bdo tak boleh log masuk nomber fon,1,negative,2026-05-21 07:59:23,8
f323641c-e4fa-427e-910d-808db33361eb,"this apps is getting weirder. spaylater freezed despite payment made but they keep sending notifications regarding spaylater vouchers and discounts. cold, soulless and robotic customer service responding to queries. coins task available but not allowed or not qualified to collect the coin after completing task. landing page directed to loud & annoying videos. now I'm off to learning how to mute notifications from this battery and data draining useless app. you should too.",apps getting weirder spaylater freezed despite payment made keep sending notification regarding spaylater voucher discount cold soulless robotic customer service responding query coin task available allowed qualified collect coin completing task landing page directed loud annoying video learning mute notification battery data draining useless,1,negative,2026-05-21 06:16:42,44
8db348e6-1bb7-47f2-9cb7-fb4765fd7e8f,Fast delivery and good packing,fast delivery good packing,5,positive,2026-05-21 06:14:44,4
af848db7-5545-4fe8-b4b2-7054397f3c52,I like shopping in the app but it keep suggesting me inappropriate product I don't want in my suggestion and there's no block users or no request for less view of inappropriate kind of product,shopping keep suggesting inappropriate product dont want suggestion there block user request less view inappropriate kind product,4,positive,2026-05-21 06:07:53,17
cb66c4d2-c100-4329-b019-57a625531105,"Shoppe pay can't log in, So money time ask for verity.",shoppe pay cant log money time ask verity,5,positive,2026-05-21 04:45:18,8
47d4309d-5838-44f0-a5cb-78a4e27fb1f0,"kadang ok kadang tak ok ada seller langsung tak reply mesej hantar barang rosak, pecah tak nak bertanggungjawap. tak nak bayar refund. shopee tlg alert kpd seller yg sombong.",kadang kadang tak ada seller langsung tak reply mesej hantar barang rosak pecah tak nak bertanggungjawap tak nak bayar refund tlg alert kpd seller sombong,2,negative,2026-05-21 02:30:06,25
44ee9225-46e7-4df9-8a05-1c6f549c6cb6,family mart the best ever,family mart best ever,5,positive,2026-05-21 00:43:04,4
3aa13a1a-832f-40af-a6d6-e4bbf4806b2d,"shopi kepala bapak kau lah mcm sial punya apss. smua apss tu ada iklan dia even kita tk tekan pun keluar sial, mcm bodoh geram je aku perati ek. seminit dh 5 kalik kena ulang alik d sebabkan shopi bodoh ni muncul bila tgk apss lain, mkin teruk ya skrg ni .",shopi kepala bapak kau lah mcm sial punya apss smua apss ada iklan dia kita tekan pun keluar sial mcm bodoh geram aku perati seminit kalik kena ulang alik sebabkan shopi bodoh muncul bila tgk apss lain mkin teruk skrg,1,negative,2026-05-20 17:55:18,40
5b26c8ee-740c-48d2-8836-3c2522d1c90e,"Very bad experience and disappointed with the service provider. I received email notification on Shopee will delete my account soon. Since Shopee wanted to delete my account, I request refund my wallet balance,but they can't. by the way, is not my intention to delete or inactive, is due to my account been restricted from performance any transaction, and their support team can't provide any solution. I am the platinum member for years, anyway, I switched my online purchases to Lazada.",bad experience disappointed service provider received email notification delete account soon since wanted delete account request refund wallet balancebut cant way intention delete inactive due account restricted performance transaction support team cant provide solution platinum member year anyway switched online purchase lazada,1,negative,2026-05-20 16:48:05,42
80eca77f-bd5e-4545-a6f7-9a481023e752,berfungsi dengan baik banyak boleh dibeli dengan harga yg berpatutan,berfungsi dengan baik banyak boleh dibeli dengan harga berpatutan,5,positive,2026-05-20 16:07:33,9
d4c00872-938c-4afa-acf6-bd9aa9921fe8,This is such a helpful app to me. i can purchase everything whatever i want from this app. and very affordable to puchase the product. that's why i like this app.,helpful purchase everything whatever want affordable puchase product thats,5,positive,2026-05-20 14:11:46,9
65595f0d-1743-49de-89a8-85cb4ac7c8ff,"This app can do anything online shopping and food delivery, What more do you ask for :)",anything online shopping food delivery ask,5,positive,2026-05-20 12:21:26,6
f83b042b-cf93-410d-ac00-fec02552c04b,"secure, easy, responsive and many, all in this apps always..worry me nothing.",secure easy responsive apps alwaysworry nothing,5,positive,2026-05-20 12:01:20,6
8379b5a5-3f5b-4712-bdef-fabbed57c6ff,"The app itself has no issues so far, but there is this one thing that made me rate shopee 1 star, the ads. Every time I use any other apps to watch ads and if it is shopee ads, then it always directs me to your website even though I did not click anything at all. There is also a fake close button at the end of the ad where if you click the prompt then it brings you to the website. It causes A LOT of inconvenience and it's getting old. Will delete shopee and start using taobao and Lazada soon",issue far thing made rate star ad time apps watch ad ad always directs website though click anything fake close button end click prompt brings website cause lot inconvenience getting old delete start taobao lazada soon,1,negative,2026-05-20 11:56:12,36
7bb7d945-8c9e-4ae1-97f2-133a1515583c,shoppe terbaik spanjang masa,shoppe terbaik spanjang masa,5,positive,2026-05-20 11:43:25,4
e01743b8-afcc-478c-a80c-b330056c5282,can you make and option to disable that tiny videos,make option disable tiny video,3,neutral,2026-05-20 11:32:41,5
af215173-ed84-4f62-b8a9-005e28242b3c,quick & safe for online shoping,quick safe online shoping,5,positive,2026-05-20 11:11:45,4
2421020a-8ceb-4809-a4c2-e95328816dbc,i love shopping with cheap prics,love shopping cheap prics,5,positive,2026-05-20 10:49:55,4
698d61b7-fcb1-461e-aaab-2521239f891b,nga stop taking away my coupon damnit,nga stop taking away coupon damnit,1,negative,2026-05-20 10:45:07,6
96e993bd-541d-4009-8be7-5c383d24129c,"This is premium quality, from design to material worth to buy.",premium quality design material worth buy,5,positive,2026-05-20 10:31:33,6
9f5addac-a9a5-4160-a368-236f41f2a28a,Thank you for decreasing my SPayLater limit huhuhu.. from RM7500 to RM6700..,thank decreasing spaylater limit huhuhu,1,negative,2026-05-20 10:16:02,5
fec541af-3ded-4236-a246-39ddc483bea9,"Lot of options to choose, payment methods alot, delivery service very good",lot option choose payment method alot delivery service good,5,positive,2026-05-20 09:47:40,9
0c9be646-a427-46da-a9d9-2688352611ef,Very good also if your item don't arrive you can just refund it take me 2 hour thank shoppe!,good item dont arrive refund take hour thank shoppe,5,positive,2026-05-20 09:43:13,9
16af5b83-8c6a-45da-aa1c-736e6a991319,"Love n love, mudah senang Dan pantas",love love mudah senang dan pantas,5,positive,2026-05-20 09:35:31,6
bcb56ff2-5fe9-45e9-9ce4-144ab3d9d41c,"yesterday got issues about shoppe food,I requests my order is not completed, because all my order the soup in two item is spoiled out and packing is so poor,driver just say sorry,but u know shoppe food agent reply me what and cancel my request,how they do job, picture and all invoices I approve it,and cancel my request??shame on u lah..8.69 u wanna eat.",yesterday got issue shoppe foodi request order completed order soup two item spoiled packing poordriver say sorrybut know shoppe food agent reply cancel requesthow job picture invoice approve itand cancel requestshame lah wan eat,5,positive,2026-05-20 09:13:54,34
6876ab9b-b5e1-46d2-b4c7-f8e7f11f5a27,its a great app except that it always freeze every so often when i scroll too long,great except always freeze often scroll long,5,positive,2026-05-20 09:10:25,7
30c4130e-276b-4c45-b3fc-f0a850df5d25,"Please reduce the bloat on your app. Keep it reasonably lean because using the app stutters a lot for me even on my phone which is a Redmi 15C with 8GB RAM. Or maybe allow your Shopee Lite version to also be available in Malaysia instead of just Indonesia. Until then, I cannot give your app more stars.",reduce bloat keep reasonably lean stutter lot phone redmi ram maybe allow lite version available malaysia instead indonesia give star,2,negative,2026-05-20 06:00:42,20
d65d6b82-e17f-4b7d-aafc-7c2c3e33476a,"why u show product rating that is 5 years ago as the 1st review, when u have a newer 11 may at the bottom. Why did u remove the sort by newest function from product rating!!!!!! Shopee is bad now.",show product rating year ago review newer may bottom remove sort newest function product rating bad,1,negative,2026-05-20 03:20:27,16
daa2fec3-a132-4883-9906-e1d4fb42eff8,"shopee memang terbaik. harga lebih murah dari kedai diluar. banyak voucher, free shipping, boleh guna coin lagi. memang terbaikk",memang terbaik harga lebih murah dari kedai diluar banyak voucher free shipping boleh guna coin lagi memang terbaikk,5,positive,2026-05-20 03:05:18,18
352094e4-2430-4d3e-bd0a-95809f3ed937,"I’m very impressed with Shopee! My order arrived much faster than expected, and the customer service was very helpful when I had a question. The product was exactly as described and in perfect condition. Shopping was smooth and stress free. Highly recommend Shopee for anyone looking for fast delivery and great service!",impressed order arrived faster expected customer service helpful question product exactly described perfect condition shopping smooth stress free highly recommend anyone looking fast delivery great service,5,positive,2026-05-20 02:57:46,26
b77a0373-8735-4035-987a-40c90f559d22,habis duit banyak shopping online,habis duit banyak shopping online,5,positive,2026-05-20 02:46:56,5
f7ba4a93-9377-485b-bcce-f4e8c00e41a7,An e-Commerce platform that consumers can rely on.,ecommerce platform consumer rely,5,positive,2026-05-20 02:41:33,4
9486bb10-90bf-46bd-8e77-c3d12088b624,best shopping apps in Malaysia!,best shopping apps malaysia,5,positive,2026-05-20 02:27:06,4
e0f358de-fea8-4358-a8c1-de895b7c19fd,Plenty health supplements and car spare parts available,plenty health supplement car spare part available,5,positive,2026-05-19 23:59:07,7
53eec6f1-986b-4d4a-9e0a-75f3ab63d252,"The app is not user-friendly. The item exchange process is extremely slow and troublesome. Security measures are also weak, as the platform fails to detect fraudulent shops and companies. Shopee must improve its quality control and buyer protection.",userfriendly item exchange process extremely slow troublesome security measure weak platform fails detect fraudulent shop company must improve quality control buyer protection,1,negative,2026-05-19 23:26:19,22
20bb6969-59c0-4d25-ac45-102bf75c977f,"Items not 100% brand new. Example: when you buy a phone, if you see a 'checked' sticker, it likely means someone has already used it for a month or more before it was sold to you. I bought a cooler fan from Shopee Mall. Bubble wrap was perfect, but the box dents? Top of the box had a seal sticker, but the bottom already been opened. It works fine, but every time unplug it, it feels like the entire power unit disconnected. Frame is not perfectly aligned, as if it had been opened and cleaned.",item brand new example buy phone see checked sticker likely mean someone already month sold bought cooler fan mall bubble wrap perfect box dent top box seal sticker bottom already opened work fine time unplug feel entire power unit disconnected frame perfectly aligned opened cleaned,1,negative,2026-05-19 18:39:29,45
22ef401a-9676-4b15-9c5e-b28f2bac4704,"I canceled my order but the seller rejected then I find the customer service but it's AI didn't giving any help. Finally I'm angry and managed to get a real customer service. Then after I get out from shopee, it directly close the service and now almost ONE WEEK I HAVEN'T GET MY MONEY BACK!!!!!!!!!!!!! PLEASE I JUST WANT MY MONEY BACK🙄🙄🙄",canceled order seller rejected find customer service didnt giving help finally angry managed real customer service directly close service almost week havent money back want money back,1,negative,2026-05-19 17:27:58,27
f091543a-c877-4d7a-885f-e38790c0ce33,"I do spend daily atleast once at shoppee to survey or purchase items. 1 onlf the best platforms, u could find anything u want here and its safe. 5 star",spend daily atleast shoppee survey purchase item onlf best platform find anything want safe star,5,positive,2026-05-19 15:19:53,15
3c507a9c-e276-4993-8731-13b5b2024d45,"Almost anything that you can think of, you can get it from the shopee. Great place to shop at most.",almost anything think great place shop,5,positive,2026-05-19 14:32:43,6
17ab85fc-3026-44c2-8948-20c87674ff26,God bless you Amen 🙏💖,god bless amen,5,positive,2026-05-19 13:31:35,3
165c691d-bee9-4a95-a13e-c176f11061bb,Cannot choose courier.. very suck,choose courier suck,5,positive,2026-05-19 12:24:23,3
86de7fe7-e994-4bac-83a0-9dfd75b8e853,my experience with shoppe is good so far,experience shoppe good far,5,positive,2026-05-19 11:31:15,4
0f54e9d0-080d-4f8d-ad90-4c9902a680aa,All you need is in this application..tq shoppe..,need applicationtq shoppe,5,positive,2026-05-19 10:14:41,3
980ba63d-b35c-4e34-ac60-14b65f7a09e0,the app serves is cool but annoying advertisement from other apps i really hate this app because of the way he do advertisement is too annoying you can't even skip,serf cool annoying advertisement apps hate way advertisement annoying cant skip,1,negative,2026-05-19 07:44:05,11
87c5ef67-fbd5-4888-b069-20403593f0d8,"For recent spaylater experience; what's with the new app design, got popup window (temporary limit increase) with no close button. I'm only there to pay the spaylater bills, if this keeps up, I may no longer use it. Please do better app design, thank you.",recent spaylater experience whats new design got popup window temporary limit increase close button pay spaylater bill keep may longer better design thank,1,negative,2026-05-19 07:34:34,23
93b48fe4-d005-4499-82b1-95f251938a44,sangat berpuas hati dgn sistem shopee.,sangat berpuas hati dgn sistem,5,positive,2026-05-19 06:28:30,5
437fecb9-a9f4-4a1d-a999-ad6a4d0118d6,"Aku benci macam mana app ni sekarang. Bukannya main feed yang akan terbuka dulu, sekarang video-video tak penting diorang pulak. Lepas tu, kalau ada listing barang yang kau klik, video tu yang akan tunjuk dulu. Takde apa-apa. Cuma menyampah je, tu je",aku benci macam mana sekarang bukannya main feed yang akan terbuka dulu sekarang videovideo tak penting diorang pulak lepas kalau ada listing barang yang kau klik video yang akan tunjuk dulu takde apaapa cuma menyampah,1,negative,2026-05-19 06:02:14,35
1e7d8fc4-091a-477f-a1ab-7587e750dddd,"so far so good , a major step up in delivering to Brunei which previously not available.👍🏽👍🏽👍🏽",far good major step delivering brunei previously available,5,positive,2026-05-19 05:58:21,8
98aea219-5d5a-42e0-9979-c01d4e192099,Shoppers shld be allowed to rate a seller if the deal is cancelled. especially after waiting for more than a month for a product. pls update this feature so that no one else gets conned.,shopper shld allowed rate seller deal cancelled especially waiting month product pls update feature else get conned,1,negative,2026-05-19 05:16:33,17
e0a16e1f-57c1-4384-be87-8770addbd4c9,shopee is the best Ecommerce site now,best ecommerce site,5,positive,2026-05-19 04:40:18,3
5f01f4bb-efc1-4b65-ba40-f9b3b35ca406,shoppee Malaysia is The Best. I Love it ❤️ because Shoppee My always give cheap price better another Apps. They always give free delivery cost and sometimes I'm get Rm 0 to Pay the product. Product from another country but fast arrived my home. Really So excited and Enjoy Shoppee My. Recommended for you all 🔥,shoppee malaysia best love shoppee always give cheap price better another apps always give free delivery cost sometimes pay product product another country fast arrived home excited enjoy shoppee recommended,5,positive,2026-05-19 03:51:10,30
667d03ba-5135-43b6-b565-918466f0a50f,"Tolong allow user pilih courier. Takde kami nak salahkan platform kalau courier pilihan kami yg lembap. Setiap kali order barang, jika melibatkan BEST EXPRESS atau BEST CARGO, tak lebih 2 minggu memang diaorang takkan hantar ke? Edit : Kali ke 6 BEST EXPRESS/BEST CARGO peram barang aku. Kali ni satu barang sampai, lagi 1 barang hilang terus. Selagi Shopee guna servis diaorang, atau tak allow user tukar courier - selagi tu aku takkan bagi lebih dari 1 star",tolong allow user pilih courier takde kami nak salahkan platform kalau courier pilihan kami lembap setiap kali order barang jika melibatkan best express atau best cargo tak lebih minggu memang diaorang takkan hantar edit kali best expressbest cargo peram barang aku kali satu barang sampai lagi barang hilang terus selagi guna servis diaorang atau tak allow user tukar courier selagi aku takkan bagi lebih dari star,1,negative,2026-05-19 02:28:15,66
b08d39b8-e97f-423d-a8a1-fb38acd05c04,Percels well packed and fast delivery.,percels packed fast delivery,5,positive,2026-05-19 01:31:12,4
a0a717d9-f0d4-4290-b3ef-88931426d13a,My account had been suspended. However i request for the case to be closed. Until now you had not reply to all my email. Really frustrated,account suspended however request case closed reply email frustrated,1,negative,2026-05-19 01:30:50,9
554db5a2-110f-45a4-a87e-66552e3052d1,Touch and hold a clip to pin it. Unpinned clips will be deleted after 1 hour.,touch hold clip pin unpinned clip deleted hour,5,positive,2026-05-18 23:23:02,8
499f4ba6-9746-41df-bf01-cd790cc1aaa6,"Latest update (25 july 2022) kills Shopee.. all the reviews written here is true... i.e addresses gone, cant make payments etc.. do something Shopee! [19 May 2026] Shopee is much more reliable now... 👍👍",latest update july kill review written true address gone cant make payment etc something may reliable,4,positive,2026-05-18 23:21:40,16
21725887-f074-4666-92fd-c980073a2ac0,Damn annoying video when opening the app.. Would give 0 star if allowed to..,damn annoying video opening give star allowed,1,negative,2026-05-18 17:57:19,7
6a0d221f-4fd1-4a2c-94ae-a7f61a8c10cb,"app terpaling safety laa konon sampai orang beli number fon baru tapi still bind dengan acc orang lama, kalau nak login kena pakai muka orang lama, macam buto. sekarang macam mana nak buat acc bodo",terpaling safety laa konon sampai orang beli number fon baru tapi bind dengan acc orang lama kalau nak login kena pakai muka orang lama macam buto sekarang macam mana nak buat acc bodo,1,negative,2026-05-18 17:27:08,33
9166c3b4-be3f-4e01-a83f-f8cbd280db7d,what is wrong with this app?? when i enter other app it always suddenly enter to shopee and make my phone lagging ! it ruined my mood!!!,wrong enter always suddenly enter make phone lagging ruined mood,1,negative,2026-05-18 15:08:27,10
e1b1b873-a3a4-4f40-9026-acf60d69b2f3,"So happy, got free shipping and self-collect.. Seller senang dirondeng☺️",happy got free shipping selfcollect seller senang dirondeng,5,positive,2026-05-18 14:03:02,8
c2d3b8af-7a8e-4752-9bfc-78a167664a81,"lied about the daily coins ""7"" days having 1K coins",lied daily coin day coin,2,negative,2026-05-18 14:01:33,5
361b8a7e-1add-42fb-be83-99a74e520e2f,Terlalu banyak iklan dan menggangu,terlalu banyak iklan dan menggangu,1,negative,2026-05-18 13:47:31,5
17065e24-2b68-477a-abf7-8a99c62f8900,Shopee one of the best online market place in Malaysia,best online market place malaysia,5,positive,2026-05-18 12:20:19,5
1471b4f2-63fa-4160-895b-88799a70bb21,app is glitchy and customer support cant do much. really gone downhill. as a seller and buyer,glitchy customer support cant gone downhill seller buyer,2,negative,2026-05-18 12:11:20,8
38297b1c-a1c3-4a3e-83d9-5c607022dc9a,"App terbaiikk,sangat dipercayai dan recommended sangat",terbaiikksangat dipercayai dan recommended sangat,5,positive,2026-05-18 11:38:44,5
ce2b311a-bf52-4c85-99d2-4b53c45da3fe,BEST APP IN THE WORLD ORDER SOMETHING THEY WILL GIVE LIKE THE PICTURE,best world order something give picture,5,positive,2026-05-18 11:19:15,6
f591898b-155d-4a51-9ba2-2208339c6377,good.. murah gila babui,good murah gila babui,5,positive,2026-05-18 11:15:44,4
e869bb84-4c50-4020-8edd-b908ee25c339,Seller very responsible and friendly,seller responsible friendly,5,positive,2026-05-18 11:06:34,3
faffbeae-aa54-492c-8a16-072ced3c60fe,"The account already exists but was logged out before. When trying to log back in, Shopee suddenly asked for face verification. Since when is face scanning required just to log into Shopee? The account never even enabled face verification before, so why is it suddenly required now? Please improve the login system because it’s making things difficult even for the real account owners.",account already exists logged trying log back suddenly asked face verification since face scanning required log account never enabled face verification suddenly required improve login system making thing difficult real account owner,1,negative,2026-05-18 10:57:43,32
5188c9ac-d03b-412a-8c69-57088afcf15c,Good apps to saver,good apps saver,5,positive,2026-05-18 09:09:20,3
91268442-b238-43db-ad1a-b2ce9a6fab35,"hi ,i hope there are a lot of people who r able to see my review before downloading this app, i can say other than the bugs from using the app too much (it freezes), they do hv amazing coupons but what online shopping apps do not hv amazing coupons to attract their customers? i guess the most special ability shoppe have is the lack of security towards scam and the lack of their liability (assuming thats why they were ban from multiple countries because of it). if u want to try scammin ts 4 u ♥️",hope lot people able see review downloading say bug freeze amazing coupon online shopping apps amazing coupon attract customer guess special ability shoppe lack security towards scam lack liability assuming thats ban multiple country want try scammin,1,negative,2026-05-18 08:39:29,37
ebee415f-bc0c-41e5-9827-a2ddff82a56d,Unexpected same day delivery even on Sunday,unexpected day delivery sunday,5,positive,2026-05-18 05:57:44,4
a27bdc04-7939-4b4d-8bd9-4dd4dd905695,"Having issues with withdrawing from the Live & Video coin savings. Constantly getting the message that i cannot redeem the 1000 coins, now i'm up to 1400 coins stuck there... please help 🥲 then i'll change the rating to 5*. other than this, pretty smooth app, very good platform for shopping online. update: issue resolved 😁 very quick",issue withdrawing live video coin saving constantly getting message redeem coin coin stuck help ill change rating pretty smooth good platform shopping online update issue resolved quick,5,positive,2026-05-18 05:42:28,27
87370611-ac40-4b70-9c07-e6947cad7dc0,Cancelling customers' orders without asking customers and biased cancellation.,cancelling customer order without asking customer biased cancellation,1,negative,2026-05-18 04:03:13,8
d85c025d-ff4c-4157-9ceb-1415c3afacc8,"account saya tidak dapat membeli disebabkan tiada penghantaran ke Sabah, sebelum ini ok saja,. apa yang terjadi ?",account saya tidak dapat membeli disebabkan tiada penghantaran sabah sebelum ini saja apa yang terjadi,2,negative,2026-05-18 03:54:20,15
49baaf4d-e27b-4e18-a5e0-5c272ae3d5ba,The best online app in malaysia! sentiasa update tetapi semakin baik app ini,best online malaysia sentiasa update tetapi semakin baik ini,5,positive,2026-05-18 03:37:06,9
961aad4d-8512-4e44-8a1b-f6d27ec8c8a7,I am getting tired of your ads bro. I can't even watch movies calmly without your ads popping out of nowhere.,getting tired ad bro cant watch movie calmly without ad popping nowhere,1,negative,2026-05-18 02:11:37,12
296a13e4-44ad-4bbd-9824-5a49b776767f,best n certain brng order are yg ok are yg x ok.. tpi so far brng2 she order semua bail gud condition,best certain brng order tpi far brng order semua bail gud condition,5,positive,2026-05-18 00:03:19,12
7f17c4e9-98c2-4fff-abbb-5e8cac74abc6,Shopee is the best among the best TERBAIKKKKK,best among best terbaikkkkk,5,positive,2026-05-17 23:58:43,4
e7225539-4bae-478c-ad30-4dc0dfa0ac60,"SpayLater sudah dibayar ,tetapi akau disekat,saya bagi 1 bintang sajalah",spaylater sudah dibayar tetapi akau disekatsaya bagi bintang sajalah,1,negative,2026-05-17 23:37:25,9
f8c737a8-2ebe-4388-9410-f6e77287d02f,"Since 2018, I am Shopee legend and I don't have any problems with Shopee..Keep flying high Shopee... Do the very best of you.",since legend dont problem shopeekeep flying high best,5,positive,2026-05-17 19:14:10,8
b7504357-d409-4325-8f52-f14ffe6ec9b2,sangat kecewa dengan pihak shopee... baru ni saya kena scam online tapi sikit pon pihak shopee tak berpihak pada saya... dengan ayat terbaik mereka (kami memohon maaf atas apa yang pihak tuan hadapi) sikit pn tak tolong saya untuk pembayaran timbal balik... malah guna collector team call hari2 tanpa ade rasa sikit lemah lembut dalam berturur,sangat kecewa dengan pihak baru saya kena scam online tapi sikit pon pihak tak berpihak pada saya dengan ayat terbaik mereka kami memohon maaf atas apa yang pihak tuan hadapi sikit tak tolong saya untuk pembayaran timbal balik malah guna collector team call hari tanpa ade rasa sikit lemah lembut dalam berturur,2,negative,2026-05-17 15:59:04,52
0cf9ef80-6763-4a0a-bc8e-43421addc127,I hate the ads bro stop bothering people so much just show 2-3 times that's enough like why do you guys need to waste people's time so much bro plus the ads are so annoying because why are you trying to place a fake skip button and all of the ads are 1 minute long dude,hate ad bro stop bothering people show time thats enough guy need waste people time bro plus ad annoying trying place fake skip button ad minute long dude,1,negative,2026-05-17 15:53:18,28
ffa60dea-d728-4f04-bdc5-6a76a8610320,"is sad , all the videos or ads showing sometimes is different than what's product is show's, ads sometimes is copyrighted from YouTube..and god the scammer why this is even a thing ..I got scam products like 8 time since 5 year ago",sad video ad showing sometimes different whats product show ad sometimes copyrighted youtubeand god scammer thing got scam product time since year ago,2,negative,2026-05-17 15:46:37,23
8990d967-8266-49d5-937a-d03f1ca9ac42,Only allows a 30 day edit window for reviews. When item fails after and the seller isn't helpful you can't do anything about it.,allows day edit window review item fails seller isnt helpful cant anything,1,negative,2026-05-17 15:07:20,12
f320248f-6bd1-4ae4-8f86-3de7fb19d02f,"Terrible experiences with seller named ""MiuPetShop"" from shopee Malaysia. Disappointed with Shopee MY especially how they control seller's quality! Worst seller selling expired products. The strict refund process makes it difficult for buyers to prevent them from receiving their refunds even already provided evidencethe products are expired especially kids skincare. Highly advised that should have deep considerations if you wants to purchase kids products or high cost products via shopee MY",terrible experience seller named miupetshop malaysia disappointed especially control seller quality worst seller selling expired product strict refund process make difficult buyer prevent receiving refund already provided evidencethe product expired especially kid skincare highly advised deep consideration want purchase kid product high cost product via,1,negative,2026-05-17 13:45:16,45
7bc2c459-8fb3-4d00-aabd-662920ff408b,the best online shoppe with free delivery and spay later,best online shoppe free delivery spay later,5,positive,2026-05-17 13:22:27,7
7665d4cb-e609-421d-bae3-769b04220f63,best online shopping app ever,best online shopping ever,5,positive,2026-05-17 13:18:44,4
927c6f9f-08fb-4d55-8a9a-6d0f95603cea,worst shopping search function ever,worst shopping search function ever,1,negative,2026-05-17 13:12:20,5
e3709ebb-9616-4f5f-aed2-61ff4e097395,Very good apps for ordering and shopping many things available,good apps ordering shopping thing available,5,positive,2026-05-17 10:34:09,6
3cb5673a-0a02-4de2-8037-638fe4f3c863,Give us back the option to choose couriers.. J&T is sucks..,give back option choose courier suck,5,positive,2026-05-17 10:23:07,6
1c5ccc45-1fad-4d40-ae11-601d8e907d93,I already paid my food using your jom rebut deals and then it said I need to redeem it but then again when I try to checkout it goes error code K05 wth,already paid food jom rebut deal said need redeem try checkout go error code wth,2,negative,2026-05-17 09:13:23,15
cba45627-67a9-4d77-9a14-43ed74e783e2,postage makin mahal,postage makin mahal,1,negative,2026-05-17 07:27:39,3
b8c7bf59-ff65-43c9-8240-efe9e649458f,When i trying to play a game shopee ads keep making me lose the match,trying play game ad keep making lose match,1,negative,2026-05-17 07:11:01,8
eb81e336-5500-47bd-8749-867f11865561,rate only for shopee food. i don't like that i cannot chat with the shop. the waiting time takes too long.,rate food dont chat shop waiting time take long,2,negative,2026-05-17 06:37:28,9
f9c3c252-1109-48e3-8257-70a014928dfa,barang lebih murah jika dibandingkan dengan apps jualan yang lain. tq shoppe..,barang lebih murah jika dibandingkan dengan apps jualan yang lain shoppe,5,positive,2026-05-17 06:02:14,11
d35bd159-3e86-4465-9db8-d6f6bd96e954,"anytime anywhere got shopee's ad, always bring me to shopee app,annoying",anytime anywhere got shopees always bring appannoying,1,negative,2026-05-17 04:56:27,7
b6038caa-dd56-4f9d-a459-9b017972d57f,shopee ni tak best dia ni buat iklan je!!!😤😠😠😡😡😡🤬,tak best dia buat iklan,1,negative,2026-05-17 04:53:32,5
0b4b0337-3d44-4d19-b3f3-dea4d1028307,"nice ,bought many free stuff ,got alot discounts",nice bought free stuff got alot discount,5,positive,2026-05-17 04:45:58,7
5319779e-9aad-4fae-9086-886ea928ea87,Life saver. Best app.,life saver best,5,positive,2026-05-17 04:28:00,3
a8ba04a5-656e-4150-8d9e-bd8e35254aaa,"already order item from seller, suddenly he cancelled my order, I order in 14 may when that item already in stock, suddenly in 16 may he cancel my order, waste my coupon for nothing, shopee didn't do anything about it, worse experience I've got from this company.",already order item seller suddenly cancelled order order may item already stock suddenly may cancel order waste coupon nothing didnt anything worse experience ive got company,1,negative,2026-05-17 03:48:41,26
0ed72875-0914-4290-a38b-47411e48601b,I like and always order things on Shopee.,always order thing,5,positive,2026-05-17 03:14:35,3
a23205c8-32a8-4558-a03c-97ac7ac98f10,Now i see shopee apps have improvement,see apps improvement,5,positive,2026-05-17 02:33:40,3
3aea7336-c08d-42e4-a2af-a3cfd0bb9b0c,"No shipping option.. beli awal bulan, barang sampai pertengahan bulan. Shopee Express is a very slow services. Then this apps keeps crashing and lagging even i already cleared background apps, clear cache and restart phone.",shipping option beli awal bulan barang sampai pertengahan bulan express slow service apps keep crashing lagging already cleared background apps clear cache restart phone,5,positive,2026-05-17 02:17:44,24
67e8760b-524a-4fd5-b30e-7f4ac8fe3cf6,Tekan spaylater terus paksa orang 'shop now ' .. tak mau bagi orang bayar hutang ke?? MCB,tekan spaylater terus paksa orang shop tak mau bagi orang bayar hutang mcb,2,negative,2026-05-17 00:41:05,13
9537c60b-6e81-4d99-93d6-1812fbe8f40b,"Shop smarter with the Alibaba B2B App! Explore millions of products, connect with global suppliers, and unlock great in-app deals today!",shop smarter alibaba explore million product connect global supplier unlock great inapp deal today,4,positive,2026-05-16 23:31:46,14
6dfe50ab-4fba-4ec5-8ee6-8dfe3ee4140e,tak boleh unlink detail n ic dekat akaun lame yg dh delete..,tak boleh unlink detail dekat akaun lame delete,1,negative,2026-05-16 16:35:03,8
acdc09da-e0e1-4cdb-a967-f4b3043d9846,"great products, great service both shopee & seller... recommended.",great product great service seller recommended,5,positive,2026-05-16 14:52:56,6
04e6eb69-e328-4a09-b829-4d0d2ab67563,Urusan refund smpai terpaksa melalui KPDN. Punya la tahan duit org BUKAN 5-7 hari bekerja tapi hampir 14 hari bekerja. Mujur KPDN tolong kalau x mmg jgn harap dapat balik duit kita dlm tempoh 14 hari bekerja.,urusan refund smpai terpaksa melalui kpdn punya tahan duit org bukan hari bekerja tapi hampir hari bekerja mujur kpdn tolong kalau mmg jgn harap dapat balik duit kita dlm tempoh hari bekerja,1,negative,2026-05-16 14:37:25,32
1534978b-9e2e-4905-99e4-2ce43a354272,this apps terribly lagging. not worth any star,apps terribly lagging worth star,1,negative,2026-05-16 14:22:09,5
c393f40c-925c-4bfe-9211-9c3265aa1d1e,senang dan memenuhi keinginan.terima kasih kerana ada shopee ♥️,senang dan memenuhi keinginanterima kasih kerana ada,5,positive,2026-05-16 13:20:40,7
78e5b1de-6e86-4a00-badd-0e6f27a2776d,Dah selalu guna.sekali dpt email kata nak delete akaun.😢,dah selalu gunasekali dpt email kata nak delete akaun,4,positive,2026-05-16 12:48:09,9
72993d89-03d0-46d6-a4d0-d99016ccf5d5,very bad app....account band,bad appaccount band,1,negative,2026-05-16 12:25:04,3
9cf851bc-259c-498b-8a5a-b0a440f280f4,Great to easily find what you are looking for.,great easily find looking,5,positive,2026-05-16 11:00:40,4
3078ae18-b2dc-42bb-b899-b82e2cf0e66e,"I fid a return and refund procedure via SPX. But the SPX refuse to do the return as they claim theirs is only a collection point. But in the procedure via SPX, it states the centre will help. Looks like that is not true.",fid return refund procedure via spx spx refuse return claim collection point procedure via spx state centre help look true,1,negative,2026-05-16 10:59:25,20
58838159-877b-4639-8100-7741220dfa21,kalau nak beli barang kt sini senang je,kalau nak beli barang sini senang,5,positive,2026-05-16 10:57:04,6
75cf7764-a64d-4857-9893-3de65160da14,Shopee is the best online store.,best online store,5,positive,2026-05-16 10:43:43,3
e0364f8b-173f-49ca-8991-8aae8b0fad3e,"Nice to use, but u hope they can add tng pay so I don't need to connect with my tng card",nice hope add tng pay dont need connect tng card,5,positive,2026-05-16 10:41:36,10
4d1ea22f-72cc-442b-8802-1e8c51a601e0,"My shopping experience was very satisfying. The item arrived safely and the packaging was neat. Delivery was also faster than expected. The seller was easy to deal with and gave clear updates. Overall, I’m very satisfied 5/5🌟",shopping experience satisfying item arrived safely packaging neat delivery faster expected seller easy deal gave clear update overall satisfied,5,positive,2026-05-16 10:27:53,19
de21c763-dde1-43bd-8bfd-a8ac1eb64141,Very much discount for new users.Keep it up.the best shipping app,discount new userskeep upthe best shipping,5,positive,2026-05-16 09:54:55,6
3c9452fc-2901-4786-8e64-90efde482e61,good and easy refund,good easy refund,5,positive,2026-05-16 09:41:36,3
1a278ab3-1e0d-4925-8e3f-285403787fea,"Really great app but the algorithm sucks soemtime, it dosent have the block seller or block product thing and you may get reccomended 18+ explicit stuffs but other than that its great app for online shopping",great algorithm suck soemtime dosent block seller block product thing may reccomended explicit stuff great online shopping,4,positive,2026-05-16 08:53:06,17
30cf603c-9cbe-4dd4-8d99-9551ecba7242,ONLINE SHOPPING TERBAIK. Highly recommended !!,online shopping terbaik highly recommended,5,positive,2026-05-16 08:49:29,5
aa815f60-3139-46fe-bb71-9c62963bf974,Selamat ari gawai,selamat ari gawai,5,positive,2026-05-16 08:42:56,3
19966dfb-9aaf-465d-8a37-bee987f0f31c,"Shopee is a convenient online shopping platform with a wide variety of products at affordable prices. The app is easy to use, and I like how it provides many discounts, vouchers, and free shipping promotions. The payment and tracking system also make shopping more secure and organized. In addition, customer reviews help buyers make better purchasing decisions. Overall, Shopee is a reliable and enjoyable platform for online shopping.",convenient online shopping platform wide variety product affordable price easy provides discount voucher free shipping promotion payment tracking system make shopping secure organized addition customer review help buyer make better purchasing decision overall reliable enjoyable platform online shopping,5,positive,2026-05-16 08:41:51,38
3512d433-812a-43db-acfc-94f5108e906c,shopee memang terbaik 🤩 amazing,memang terbaik amazing,5,positive,2026-05-16 07:30:58,3
5f40d049-e959-4fec-9cbd-71ce82a21a36,"Heavy load,slow loading too many process to open app,disturbing videos,unrelevant small icon appear on side panel,just too modern too many to skip and exit..",heavy loadslow loading process open appdisturbing videosunrelevant small icon appear side paneljust modern skip exit,1,negative,2026-05-16 06:35:08,15
43524861-8dc8-4b1d-bd85-94b24094f026,good for Malaysian people for buy any thing very cheap,good malaysian people buy thing cheap,5,positive,2026-05-16 06:23:20,6
e931dfcd-5eab-41fc-a365-213123812993,Terlalu banyak iklan ketika bermain game dan ketika saya bermain game membuat handphone saya menjadi lag dan panas,terlalu banyak iklan ketika bermain game dan ketika saya bermain game membuat handphone saya menjadi lag dan panas,1,negative,2026-05-16 06:14:56,18
b35bf9a5-8669-4192-90ae-3bdc9a0cb88d,":;unaccurate product search, always ""No product found"" and the filters also useless, tried select any at the filter section yet still the ""No product found"" appeared🙄",unaccurate product search always product found filter useless tried select filter section yet product found appeared,2,negative,2026-05-16 04:37:08,16
7de5257b-9294-4c91-b2e9-8554ad9e28bd,Platform shopping kegemaran saya.,platform shopping kegemaran saya,5,positive,2026-05-16 03:45:36,4
dfcc1b62-5003-4020-9772-14a2ee5dcd38,Good Service For Customer,good service customer,5,positive,2026-05-16 02:57:00,3
055e1b09-a1ae-482f-8410-eec403a1df18,"Kenapa ada product yang tunjuk harga lain pada awal. Bila buka page, harga berubah meningkat? Ini taktik scammy.",kenapa ada product yang tunjuk harga lain pada awal bila buka page harga berubah meningkat ini taktik scammy,1,negative,2026-05-16 02:46:14,18
e7a15128-ec10-44fb-95ad-195ad999da41,Best online Shop so far,best online shop far,5,positive,2026-05-16 02:28:04,4
f402a7c3-b0ea-45db-8f09-c96aad0d32c6,Stop giving false hope. After checking in for 7day can get up to 100 coins. But all I get is 1. Just say directly that you can only give 1 coin everyday 🙄,stop giving false hope checking day coin say directly give coin everyday,3,neutral,2026-05-16 01:56:48,12
0cfda45b-487f-4609-8606-67ee1207dceb,"Keep losing my points and coins for unknown reason, tho the expiry date still way further, and out of sudden said that im using this coin for bubble history, which is never happen at all. When want to talk to CS, always got the bots , not a real person, and if got the real person.. didnt understand what customer required from them. Already complaint too many times and i keep losing my coin }:( And again, gave review to product just bought with video and photo didn't received any coin",keep losing point coin unknown reason tho expiry date way sudden said coin bubble history never happen want talk always got bot real person got real person didnt understand customer required already complaint time keep losing coin gave review product bought video photo didnt received coin,1,negative,2026-05-16 01:32:09,46
80c274d8-e140-4485-9fc5-5cab32f76c72,not gonna give 5 star since you restrict my account for no reason.. when I pay late a bit spaylater due financially problem.. but when next twon month I pay in advance to finish yet the restriction are not release..,gon give star since restrict account reason pay late bit spaylater due financially problem next twon month pay advance finish yet restriction release,1,negative,2026-05-16 00:30:54,23
d177706c-4194-418b-b489-9726a8c689de,simple and easy shopping form home,simple easy shopping form home,5,positive,2026-05-15 23:46:36,5
e8d242df-3eb0-4251-8b55-00b5fa9b047d,"use voucher to attract user but u will nvr able to use the voucher. even my item , payment method and spending amount all ok but still cant use. lapsap",voucher attract user nvr able voucher item payment method spending amount cant lapsap,1,negative,2026-05-15 23:23:43,13
290e4e52-d0e0-463f-a05e-c08d0912f12b,"bad, very very bad. even customer service is lying, said item has been processed but showed in record no. shopee express also very greedy, can't do job just pass to other reliable courier. shopeevip is just ridiculous. got vouchers so many and automatically during trial, when pay for real, no vouchers, always fully redeemed, not automatically as before. when just trying to renew, no price shown, how to pay? so many issue, so bad, worst. bankrupt.",bad bad customer service lying said item processed showed record express greedy cant job pas reliable courier shopeevip ridiculous got voucher automatically trial pay real voucher always fully redeemed automatically trying renew price shown pay issue bad worst bankrupt,1,negative,2026-05-15 20:41:56,39
c4323ba7-ffa1-45ce-82a9-50275019daa4,"lately my parcels are arriving late. slow updates even when ive contacted an agent multiple times. one even got cancelled and returned to seller before it even got to my country because supposedly no one came to pick it up. even once before when i ordered cod, the courier didnt even try to contact me to let him know hes outside. he only drove off and texted AFTER he said no one came out to pay. how was i supposed to hear from the inside?",lately parcel arriving late slow update ive contacted agent multiple time got cancelled returned seller got country supposedly came pick ordered cod courier didnt try contact let know he outside drove texted said came pay supposed hear inside,2,negative,2026-05-15 20:32:08,38
bdfac057-cf79-45f5-b7e8-219075e34da9,This is the best apps & the best team buy online so far. Thanks All Team Shopee!!,best apps best team buy online far thanks team,5,positive,2026-05-15 19:13:25,9
a7883251-f68a-41e7-99d9-21d2a2527e03,"The apps is getting worse and worse after each update. Everytime it is updated, the apps getting terribly slow. And please stop from playing the video straight away when open the apps.",apps getting worse worse update everytime updated apps getting terribly slow stop playing video straight away open apps,1,negative,2026-05-15 17:39:21,18
16056cd6-aaae-4248-a987-72f406e676f9,Routed my item to Sarawak when the address I keyed in for the item to be delivered is in KL. Item was supposed to be Next Day Delivery. Asked cust support to refund the item the person said item is in sorting center when the info I got is it departed from the sorting center. Overall disappointing experience and all I get is a rm5 discount voucher :) won't be using the app again. Don't even bother replying to my review if you're just going to copy paste your reply that just shows how bad you are,routed item sarawak address keyed item delivered item supposed next day delivery asked cust support refund item person said item sorting center info got departed sorting center overall disappointing experience discount voucher wont dont bother replying review youre going copy paste reply show bad,1,negative,2026-05-15 16:40:46,44
d12173bb-c28c-45d6-a91d-fb3b05993ee2,bad priority customer service. platinum user raised issue on account since 14th may but no reply until now. applied shopee vip but unable to claim any voucher and showed am not subscriber . even daily voucher also cannot claim. then what is the membership use for.,bad priority customer service platinum user raised issue account since may reply applied vip unable claim voucher showed subscriber daily voucher claim membership,1,negative,2026-05-15 16:21:31,23
db8f30f3-0e36-4c43-bdc6-33af6fbf4098,"Your ads should be illegal because redirecting people is stupid. also don't advertise your app even when the user has it and I know that is hard to implement you are rich, you no rights to make excuses",ad illegal redirecting people stupid dont advertise user know hard implement rich right make excuse,1,negative,2026-05-15 16:19:03,15
7c2dbf38-28ad-4364-8a6e-faadb344601b,I was playing a game until I got this ad and my game froze until I realized I lost my hard work:(,playing game got game froze realized lost hard work,1,negative,2026-05-15 14:53:26,9
2ff3c7c0-5833-4d6d-ba8e-a51088d0a5f0,good shopping platform,good shopping platform,5,positive,2026-05-15 14:46:13,3
f14b4b5a-0876-404e-b830-50e4da737a51,i don't know la why shopee bug,dont know bug,3,neutral,2026-05-15 14:29:31,3
9471a30c-4fd3-43c6-ae7d-99a1bb3ef037,trusted platform. easy to deal with any return or delivery issues. my go to place to buy anything. I love the way the auto discounts are added. so easy to check out and save.,trusted platform easy deal return delivery issue place buy anything love way auto discount added easy check save,5,positive,2026-05-15 14:26:25,18
64bb5b1e-358e-40c9-b838-74c33928b012,"shopee food experience - if you want to have your dinner before 10PM , you better order your food in morning 10AM",food experience want dinner better order food morning,1,negative,2026-05-15 14:13:10,8
9f6bbb3d-8873-4221-a750-123d87af0f01,Been using this platform for my main online purchases. But recently my account suddenly lost and unable to claim all platform vouchers. This render my shopee purchases to be more expensive than other platform because i don't get any vouchers and discount at all. Did shopee blacklist me?,platform main online purchase recently account suddenly lost unable claim platform voucher render purchase expensive platform dont voucher discount blacklist,1,negative,2026-05-15 13:30:06,20
393a696f-263a-47df-aa6d-09a34a3dc9a6,lot of varieties and easy to search. so far I am very satisfied and used this platform more than other online platform,lot variety easy search far satisfied platform online platform,5,positive,2026-05-15 12:53:18,9
402185f5-dd4a-4602-bfa3-678d330486c5,After update search keep showing results not related to keywords.,update search keep showing result related keywords,1,negative,2026-05-15 12:36:59,7
d8280302-2b66-4127-8857-510c2e90adf9,"I'm changing the stars from 5 to 1 because of how aggressive Shopee ads are in other apps. unlike other apps' pop up advertisements, shopee ones are really annoying, it keeps popping up multiple times every time it appears and the close button is misleading! It keeps forcing you to click on the shopee app even though you're using other apps. Other apps advertisement do this too but not as aggressive and as dishonest as shopee!",changing star aggressive ad apps unlike apps pop advertisement one annoying keep popping multiple time time appears close button misleading keep forcing click though youre apps apps advertisement aggressive dishonest,1,negative,2026-05-15 11:44:33,30
22216de1-5d22-4d21-9337-58082f89c2c3,"SPX express courier rider made a fake image proof in the tracking, but Shopee Malaysia never took action..Shopee AI chat and customer service agents also lied to customers based on incorrect information given by SPX rider..This matter needs to be taken seriously regarding the transparency of the rider in delivering, instead of blaming the customer if they cannot deliver the goods on time.SPX cawangan kuching sarawak",spx express courier rider made fake image proof tracking malaysia never took actionshopee chat customer service agent lied customer based incorrect information given spx riderthis matter need taken seriously regarding transparency rider delivering instead blaming customer deliver good timespx cawangan kuching sarawak,1,negative,2026-05-15 11:12:26,42
ce063cfb-7b9f-4451-a6a8-95d00ae18a53,removed 3pm and 5pm 99% off voucher which was easy to use and just added 7pm 99% off voucher which has limited redemptions and is gone before a minute passes...,removed voucher easy added voucher limited redemption gone minute pass,1,negative,2026-05-15 11:02:24,10
7c9e3466-60c0-417f-aeda-136f2bdd457f,lambat bayar sebulan kena potong limit,lambat bayar sebulan kena potong limit,3,neutral,2026-05-15 10:48:16,6
c93d0640-80bb-4ad5-b7fa-10c106aef91d,a lot of fake goods from seller. no quality control.,lot fake good seller quality control,1,negative,2026-05-15 09:56:51,6
f0f0e3e9-ebdb-46be-b149-d4612495b67a,i order shopeefood with deals free delivery but shopee change from delivery to pickup and now i cant get my food because how i have to go pickup? if need pickup i not orderlah siao stupid shopee,order shopeefood deal free delivery change delivery pickup cant food pickup need pickup orderlah siao stupid,1,negative,2026-05-15 09:02:23,16
6dc7ff22-4e33-4a47-bcd3-d3c29a65eaf1,too much ads.. everytime i open the app the shopee ads keeps popping up everytime,ad everytime open ad keep popping everytime,1,negative,2026-05-15 08:41:10,7
3ba55046-d99c-4e8d-9160-d98e7a2ef7dd,Shoppee was the best online shop just click and pay then they will deliver infront of ur door. 😂I love it also when there's a problem about refund or seller they act so fast.,shoppee best online shop click pay deliver infront door love there problem refund seller act fast,5,positive,2026-05-15 08:40:20,16
2afb62d1-fd86-4bd4-a2a2-d7981eddbc2b,"hi , please fix the bugs i couldn't check out because it keeps saying that there's been an update on the product info, it's been two days . I need the stuff",fix bug couldnt check keep saying there update product info two day need stuff,1,negative,2026-05-15 08:17:09,14
c7289d20-5c18-40c5-9db8-ccfe4fc4911e,saya sgt2 suka shopee❤️ tq ... sye bgi 🌟🌟🌟🌟🌟,saya sgt suka sye bgi,5,positive,2026-05-15 07:49:41,5
853d6da4-9383-4b2d-a3c0-2fb003a5059e,sangat bagus dan berguna utk semua. cuma rendahkan sikit harga shipping.,sangat bagus dan berguna utk semua cuma rendahkan sikit harga shipping,5,positive,2026-05-15 07:24:10,11
5159c0fc-991e-4fcf-bacb-8738bd46af6e,Trash customer service 🫩,trash customer service,1,negative,2026-05-15 07:14:44,3
9173f74a-9768-43da-9340-51a5409fd9d0,this app is ok itself but a lot of scams and scum. must evaluate their interface too since its quite laggy not sure if its my problem. clarity is not clear when it comes to marketing. fix it.,lot scam scum must evaluate interface since quite laggy sure problem clarity clear come marketing fix,2,negative,2026-05-15 05:32:13,16
117281d8-38e0-4279-9cef-954198c5261c,"shopee is the best app in malaysia , have s pay and s financial and price crazy low than other apps , will full support shopee ( best recommend shopee app )",best malaysia pay financial price crazy low apps full support best recommend,5,positive,2026-05-15 05:28:06,12
7534b245-fe2d-4789-a6ad-4c116381b431,Hold my parcel at their warehouse and ask me to other another one and the price increase. Disappointed. We must chase them for our parcel,hold parcel warehouse ask another price increase disappointed must chase parcel,1,negative,2026-05-15 04:00:18,11
451cbd76-1e39-4d26-bf25-d315978a3f86,"the ads is killing me, why your ads has to auto open shopee when a shopee ads show? one time I lost all of my work bc of this I'm done It's so annoying.",ad killing ad auto open ad show time lost work done annoying,1,negative,2026-05-15 03:49:59,12
262dcdb9-76cd-44ac-b801-7773b97d64c3,"app for scammers , seller can send you anything broken fake or even doesn't send nothing like what happened to me and if u ask for cancel or refund seller can just say no easy and you don't have nothing to do , also if you try to talk with live agent like I did the live agent she said she will do investigation after two minutes she said I see that u apply for cancel order , no help no results total scammer app and not first time they do that but it's end for I deleted this scam app",scammer seller send anything broken fake doesnt send nothing happened ask cancel refund seller say easy dont nothing try talk live agent live agent said investigation two minute said see apply cancel order help result total scammer first time end deleted scam,1,negative,2026-05-15 03:49:06,42
76f4762b-567b-4210-8b47-98eb8e7758cf,"time hari2 banyak discount macam double digit, mid month sale dgn payday sale selalu crash. nak claim voucher pun tak boleh. pastu asyik stuck je. yg peliknya kat iphone boleh",time hari banyak discount macam double digit mid month sale dgn payday sale selalu crash nak claim voucher pun tak boleh pastu asyik stuck peliknya kat iphone boleh,2,negative,2026-05-15 03:46:26,28
91100fb5-202f-4137-b725-1363ab6f22de,"when im searching something amd press search this xioami keep showing up please remove it, it drive me crazy",searching something amd press search xioami keep showing remove drive crazy,1,negative,2026-05-15 03:37:58,11
235d17fa-4efd-4cbe-aded-b177a2425b01,Best online shopping app in the world,best online shopping world,5,positive,2026-05-15 01:45:05,4
2a289d49-7560-4dbf-8af5-c3a60f580539,"app stuck at loading... cannot open more items. useless have to open on desktop to view, fix your app!!!",stuck loading open item useless open desktop view fix,1,negative,2026-05-14 17:51:35,9
340fcb1b-bd64-4f8f-840d-d76d0ba0b62a,buatlah pembaharuan dalam kaedah pembayaran supaya touch n go e-wallat dapat diakses dan memudahkan lagi cara pembayaran dan dapat menjimatkan masa pembeli.. satu lagi banyak iklan ads dan kerap naik setiap kali buka apps lain.. babi sungguh laaaaa,buatlah pembaharuan dalam kaedah pembayaran supaya touch ewallat dapat diakses dan memudahkan lagi cara pembayaran dan dapat menjimatkan masa pembeli satu lagi banyak iklan ad dan kerap naik setiap kali buka apps lain babi sungguh laaaaa,1,negative,2026-05-14 17:38:30,36
6594cb17-b6a5-4963-83ad-4de96cd3b7ad,terrible ads. worse. it's getting on my nerves. ANNOYING,terrible ad worse getting nerve annoying,1,negative,2026-05-14 17:06:19,6
ed6cb739-60a9-4b99-8e6e-739f69f6d0a9,"newest update is really bad, always got the order update notification although it was an old order that had already been delivered",newest update bad always got order update notification although old order already delivered,1,negative,2026-05-14 16:50:19,13
18163156-52fb-4da5-8feb-041c02a912f7,Good experience with Shoppe.,good experience shoppe,5,positive,2026-05-14 16:26:41,3
d121f9a8-1299-4b5c-a20e-ea11afeb7031,kurang ajar dia punya sound😵‍💫,kurang ajar dia punya sound,4,positive,2026-05-14 15:59:28,5
37bf55da-bbb1-4974-a0ce-d3742e4486f8,System down during sales. Provide vouchers but can't be use...after one seconds all burned and fully used.,system sale provide voucher cant useafter second burned fully,2,negative,2026-05-14 15:48:05,9
043ee10a-a599-48e4-bbc9-82dc26eeaf46,Very good. so far all purchases are genuine product with responsible seller. App easy to navigate and assistance with any purchases resolved very quickly.,good far purchase genuine product responsible seller easy navigate assistance purchase resolved quickly,5,positive,2026-05-14 13:30:27,13
f782e0bb-ba4e-4132-a660-cb72d142de66,"barang selalu kena tunda... malas betul.. ni bukan kali pertama mcm ni tapi banyak kali dh asyik kena tunda sampai sampai kena return balik sma seller.. begini ka shopee Handel?? yang rugi seller jugak, nanti seller salahkan customer pdhl yang Salah yang tukang hantar... pls la barang expect sampai dekat tangan ni asyik kena tunda sampai alam jadah nak kena tunggu?",barang selalu kena tunda malas betul bukan kali pertama mcm tapi banyak kali asyik kena tunda sampai sampai kena return balik sma seller begini handel yang rugi seller jugak nanti seller salahkan customer pdhl yang salah yang tukang hantar pls barang expect sampai dekat tangan asyik kena tunda sampai alam jadah nak kena tunggu,1,negative,2026-05-14 12:40:09,54
46f41122-acea-4f62-b9f9-92f6f31abd85,This is the first ecommerce store I used to buying goods and stuff online before PKP until now. Worth to buy with many kind of vouchers and discount especially on double date and earn more with sharing the product to others. Thank you so much Shopee 🙏 great work.,first ecommerce store buying good stuff online pkp worth buy kind voucher discount especially double date earn sharing product others thank great work,5,positive,2026-05-14 12:36:16,23
b17c1743-6605-4f9b-87d7-2d434fd11d0e,"user friendly app, reasonable priced wide range products",user friendly reasonable priced wide range product,5,positive,2026-05-14 12:20:21,7
8e7dc81d-0687-4513-b682-bd87ea3da0d9,"mudah, harga murah, banyr ak vouchers especially shoppefood, and sesuai bagi pelajayr yang nak berjimat",mudah harga murah banyr voucher especially shoppefood sesuai bagi pelajayr yang nak berjimat,5,positive,2026-05-14 11:58:31,13
eb18ab9c-75fe-4e9a-9294-01013a625d79,best shopping platform,best shopping platform,5,positive,2026-05-14 11:57:01,3
21e37e69-fe36-41fa-98ec-817ee0c00f0f,"i hate when pricing not show full price, instead show spaylater x3. please allow me to shop with peace and create toggle show full price or not",hate pricing show full price instead show spaylater allow shop peace create toggle show full price,1,negative,2026-05-14 11:24:50,16
23ec3c5e-c2d6-4306-b343-77ccdd142131,nice apps for shoping,nice apps shoping,5,positive,2026-05-14 11:14:08,3
e0b41db2-6a01-400b-a727-bf66a57a8760,firstly tolong please jangan bahagian customer service ai cakap apapon dia ulang balik je. second fix pricing kat luar tulis 1000 maybe 2000 kat dalam rupanya tu shopee pay later every3 month.kadang kedai scam barang sampai bende lain. jumpa kedai barang lain tapi gambar lain. thirdly kedai buat pre order dah lah tak bagi Tau anggaran harga barang ada kedai pre order sampai 999 999 bende apa tu tolong ada org check quality check. nak complain pon tak muat haduhai,firstly tolong jangan bahagian customer service cakap apapon dia ulang balik second fix pricing kat luar tulis maybe kat dalam rupanya pay later monthkadang kedai scam barang sampai bende lain jumpa kedai barang lain tapi gambar lain thirdly kedai buat pre order dah lah tak bagi tau anggaran harga barang ada kedai pre order sampai bende apa tolong ada org check quality check nak complain pon tak muat haduhai,1,negative,2026-05-14 09:04:03,69
98169916-587b-4861-97de-28f3b5b0f48b,"Perkhidmatan Shopee sangat memuaskan, terima kasih",perkhidmatan sangat memuaskan terima kasih,5,positive,2026-05-14 07:44:15,5
af773f6f-5ab3-4841-9211-266deccc3f10,Extremely annoyed by the constant Shopee ads popping up in other games. It's too much and makes me want to uninstall the app. Please fix your intrusive advertising strategy.,extremely annoyed constant ad popping game make want uninstall fix intrusive advertising strategy,1,negative,2026-05-14 07:38:33,13
3b36abe4-28d7-4b01-a275-0c335364c87e,good to buy this platform,good buy platform,5,positive,2026-05-14 07:30:12,3
70ddd909-cea7-40d2-9b9b-b55c43b97e41,always trusted online shopping!!,always trusted online shopping,5,positive,2026-05-14 07:05:37,4
94047767-6e24-400b-932c-73b630519e2d,Lately the order updates notification didn't show the items i just ordered.,lately order update notification didnt show item ordered,3,neutral,2026-05-14 07:03:36,8
2ddf7b85-95ed-4953-8617-cfbb21108340,"Scam of an app, returned parcel to the centre for refund and the centre scanned the barcode and generated the airway bill! But system did not record it and shopee does not care even though it is the app's fault! Even though the value of the parcel is not a lot, it's still my hard-earned money! Don't put out that option for refunds if your app has bugs!!",scam returned parcel centre refund centre scanned barcode generated airway bill system record care though apps fault though value parcel lot hardearned money dont put option refund bug,1,negative,2026-05-14 06:49:51,28
db1979c3-70ed-4bbb-861d-7db0c511e394,yaa it's good and genuine,yaa good genuine,5,positive,2026-05-14 03:47:59,3
76080b50-ee55-49ac-a052-bdbc26bab6c3,"too much redirection from other apps or ads, this makes me feel unsafe",redirection apps ad make feel unsafe,1,negative,2026-05-14 03:34:47,6
e8c29e88-8809-4ff8-ba66-7985646d6fd6,"seronok membeli di shopee sebab delivery on time, cepat dan pantas. Banyak pilihan seller dan products.",seronok membeli sebab delivery time cepat dan pantas banyak pilihan seller dan product,5,positive,2026-05-14 01:35:09,13
f2e146e0-ea29-4263-8741-066b5e110c78,platform membeli belah yg terbaik,platform membeli belah terbaik,5,positive,2026-05-14 00:40:35,4
ed5a8225-a7e1-468f-92ce-b252791e0bd1,nice only no TNG walker pay,nice tng walker pay,5,positive,2026-05-13 21:37:20,4
646fc280-d147-4c18-8409-8add6b2e0671,"Fail to claim Shopee coin, prompt message try again, but still fail to claim. 14-5-26, the way of marketing is bad, keep pop out shopee ads in anywhere.",fail claim coin prompt message try fail claim way marketing bad keep pop ad anywhere,1,negative,2026-05-13 16:12:39,15
679a20d5-0fe1-424e-b46d-0f53ac6b5281,"how many years does it take to wait for : 1. ""not interested"" button 2. report on misleading product videos 3. upgraded algo. keep shoving same things over my feed. search result came out with unrelated results.",year take wait interested button report misleading product video upgraded algo keep shoving thing feed search result came unrelated result,1,negative,2026-05-13 16:04:42,20
b83b65cf-0087-480a-9fb7-c2e265426f2b,Shopee Express Problem: Tamak sangat nak kaut semua kt dia. Last2 xboleh nak handle jugak.,express problem tamak sangat nak kaut semua dia last xboleh nak handle jugak,4,positive,2026-05-13 15:54:25,13
e18bb040-4a4a-448c-b7e3-f2be41b6ad1e,mantap Pak abu,mantap pak abu,5,positive,2026-05-13 15:39:32,3
87db2366-4a5c-45cb-88cd-2fd2330f20d6,kain yg terbaek lembut👍👍👍👍👍 TRUSTED SELLER 💯💯💯💯💯💯💯,kain terbaek lembut trusted seller,5,positive,2026-05-13 13:18:29,5
184a7ab5-0fcc-456b-860e-447efc723804,Suka berbelanja di sini .. byk pilhan.. senang boleh guna splater..,suka berbelanja sini byk pilhan senang boleh guna splater,5,positive,2026-05-13 12:55:05,9
4cd434a8-81f2-4675-ab3e-0ab3edf375b5,"like button too small, please make it bigger like it used to",button small make bigger,5,positive,2026-05-13 11:38:36,4
5ab98461-9612-45cc-84d3-1faa3eb6ca35,"For shoppers, I suggest you download this app. The reason was cuz it was easy to use and also got so many selection items and also a big discount.",shopper suggest download reason cuz easy got selection item big discount,5,positive,2026-05-13 10:51:40,11
d1b05017-db33-40af-a3d6-624d9ffa5c36,Easy shopping app with many products and daily deals. Interface is simple and checkout process is smooth,easy shopping product daily deal interface simple checkout process smooth,5,positive,2026-05-13 10:35:50,10
370d2f38-1dfc-40e8-bfcf-69a8e8b22261,"aq x rate lg kt sni ehh?... sry2, telambat😅🥳",rate sni ehh sry telambat,5,positive,2026-05-13 09:53:55,5
014b7e6a-6e93-41c4-927e-43b82a28363c,"Poor customer service giving false information causing faulty E invoice generation. Ask them to take responsibility for giving false information they will just push the responsibility away by saying it is stated in the disclaimer for inability to edit. Totally not accountable from the customer service team. Also, misleading E invoice form that says company details above then personal information at the bottom. then invoice generated used personal information address?software engineer is intern?",poor customer service giving false information causing faulty invoice generation ask take responsibility giving false information push responsibility away saying stated disclaimer inability edit totally accountable customer service team misleading invoice form say company detail personal information bottom invoice generated personal information addresssoftware engineer intern,1,negative,2026-05-13 09:46:24,45
edf47eba-c2e3-4c18-a2af-3d4a843afc2b,"I hate this, it has ad EVERY SINGLE TIME even if I don't open the app 😔",hate single time dont open,1,negative,2026-05-13 07:56:35,5
93088207-729d-4657-9c85-9b05533f885e,"Shopee helps me a lot in my daily chores. It saves my time, saves my energy and most importantly, saves my money! Things are much cheaper on Shopee. From clothes, kitchen utensils, skin care, to wedding doorgifts, etc..... I love Shopee....!!!!",help lot daily chore save time save energy importantly save money thing cheaper clothes kitchen utensil skin care wedding doorgifts etc love,5,positive,2026-05-13 05:08:52,22
32c63fea-ea71-4587-aa65-a757b29d4a7f,Awsome...fast efficient deliverries.. Keep it up.. Good job!,awsomefast efficient deliverries keep good job,5,positive,2026-05-13 04:53:34,6
2caaaa85-c7ae-41bd-a8d0-c12402525b43,13 may 2026 seller review x boleh tengok walaupun dah update. bahaya macam ni. rugi pengguna kalau beli material murah sebab x dapat baca review,may seller review boleh tengok walaupun dah update bahaya macam rugi pengguna kalau beli material murah sebab dapat baca review,1,negative,2026-05-13 04:36:48,20
2d74a084-b337-4777-a5ef-f289ce4f5469,beta Lang pauni,beta lang pauni,5,positive,2026-05-13 03:53:53,3
e2a9730d-7e22-43e6-b505-1daf7665afd3,"Di lokasi Bangunan Khas, K7, Lorong 8/1E, PJS 8, 46050 Bandar Petaling Jaya, saya sudah banyak kali melihat pemandu penghantaran anda menjual barang di kawasan tersebut. Selain itu, apabila dia membawa produk untuk dihantar, dia tidak membuat panggilan telefon kepada pelanggan dan juga tidak membalas mesej. Jika terserempak dengannya, dia bercakap menggunakan bahasa yang kurang sopan dan kelihatan seperti seorang gangster. Saya sudah bertahun-tahun membeli-belah menggunakan aplikasi anda dan say",lokasi bangunan khas lorong pjs bandar petaling jaya saya sudah banyak kali melihat pemandu penghantaran anda menjual barang kawasan tersebut selain itu apabila dia membawa produk untuk dihantar dia tidak membuat panggilan telefon kepada pelanggan dan juga tidak membalas mesej jika terserempak dengannya dia bercakap menggunakan bahasa yang kurang sopan dan kelihatan seperti seorang gangster saya sudah bertahuntahun membelibelah menggunakan aplikasi anda dan say,1,negative,2026-05-13 03:27:26,64
a4184e2d-668e-45cc-a7fa-83ae9d1f2b3e,best shopping apps ever 🥰🥰,best shopping apps ever,5,positive,2026-05-13 03:22:33,4
4158fb1e-0faa-40bd-a114-3401aa238b99,"Shopping made easy with Shopee. The only drawback is when sellers did not deliver products as per order, eg different colour.",shopping made easy drawback seller deliver product per order different colour,5,positive,2026-05-13 03:17:53,11
08a32112-fcad-41d2-857d-bfc8644e43a0,"The app is good, easy to use, and has lots of options. The ads should slow down, it's too much and show too often",good easy lot option ad slow show often,5,positive,2026-05-13 02:43:36,8
56686a17-1455-4e8e-b886-2231281ac71b,Best shopping online option apps,best shopping online option apps,5,positive,2026-05-13 02:33:03,5
b580d160-417e-4d0d-9a75-16c3301a22d7,"i can see a rating review, There are so many scammers now and I have so much difficulty if i can see reviews 1st before buy",see rating review scammer difficulty see review buy,1,negative,2026-05-13 02:29:40,8
bf2172bf-1f1e-4353-92a6-083d76d7e797,An excellent app to do your necessary shopping without the hassle of going to a physical outlet. Numerous products at your fingertips. Reasonable pricing is indeed an advantage.,excellent necessary shopping without hassle going physical outlet numerous product fingertip reasonable pricing indeed advantage,5,positive,2026-05-13 01:49:10,15
b9a3ea40-3643-4c73-9dc9-e692f289a491,I love this app sometimes we can get scammer after buying a item but useful,love sometimes scammer buying item useful,5,positive,2026-05-12 22:52:19,6
722203fd-ee12-4427-966e-9282320d4797,improve your shopeefood service. Why take too long just to assign driver. If no driver then just cancel the order. Waste of time.,improve shopeefood service take long assign driver driver cancel order waste time,1,negative,2026-05-12 22:50:07,12
b1d4e4f0-2431-49db-9c42-56fa44f5a8fc,loyal Apps For browsing Groceries 😮‍💨🫠,loyal apps browsing grocery,5,positive,2026-05-12 19:21:28,4
30315ff0-576c-43f0-97a3-d1e31c67073d,"So far so good la, boleh la😚😚 courier Spx problem teruk,return barang org sesuka hati 🤨",far good boleh courier spx problem terukreturn barang org sesuka hati,2,negative,2026-05-12 19:02:36,11
31ba0cc3-69a3-44a6-aabf-326fa3425b2d,"Terrible customer service. Applied for a refund for a few packages. They approved it and send no one to pick it up. When I contact them, they say it is my fault for not sending it back. Now they won't issue my refund. Use at your own risk.",terrible customer service applied refund package approved send pick contact say fault sending back wont issue refund risk,1,negative,2026-05-12 18:44:00,18
23803dd4-7b35-4de5-8711-4d2fc85d128f,"Shopee turned into Shitpee. A lot of affiliates use AI to promote someone else’s products without even testing them first. Affiliates like this should get banned instantly because they’re lazy and only care about quick commissions. The platform is becoming full of spam, fake reviews, and low-quality promotions instead of honest recommendations",turned shitpee lot affiliate promote someone elses product without testing first affiliate banned instantly theyre lazy care quick commission platform becoming full spam fake review lowquality promotion instead honest recommendation,1,negative,2026-05-12 15:00:08,30
cc2faacb-fe73-4991-8ab5-584f05f30b23,I don't want because this app want spam adds everytime,dont want want spam add everytime,1,negative,2026-05-12 14:35:21,6
8d601e7f-0317-4a0e-a8a0-168028108f9e,vast product choice with value for money and speedy delivery,vast product choice value money speedy delivery,5,positive,2026-05-12 14:01:27,7
e48c9050-8300-4b50-a69f-8f5b9d05de9c,ok ..good platform for online business good choice and adorable,good platform online business good choice adorable,5,positive,2026-05-12 13:47:17,7
998b5f6a-7936-41cb-9c88-2e320285a6e8,still I cannot collect many coins anymore.they tend to limit my collection,collect coin anymorethey tend limit collection,5,positive,2026-05-12 12:55:02,6
ea3fffe0-b00b-46aa-8b9f-fdcbdbd6c30b,I don't use AI but please i hate that promo using AI. I have seens 350 times the watch but please do not use AI.,dont hate promo seens time watch,1,negative,2026-05-12 12:18:03,6
0c62f984-1aff-4f82-94d3-57e0e19bb403,I think Shopee needs to enable TNG payment; it would make things much more convenient. I personally prefer using TNG for online shopping because I find it more convenient. Sometimes I even switch to other shopping apps because Shopee doesn't support TNG.,think need enable tng payment make thing convenient personally prefer tng online shopping find convenient sometimes switch shopping apps doesnt support tng,3,neutral,2026-05-12 11:47:02,22
3edf21ac-3c74-46d5-afb2-6489fffed176,"I typed in the search bar but other names came up after that, even if I search for something the same thing, something else came up..so many apps give me problems!!! Something's wrong on this apps..😒😒😒",typed search bar name came search something thing something else came upso apps give problem somethings wrong apps,2,negative,2026-05-12 11:27:22,18
e696dda0-7550-4a5d-a0ec-41ce15ce70a8,"""Sangat berpuas hati dengan servis Shopee. S-Loan dan SPayLater sangat membantu terutamanya waktu 'sesak'. Interface senang faham dan urusan permohonan pun tak rumit. Lima bintang untuk kemudahan yang diberikan!""",sangat berpuas hati dengan servis sloan dan spaylater sangat membantu terutamanya waktu sesak interface senang faham dan urusan permohonan pun tak rumit lima bintang untuk kemudahan yang diberikan,5,positive,2026-05-12 10:21:07,28
6cfbbd26-b595-4e35-9aa1-f21f49f69e4d,I love this app.. Keep it up.. TQVM..,love keep tqvm,5,positive,2026-05-12 10:13:42,3
4587caa8-9b73-4ae5-b871-b4e3aa7e72a3,"Update version baru rase lebih mudah dan senang dan lebih pantas..Cuma kekurangan pada version baru sukar pada penjual untuk melihat produk yang dijual apabila pembeli bertanya di ""chat"" untuk membuat semakkan produk..",update version baru rase lebih mudah dan senang dan lebih pantascuma kekurangan pada version baru sukar pada penjual untuk melihat produk yang dijual apabila pembeli bertanya chat untuk membuat semakkan produk,5,positive,2026-05-12 09:54:52,31
5944e31a-f81b-4561-b8ac-09e5f9d003ef,Stop automatic Shopee Live Video! it's slowing down my phone and the content is inappropriate.,stop automatic live video slowing phone content inappropriate,1,negative,2026-05-12 09:51:56,8
c129fefc-f06c-449d-a17d-8417e728bdba,"You can find almost anything you need, from snacks to gadgets. It's very convenient.",find almost anything need snack gadget convenient,5,positive,2026-05-12 09:06:01,7
5c4280b2-cbba-4861-8bcb-3f3693a84a5d,Terbaik sgt berpuas hati...,terbaik sgt berpuas hati,5,positive,2026-05-12 08:52:07,4
a4edd068-da31-48ed-82e4-e82c642ab5b0,"this is a great shopping app, but this app became a virus, whenever I open any other app like WhatsApp or webtoon, I automatically switch to shoppee, or whenever their ads is open on the sidebar or even before their ads play like on YouTube or Instagram it automatically clicks itself. they need to fix this because this is an invasive malware and virus and is damaging my phone",great shopping became virus whenever open whatsapp webtoon automatically switch shoppee whenever ad open sidebar ad play youtube instagram automatically click need fix invasive malware virus damaging phone,1,negative,2026-05-12 07:30:31,28
f3d1f8ab-4004-4c46-a38b-0a16a35a4abf,Everything okay just the voucher what you mean I already claim Rm999 voucher went I don't? and the item is like a gamble sometimes it good sometimes it not,everything okay voucher mean already claim voucher went dont item gamble sometimes good sometimes,2,negative,2026-05-12 07:29:48,14
d0646db4-2001-4112-a316-8fb5bd30c065,five star for shopee. Anyone who wants shop can come here. There are many kinds of things or anything that you want in here,five star anyone want shop come kind thing anything want,5,positive,2026-05-12 06:48:04,10
fbd74924-9c21-4c62-848a-0e9a91a040ce,"perbaik lagi courier kamu terutama SPX, barang sy selalu problem dalam penghantaran, pecah ada yg liking ,ada yg kotak bengkok sangat , barang senang pecah harus lebih berhati""",perbaik lagi courier kamu terutama spx barang selalu problem dalam penghantaran pecah ada liking ada kotak bengkok sangat barang senang pecah harus lebih berhati,1,negative,2026-05-12 06:08:22,24
24f5dc7a-6eff-4e64-8b20-29f7595420a8,"PLEASE DISABLE THE LIVE SCREEN WHEN OEPNING THE ADS, IT'S VERY ANNOYING AND NOISY",disable live screen oepning ad annoying noisy,1,negative,2026-05-12 05:37:46,7
5c910ae8-c85b-4d3c-96c3-7ae359f48357,Deducted from bank acc even tho shows failed top up in the app,deducted bank acc tho show failed top,3,neutral,2026-05-12 05:07:46,7
5a8b11da-de1d-4cf6-b41f-30b13dfd5595,feel wonderful and happy.,feel wonderful happy,5,positive,2026-05-12 04:28:37,3
7efd8a76-b0cf-4e09-b260-2e532af9ecaa,smooth transactions every time. and also additional discount given for every purchase.,smooth transaction time additional discount given purchase,5,positive,2026-05-12 04:18:01,7
a79a8f14-298d-44af-ab7c-7c834e501d16,So far verygood n best app🫰🫰🫰,far verygood best,5,positive,2026-05-12 02:48:11,3
13311a38-4202-4834-b335-879c9fbd03e0,"memudahkn pengguna semua,berbaloi",memudahkn pengguna semuaberbaloi,5,positive,2026-05-12 02:41:18,3
cf5827ce-1e85-4b9b-8d03-b695a11941d3,when i open the app straight away show me video ads after exit the video the stupid sound still play on the background .have to completely closed the app only will shut up fix this stupid bug,open straight away show video ad exit video stupid sound play background completely closed shut fix stupid bug,1,negative,2026-05-12 02:14:32,18
a2599c9e-7c19-4dfc-8808-bd0b42d9616c,Convenient to buy online. Easy to search the product I am interested.,convenient buy online easy search product interested,4,positive,2026-05-12 00:50:31,7
889ff15f-0cbe-4996-a0a1-7fb6a0239cb2,good. fast. good service easy access. but too much live video. just get small rate star. so dissapointed.,good fast good service easy access live video small rate star dissapointed,4,positive,2026-05-12 00:17:47,12
ea73aba6-6b64-4825-9ee8-0f46b1d48512,"After update: Still homepage went to Live Video instead of the regular Home in shopee app. Still very annoying every time first open shopee app. Stop sending us to the Live Video homepage.. after this update, app open keep going to the Live Video homepage instead of the regular homepage. Then the volume automatic lowered and sound keep running in the background. Fix it please.. very annoying",update homepage went live video instead regular home annoying time first open stop sending live video homepage update open keep going live video homepage instead regular homepage volume automatic lowered sound keep running background fix annoying,4,positive,2026-05-11 23:29:13,36
d0811182-2227-4e3d-b6d8-5189db65c847,very helpful and good products seller,helpful good product seller,5,positive,2026-05-11 16:51:41,4
c6013a1b-f5d5-4b15-be9d-c1a0cf2bc57b,please and I mean PLEASE DO NOT WASTE YOUR MONEY ON ADS AGAIN IT'S FREAKING ANNOYING I'M TRYING TO CLOSE AN AD HERE BUT WHEN I ACCURATELY TAP ON THE CLOSE BUTTON IT TOOK ME TO SHOPEE FOR OVER 50 TIMES TRUST ME I COUNTED IT,mean waste money ad freaking annoying trying close accurately tap close button took time trust counted,1,negative,2026-05-11 16:19:08,16
5b85e13b-9833-4c65-9337-97cd5795b335,"I think shopee is actually a really efficient and consistent experience, but PLEASE remove the use of Shopee Video uploads for products. There are TOO MANY users making AI videos of products that look NOTHING like the real product and it's just incredibly frustrating when I'm trying to make an informed purchasing decision. There should atleast be an option to report videos for poor quality. I don't want to see AI videos for real products.",think actually efficient consistent experience remove video uploads product user making video product look nothing real product incredibly frustrating trying make informed purchasing decision atleast option report video poor quality dont want see video real product,2,negative,2026-05-11 14:27:02,36
ca4f9cda-b859-4d71-b60c-06cfe70204de,"Absolutely terrible app design. If I click on the Live tab even once, the app will force itself to start on the Live tab whenever I open it, no matter where I close the app from. Live tab lags, forcing you to load an ad that you have to wait to load before you can close, before you can finally go. Support was of zero help, telling me to try some option in settings that don't exist, or clearing cache which doesn't work. only when I completely reinstall does it start up in the Home Screen tab.",absolutely terrible design click live tab force start live tab whenever open matter close live tab lag forcing load wait load close finally support zero help telling try option setting dont exist clearing cache doesnt work completely reinstall start home screen tab,1,negative,2026-05-11 13:29:39,42
5c2f465b-1dda-4f71-80a0-a0eb858a05be,Good experience as a buyer,good experience buyer,5,positive,2026-05-11 13:19:31,3
ef6ff857-87c4-4a63-8694-4405395266aa,shopee the best.. mcm2 improvment buat.. harap dpt buat loan motor guna shoppee...senang..,best mcm improvment buat harap dpt buat loan motor guna shoppeesenang,5,positive,2026-05-11 13:10:39,11
2d7167d7-3e1b-47a6-b140-be70f2b06534,Penjualan & pembelian amat terbaik,penjualan pembelian amat terbaik,5,positive,2026-05-11 13:06:35,4
8f26d546-fec2-40f7-9988-0f7a4cc08a6f,Kenape sekarang app shopee susah sangat...setiap kali log in kena tunggu lama²...loading lambat sangat...dah tu bila dah dpat log in...Stuck lah pulak..update pulak kena setiap minggu...,kenape sekarang susah sangatsetiap kali log kena tunggu lamaloading lambat sangatdah bila dah dpat log instuck lah pulakupdate pulak kena setiap minggu,5,positive,2026-05-11 12:43:42,22
d652f547-626f-4c66-81ac-1b45bb6169fc,Banyak iklan. dasar kau iklan 👎👎👎👎👎👎👎👎👎👎👎👎👎,banyak iklan dasar kau iklan,1,negative,2026-05-11 12:36:29,5
34cd2a62-9a8e-4d7e-95d3-393059577a3c,"Burung merpati terbang rendah, Hinggap sebentar di atas titi, Shopee selalu buat aku kalah, Niat tengok… terbeli lagi. 😆",burung merpati terbang rendah hinggap sebentar atas titi selalu buat aku kalah niat tengok terbeli lagi,5,positive,2026-05-11 12:35:37,16
4e2db0e6-26df-472e-bd6e-602bf49188b3,nice but pls give 0.00 more,nice pls give,5,positive,2026-05-11 11:37:37,3
83fcf009-956e-44d3-b2a4-afa01c7b98dc,"have to delete my acc and use other shopping platform, because lots of items not yet , SPX Courier keep ignor my chat and dont have proper time to deliver, always disturb my working hour to wait the parcel, after promising to deliver to the adress...",delete acc shopping platform lot item yet spx courier keep ignor chat dont proper time deliver always disturb working hour wait parcel promising deliver adress,1,negative,2026-05-11 11:36:30,25
232cd63a-5288-47cf-b47f-f39876fba87c,"why sekarang susah dapat free shipping untuk yang bukan vip.. dulu best guna shopee sbb free shipping sekarang dah haukk + harga makin mahal.. ok kalau barang mahal,tapi kalau shipping pun kena bayar mmg terus spoil mood shopping guna shopee.",sekarang susah dapat free shipping untuk yang bukan vip dulu best guna sbb free shipping sekarang dah haukk harga makin mahal kalau barang mahaltapi kalau shipping pun kena bayar mmg terus spoil mood shopping guna,1,negative,2026-05-11 11:24:09,35
ef7ec75c-8352-4338-8bfe-d5a4a051e3fc,Always love their Shopee Food 💕 Always save more.,always love food always save,5,positive,2026-05-11 11:20:22,5
fa90a466-0e5e-4d8b-ad47-0d121dcd08d9,good shopping experience,good shopping experience,5,positive,2026-05-11 11:09:07,3
19a64cc8-b5f5-493d-97e4-e9923c4defed,yes very user friendly and with live,yes user friendly live,5,positive,2026-05-11 10:39:53,4
67a95853-ff93-4685-b401-a4bc92568b4a,Day by day the shopee platform nowadays becoming more excitement. Not only it provide to find or searching good or things but it's also provided a safety payments transactions. when theres a problem reported from the buyers a quick action from the customer service is taken... a very trusted Apps..,day day platform nowadays becoming excitement provide find searching good thing provided safety payment transaction there problem reported buyer quick action customer service taken trusted apps,5,positive,2026-05-11 10:38:41,26
d7e28faa-d69d-4f45-b9fd-457978ba3e97,stop directing the landing page to video mode once u open the app. it's annoying hearing the often irritating promotional videos right when u open the app. the old app version was a lot better.,stop directing landing page video mode open annoying hearing often irritating promotional video right open old version lot better,2,negative,2026-05-11 09:42:53,19
5dc2576b-07d6-4157-8a5b-36426d612fce,"Something has gone wrong with Shopee's e-invoicing system. Used to work fine with new BRN number. Now keep displaying message saying invalid number. When changed to old BRN number which contains dash, the dash is automatically removed by Shopee's system and the same message appears. Other suppliers' e-invoicing system has no issue with either new or old BRN number. It has been few weeks already. Hope the issue be fixed as soon as possible.",something gone wrong shopees einvoicing system work fine new brn number keep displaying message saying invalid number changed old brn number contains dash dash automatically removed shopees system message appears supplier einvoicing system issue either new old brn number week already hope issue fixed soon possible,1,negative,2026-05-11 09:19:31,46
d3eb8e2a-4995-4e6b-a02a-b46a60f689da,bagus banyak free shipping,bagus banyak free shipping,5,positive,2026-05-11 09:18:44,4
ddf404ea-ad08-4153-bfcd-bdfa98e99d7c,"very poor experience, my item is lost when it's arrived at my home but the shoppee claimed that my evidences for the loss is unclear. Now, i have to pay for items that not haven't sent to me. Ridiculous.",poor experience item lost arrived home shoppee claimed evidence loss unclear pay item havent sent ridiculous,1,negative,2026-05-11 08:34:48,16
9face77b-3561-44d6-80dc-2a747f62ce2d,Stuck. Nak guna x blh. Dah uninstall 2 3 kali sama gak. Haiihhh. Bodoh betul,stuck nak guna blh dah uninstall kali sama gak haiihhh bodoh betul,1,negative,2026-05-11 08:19:51,12
364e8ac9-48cc-4deb-911f-8df5a2ce691e,"Very good apps, easy to shop",good apps easy shop,5,positive,2026-05-11 08:08:23,4
1edb1419-206d-44ae-8459-b42f227de8e2,"Thank you for free items and free shipping, and vouchers.",thank free item free shipping voucher,5,positive,2026-05-11 07:46:22,6
efcfe2ba-0f26-4dc5-bc1c-970b71e61593,"siapa je xsuka shopping kat shoppe kan ? tp kan , apa kata shopee pun bt mcm shop back blh main game pstu blh collect coin pastu blh bt shopping .. nk collect coin sikit2 lambert laa .. tmbh la main2 game utk collect coin . macehhh ..",siapa xsuka shopping kat shoppe kan kan apa kata pun mcm shop back blh main game pstu blh collect coin pastu blh shopping collect coin sikit lambert laa tmbh main game utk collect coin macehhh,5,positive,2026-05-11 03:18:23,35
04e3f3e3-3a13-4409-9118-1938e12f0fbe,Best online shopping platform ever,best online shopping platform ever,5,positive,2026-05-11 03:17:04,5
f1f4132e-f4b6-491c-8267-740373f188c1,"Enjoy with Shopee. Especially with SPay Later, you can shop like Billionaire",enjoy especially spay later shop billionaire,5,positive,2026-05-11 02:44:50,6
d4f733b2-d762-4d04-b557-c9e5e9f35444,terbaik... memuas kan beli barang,terbaik memuas kan beli barang,5,positive,2026-05-10 22:49:16,5
8cc03f11-2d7e-4bae-9d20-d4048548209b,"I like shopee, I like this online shopping service.",online shopping service,5,positive,2026-05-10 15:44:23,3
a8af2454-8e06-40a4-b6d8-8282a70a84c9,the price shown is not reflecting goods picture thus sometimes lead to wrongly choosen goods as buyer rely on the price instead of properly browsing the actual price for the actual picture. Buyer need to be extra careful.,price shown reflecting good picture thus sometimes lead wrongly choosen good buyer rely price instead properly browsing actual price actual picture buyer need extra careful,4,positive,2026-05-10 14:19:42,25
afbe5d62-29cb-4364-983f-d00822cf732f,The damn video kept autoplay whenever I open the apps. It's annoying and irrelevant to me. Turn it off,damn video kept autoplay whenever open apps annoying irrelevant turn,1,negative,2026-05-10 14:10:22,10
3d6bf8db-39da-4e4a-a9f1-c4805f9efc5b,"Terbaik, sangat berkualiti. Cuma kualiti pembungkusan perlu diperbaiki,",terbaik sangat berkualiti cuma kualiti pembungkusan perlu diperbaiki,5,positive,2026-05-10 13:05:33,8
423d499f-c1b5-4799-8790-97f08aa77de2,uhhhhhhh free free yahoooo,uhhhhhhh free free yahoooo,5,positive,2026-05-10 13:03:09,4
0eadf081-45a3-423a-bf18-a70ddf458760,should implement a system to contact courier driver. such a nuisance if there is a misplace parcel delivery,implement system contact courier driver nuisance misplace parcel delivery,2,negative,2026-05-10 12:08:49,9
113737a8-7d49-4b94-9dd5-f6945d2cfe27,"New UI, Not Friendy User, After The Update, The UI Is A Bit Confusing For Users Who Want To View & Check Purchased Orders & Delivery Status & Can't Delete Notifications That Have Been Rated.",new friendy user update bit confusing user want view check purchased order delivery status cant delete notification rated,4,positive,2026-05-10 11:37:12,18
d1716e05-a0e5-4e48-99e0-55eb3ae946db,"Very frustrating UI. The home tab and search result, are full with videos that will immediately blast the audio and loud music to your surrounding. There is no way to turn off the audio, and there is no way to turn off such video listing. Why force to broadcast such annoying videos to my surroundings? Totally inconsiderate!",frustrating home tab search result full video immediately blast audio loud music surrounding way turn audio way turn video listing force broadcast annoying video surroundings totally inconsiderate,1,negative,2026-05-10 11:33:39,27
d188e425-52b4-4c59-9ba4-1d71d4531526,good and save but pls pay extra for your workers and take care of them.. ♥️🙏🏻,good save pls pay extra worker take care,5,positive,2026-05-10 11:28:24,8
9a6f0361-bfc9-4548-984a-f793c99e5ad7,its annoying to have Xiaomi pop up whenever i search something,annoying xiaomi pop whenever search something,1,negative,2026-05-10 10:42:06,6
291193f2-885d-4e4a-8b5b-8c464e4344a8,My experience so far : All products delivered within the time frame. Refund process has been smooth so far.,experience far product delivered within time frame refund process smooth far,5,positive,2026-05-10 10:40:08,11
cdb02dd5-9ac0-449f-9f3d-8beeeeeac881,"app macam bodoh, time nak bayar laju n lancar je. time nak tukar barang sebab barang rosak, tak habis2 tersekat2.",macam bodoh time nak bayar laju lancar time nak tukar barang sebab barang rosak tak habis tersekat,1,negative,2026-05-10 10:29:24,17
b01045dd-0243-4723-aabd-9a614e8b3838,the best shopping online,best shopping online,5,positive,2026-05-10 08:34:29,3
77895fd5-29dc-4576-8ce2-6d0b615494d8,location pinned not accurate and i have to pay extra delivery fee to rider,location pinned accurate pay extra delivery fee rider,1,negative,2026-05-10 07:21:33,8
b729dc55-bc54-485b-b9b0-7a4e57fe9fb1,"senang guna spay, apps yang Recommended dan tak susah nak Shopping",senang guna spay apps yang recommended dan tak susah nak shopping,5,positive,2026-05-10 05:39:22,11
4fa4b243-fcbd-440a-ae41-843f8f627af8,"The moment you introduce the VIP subscription, I can no longer benefit from using those free delivery plus discount vouchers as a normal user because it's been pay-walled. Plus, using those vouchers to match certain conditions is quite absurd. So, one star for that 👎",moment introduce vip subscription longer benefit free delivery plus discount voucher normal user paywalled plus voucher match certain condition quite absurd star,1,negative,2026-05-10 05:26:05,22
1c2cdd5b-4867-49b5-af9f-5d4d2228a8f7,barang tak sampai duit aku di tolak 30 ringit bukan sekali 2 kali memang aku tak halal kan😤😤😤🤬..memang tak beli barang dari shoppee dah beli topup je lepas ni 😡😡,barang tak sampai duit aku tolak ringit bukan sekali kali memang aku tak halal kanmemang tak beli barang dari shoppee dah beli topup lepas,1,negative,2026-05-10 04:50:33,24
d895794a-d785-4397-a399-cb480f0c41e0,"Can't see the product ratings. once clicked, all the ratings aren't able to load properly.",cant see product rating clicked rating arent able load properly,3,neutral,2026-05-10 04:37:36,10
54a593e9-c908-4be2-a26d-af2770afe64d,first beli banyak dapat voucher harap leaps ni lagi banyak voucher lh dapat ye😅,first beli banyak dapat voucher harap leap lagi banyak voucher dapat,5,positive,2026-05-10 04:21:15,11
1f614f41-d065-4704-b8b2-a3233a5a7b7a,sometimes it's keep lagging and unresponsive. though the refunded process are so long. I hope someone will fix this,sometimes keep lagging unresponsive though refunded process long hope someone fix,2,negative,2026-05-10 02:42:25,11
2938cfa4-7a90-4ea1-8e2c-42a6413c1407,good shopping apps,good shopping apps,5,positive,2026-05-09 23:29:58,3
4092313c-a4b2-4251-bb6b-bfa240b75522,ade bug tak boleh tengok review rating,ade bug tak boleh tengok review rating,4,positive,2026-05-09 18:58:22,7
5ea754c2-ddd4-4759-b27e-3b105d950fd7,Not good anymore at financial,good anymore financial,3,neutral,2026-05-09 14:30:36,3
ee84cde6-e96f-417c-9442-cb274b31e65a,i hate the new update some filter doesnt even work..even if i want to find from shopee mall the result always shows no results like?????????? u gotta be kidding me,hate new update filter doesnt workeven want find mall result always show result got kidding,1,negative,2026-05-09 14:04:32,15
236de36e-dde7-43a5-be22-57e96f1ed0eb,Shopee Live is the only way I shop now. I love being able to ask the host to show the fabric close-up or try on a different size in real-time. The 'Live-only' vouchers are insane—I got a high-end skincare set for half price last night! It feels much more social and trustworthy than just looking at static photos.,live way shop love able ask host show fabric closeup try different size realtime liveonly voucher insanei got highend skincare set half price last night feel social trustworthy looking static photo,5,positive,2026-05-09 13:52:35,31
bf817cb6-a0b0-474b-aefa-bbb230218676,"Adding of ""Similar product review"" without directing us to the actual product reviewed is just awful.",adding similar product review without directing actual product reviewed awful,1,negative,2026-05-09 12:58:08,10
1fa01223-d682-4b8d-93dd-f878e9208418,Verry good apl shoppe 👍🏻👍🏻 first delivery and many vouchers for every purchase of goods and delivery vouchers..😊😊,verry good apl shoppe first delivery voucher purchase good delivery voucher,5,positive,2026-05-09 12:56:16,11
0ae5d065-a377-45a2-8660-d32f5cf97144,senang shopping sini,senang shopping sini,5,positive,2026-05-09 12:15:42,3
2625afba-d5a0-4d9e-b335-e24228bf66f8,kedekut coin. kedekut baucer. xbest mcm dulu..,kedekut coin kedekut baucer xbest mcm dulu,3,neutral,2026-05-09 11:05:32,7
005c2c65-2e6b-41f8-ab5b-e579328afd55,so far good and faster service,far good faster service,5,positive,2026-05-09 08:48:38,4
6bca8c82-5310-4d83-897a-ce416687a9f1,Prices are too high and have no cod option for lower prices. Totally disappointed,price high cod option lower price totally disappointed,1,negative,2026-05-09 08:37:29,8
56f45e96-b789-44e2-aadc-02bd23dcf291,"lurve gile sbb banyak voucher. kalau tak banyak,maybe tk guna dh apps ni",lurve gile sbb banyak voucher kalau tak banyakmaybe guna apps,5,positive,2026-05-09 07:37:51,10
938d4c10-36ce-4a30-b29b-b2a860449785,"shoppe customer services is horrendous currently, multiple times I tried to resolve my issues unable to change my phone number from my old account, but the agent just brush it off. Even filling multiple form unabke to help",shoppe customer service horrendous currently multiple time tried resolve issue unable change phone number old account agent brush filling multiple form unabke help,1,negative,2026-05-09 07:00:44,23
d8ca0a4d-3ea1-41cd-a9dc-12c28568eacf,Easy to use; reliable and superb supply chain. Staff always ready to assist.,easy reliable superb supply chain staff always ready assist,5,positive,2026-05-09 06:38:13,9
67b0ee53-3a6e-4819-af11-1e1b45d03e8c,Shopee is now my main go to e-commerce app. The prices are cheaper and the delivery is faster than the competition.,main ecommerce price cheaper delivery faster competition,5,positive,2026-05-09 05:47:09,7
25b8823d-0a80-4505-a89f-9ca9cb0ae6b2,"Tak suka. Dah tak macam dulu, best. Lani sikit-sikit kena block",tak suka dah tak macam dulu best lani sikitsikit kena block,1,negative,2026-05-09 03:33:12,11
b8f29640-e058-48be-ac35-4122b6ad581d,"The search function has regressed and gone bad. Same products, same shops appearing multiple times making it annoying and hard to find what I'm looking for exactly. It's the same issue I had with LZ and made me switch to Shopee. Searching for the official shops isn't appearing at all. Instead, it shows another shop I did not even look for. You are making it harder to find the official shops.",search function regressed gone bad product shop appearing multiple time making annoying hard find looking exactly issue made switch searching official shop isnt appearing instead show another shop look making harder find official shop,1,negative,2026-05-09 02:17:26,34
90285053-a1a8-4fc7-b107-860a32c42d4f,Terbaik tapi kalau nak refund memang lambat nak tunggu seller accept dulu,terbaik tapi kalau nak refund memang lambat nak tunggu seller accept dulu,5,positive,2026-05-09 02:02:51,12
1982fc5f-9a67-499e-a61e-fba11c41dbef,"So far so good, my advise is you must check whether the item is good or bad before checkout any item. Make a survey between shop and look at the review. After you satisfied with the product then you can proceed and remember when you buy a cheap product dont expect too much ok. If you want to buy expensive product or famous brand make sure you buy from official store. Shop smart!!",far good advise must check whether item good bad checkout item make survey shop look review satisfied product proceed remember buy cheap product dont expect want buy expensive product famous brand make sure buy official store shop smart,5,positive,2026-05-09 00:59:08,38
444a9bfc-ad68-4800-aa48-38ac6fba23f9,"Around once a month when I search for item, the results become xiaomi. With every update the app getting slower and heavy. Too many useless thing add into the app. This also effect the essential functions. The app loading kept getting slower. So many times the apps just crash and I have to restart my phone. Now so many video & live sales in the app just clutter the apps even move",around month search item result become xiaomi update getting slower heavy useless thing add effect essential function loading kept getting slower time apps crash restart phone video live sale clutter apps move,1,negative,2026-05-09 00:11:25,32
8a3d7219-55ad-419c-bd51-753f657c19e0,"Hello bot, I want to able to read full name of the product",hello bot want able read full name product,2,negative,2026-05-08 23:39:45,8
a83bd1d6-2827-4dde-b0d2-b44051b8fd1c,"The font appears to be quite small for users with vision difficulties, which makes it hard to read. It would be greatly appreciated if the app could either: 1. Provide an option to adjust the font size. 2. Allow the screen to be dynamically resized using gestures.",font appears quite small user vision difficulty make hard read greatly appreciated either provide option adjust font size allow screen dynamically resized gesture,5,positive,2026-05-08 23:03:38,23
aeaf4d26-2ce2-4afe-ab61-b1ed30a80731,good item fast delivery..so. many choice and good price.,good item fast deliveryso choice good price,5,positive,2026-05-08 21:39:56,7
92ace9c2-aff4-498d-b8c1-ec3713707ddf,"I shop almost everything at Shopee. Convenience, variety to choose from, cheaper, easy return/refund, deliver the orders as expected.",shop almost everything convenience variety choose cheaper easy returnrefund deliver order expected,5,positive,2026-05-08 16:48:15,12
81a68351-d85a-4444-a69c-4b1244e2b9fe,"when I become a platinum member and subscribe ShopeeVIP to get more voucher to buy more thing, but after that shopee limit my account to claim voucher and not allow to renew VIP, now only can get a few free shipping voucher only in my account. On Lazada never get this such bad thing.",become platinum member subscribe shopeevip voucher buy thing limit account claim voucher allow renew vip free shipping voucher account lazada never bad thing,1,negative,2026-05-08 16:23:07,23
8a9ca01c-08c7-45d0-83fe-9bb2bb6c3961,"the shopee food feature is way out of standard. my order for a restaurant at less than 3km away and not a busy town, took more than 1.5hour and the delivery driver is delivering 5 orders at the same time. how is it possible to maintain the freshness of the food?! my worst online food ordering experience.",food feature way standard order restaurant less away busy town took hour delivery driver delivering order time possible maintain freshness food worst online food ordering experience,1,negative,2026-05-08 15:34:47,26
3721a819-25f2-4d60-beea-1f8ea34e831d,always late delivery,always late delivery,1,negative,2026-05-08 15:22:31,3
80e0cffe-d949-4a87-9dce-77dee8cdf3db,Alhamdulillah sdah sampai dlm keadaan yg baik...bungkusan pn baik...smpai pn cpt...akn repeat lg klo ada offer..,alhamdulillah sdah sampai dlm keadaan baikbungkusan baiksmpai cptakn repeat klo ada offer,5,positive,2026-05-08 13:46:09,12
827ef663-9fdd-4a25-98bb-4e2f940cc599,"Shopee is having an identity crisis. The homepage is cluttered with low-quality, AI-generated ""junk"" videos and live streams. Worse, products now default to auto-playing videos instead of showing images, a terrible UX decision that slows everything down. The app is incredibly bloated, consistently lagging for 3+ seconds on startup. Please let us customize the interface and disable these unnecessary social media features. I’m here to shop, not to watch a TikTok clone.",identity crisis homepage cluttered lowquality aigenerated junk video live stream worse product default autoplaying video instead showing image terrible decision slows everything incredibly bloated consistently lagging second startup let customize interface disable unnecessary social medium feature shop watch tiktok clone,1,negative,2026-05-08 13:32:24,40
109662ad-ea55-4579-9f23-a878bf3272ff,"shopee bug makes me pay double for an item then shopee agents did not care to check any screenshots i gave to them then claiming my bill was correctly charged... i called them 5 times already and they reply with same answers at the end of each week work day and keep repeating it that way, did not even checking the facts...",bug make pay double item agent care check screenshots gave claiming bill correctly charged called time already reply answer end week work day keep repeating way checking fact,1,negative,2026-05-08 12:51:22,28
1f87e4a9-99af-4f0f-9f33-8f4e14729306,"Do not trust Shopee’s same‑day delivery. Riders often fail to pick up or cancel at the last minute, which disrupts the service. The SOP is ineffective—Shopee should review its process to better encourage and penalize riders who fail to deliver after accepting a job.",trust shopees sameday delivery rider often fail pick cancel last minute disrupts service sop ineffectiveshopee review process better encourage penalize rider fail deliver accepting job,1,negative,2026-05-08 12:02:56,25
225b9cda-fb67-480c-9adf-374bd14ea2aa,very love the shipping is very fast,love shipping fast,5,positive,2026-05-08 11:30:14,3
aea63fb8-eece-48e1-98d3-ce0f386d10ea,"Everytime I want to search for any items, it automatically search 'Xiaomi'. This happens quite frequent. Please fix this",everytime want search item automatically search xiaomi happens quite frequent fix,2,negative,2026-05-08 10:52:44,11
49d377b9-ea1a-4dcf-9ecf-6bd9a9ac9d55,keep on checking the quality of product as u have done keep upgrading the service for more better than now.now better service to exlent.,keep checking quality product done keep upgrading service better nownow better service exlent,5,positive,2026-05-08 10:29:38,13
fafcb110-13af-4a16-b6dd-3ece56b5827d,cannot collect coins from shoppe live,collect coin shoppe live,1,negative,2026-05-08 10:01:31,4
97970fa0-4242-4544-96c7-7dcfb4d789d1,Excellent shopping experience!,excellent shopping experience,5,positive,2026-05-08 09:29:51,3
f9d10f6e-98e5-46f6-8c1c-174d2ce8011f,amazing apps..recomended.fast shipping and money n goods are guarantee.,amazing appsrecomendedfast shipping money good guarantee,5,positive,2026-05-08 09:13:55,6
a15bebb5-e267-4983-b5a1-25bbc00f2db7,Amazing service also get a lot of discount 💯 recommended,amazing service lot discount recommended,5,positive,2026-05-08 07:44:51,5
bd239567-5050-46b7-aba8-e1a3d6c83a0d,please upgrade the driver number phone who was sent a parcel out of delivery like as tiktok..that can be easy for customers,upgrade driver number phone sent parcel delivery tiktokthat easy customer,4,positive,2026-05-08 07:40:13,10
a70a1ac0-78a7-4326-afb0-a5f01d125c35,shoppe is good to shop online and more rewards,shoppe good shop online reward,5,positive,2026-05-08 07:31:30,5
5991e18c-ef11-4526-ade9-a5eb01bb9569,Alhamdulillah sekarang shopee dah makin bagus (terbaik)..saya padam komen saya sebelum ni.. terima kasih shopee,alhamdulillah sekarang dah makin bagus terbaiksaya padam komen saya sebelum terima kasih,5,positive,2026-05-08 07:30:07,12
0f79e199-2020-42f2-ae29-4075a9be29af,"shopee dont be too greedy. i search an item filter by shopee mall first thing pop on too is that stupid mj jewels and some non related items. are those ads? few month ago it was alright. what is going on. even when i scroll down to see actual product ive searched, its all mix up and messy with that non related item. please dont ruin our user experience",dont greedy search item filter mall first thing pop stupid jewel non related item ad month ago alright going scroll see actual product ive searched mix messy non related item dont ruin user experience,1,negative,2026-05-08 06:30:18,34
399da5ac-b55c-43b0-8cd0-6d235fa9606e,Scam!!. ollects money but don't deliver product and inspite of giving bank details no refund. the company that dont deliver is not blacklisted which mean many are and will be in my situation. Easy way to scam. the chat feature is a faceless system created not to solve issues. most of good reviews paid to do so or by friends and family. i am sure those who lose money or get fake items dont bother.,scam ollects money dont deliver product inspite giving bank detail refund company dont deliver blacklisted mean situation easy way scam chat feature faceless system created solve issue good review paid friend family sure lose money fake item dont bother,1,negative,2026-05-08 05:55:47,39
c1d1405e-af86-4a2d-97e8-dbe9d995cabc,sangat best berbelanja di sini.. banyak pilihan ada voucher,sangat best berbelanja sini banyak pilihan ada voucher,5,positive,2026-05-08 05:47:01,8
057e440b-8e02-436b-8d36-41790a5ed6c6,good and efision with this apps.,good efision apps,5,positive,2026-05-08 03:25:59,3
0e4da61f-37d5-4c49-abb5-91d6d8bfd26a,good and fast service,good fast service,5,positive,2026-05-08 02:47:07,3
e4838762-4ae8-4763-adb2-46d849414947,"Untuk rate produk, tak boleh sort gambar by album. Kena go through banyak gbr utk pilih.",untuk rate produk tak boleh sort gambar album kena banyak gbr utk pilih,3,neutral,2026-05-08 01:33:04,13
2b5aa373-21d3-4f27-924c-297149a549c7,"Great service, although prices have been rising steadily, something to watch out for. however very happy with service of Shopee",great service although price rising steadily something watch however happy service,5,positive,2026-05-08 01:16:59,11
1c04e72b-7506-41e2-8dfb-0ec6c60cc247,"to many ads please slow down your ads at any webside or any apps,It was so annoying bruhh...please fix it",ad slow ad webside appsit annoying bruhhplease fix,1,negative,2026-05-07 23:58:18,8
ea1c8c6f-6853-48fc-b754-c1a2651927c4,Too many shops with counterfeit items plus they allowed them to use names more or less similar like the official store and even the logo!!!,shop counterfeit item plus allowed name less similar official store logo,2,negative,2026-05-07 22:07:38,11
eb8d6cbd-ff6d-4f80-98bf-2ddfefe24acd,good online seller app,good online seller,5,positive,2026-05-07 20:14:14,3
12459c7f-7381-4b99-868e-08bdb343c3c6,barang sampai dengan bungkusan yang kemas.Tq seller.,barang sampai dengan bungkusan yang kemastq seller,4,positive,2026-05-07 14:30:16,7
01b45654-1336-4985-b804-2237361ddd54,my parcel pending for delivery almost 2 days. suppose the send out delivery by today.. I'm very disappointed😞,parcel pending delivery almost day suppose send delivery today disappointed,1,negative,2026-05-07 12:23:18,10
6a6ac498-2e30-4da4-9914-1a94388fd564,lag freeze apps,lag freeze apps,1,negative,2026-05-07 11:35:11,3
df50869f-1203-4ac7-bf36-7912e9c731c7,"ui...cubalah setiap kali update app xbuat benda bodoh ,notification lama dah elok ui baru hodoh susah nak navigate...bodoh",uicubalah setiap kali update xbuat benda bodoh notification lama dah elok baru hodoh susah nak navigatebodoh,1,negative,2026-05-07 11:05:40,16
e8b2f82d-bc85-4d86-89c0-35c66fe49ac3,"puas hati, berbaloi2. Sy suka beli barang bawah RM10. seronok semua free shipping",puas hati berbaloi suka beli barang bawah seronok semua free shipping,5,positive,2026-05-07 10:55:47,11
0ccacfcb-1e13-4816-8756-c477cd709bc2,"The order of goods and payment methods are very reliable, goods that arrive late to the user will be given a voucher. Every order of goods that does not receive a response from the seller, Shopee will automatically cancel and the money will be returned to the buyer's account.",order good payment method reliable good arrive late user given voucher order good receive response seller automatically cancel money returned buyer account,5,positive,2026-05-07 10:24:10,22
47dc3918-1245-43c0-9119-661b5de8cff8,The best App for buying online in the World,best buying online world,5,positive,2026-05-07 09:33:57,4
706f97df-1442-482d-ae22-bd0a66fed806,another stupid updates ...bring back old shoppe app with minimal ...useless notifications ...please know what platform u are originally created for...,another stupid update bring back old shoppe minimal useless notification know platform originally created,1,negative,2026-05-07 06:53:31,14
d1a9d5db-12bf-4f6f-96b1-c328cfa04af6,spaylater help me a lot..only self control A must,spaylater help lotonly self control must,5,positive,2026-05-07 06:49:37,6
4fbac2ae-d648-429a-88a5-27675908f9d2,we can find almost everything needed in Shopee,find almost everything needed,5,positive,2026-05-07 04:38:06,4
cad1d0e5-ef7e-4421-afd0-7d358b0b04c3,why i selected the shopee food and what appear is just white colour...before this didn't happened like this,selected food appear white colourbefore didnt happened,1,negative,2026-05-07 04:28:17,7
911b90a3-5633-4303-a0ab-b6a0215a05a7,when open too slow and stuck .. please improved this application..😭😭,open slow stuck improved application,3,neutral,2026-05-07 04:26:07,5
27f476c6-d3ea-4144-948b-b12e120c9559,need to drop rating cause lately there is too many AI video which misleading bettwen item on sale and the video. please do some this shopee!!!,need drop rating cause lately video misleading bettwen item sale video,1,negative,2026-05-07 04:07:05,11
3f0f1cfd-6a80-4993-ace8-484c0517348e,"Updated: ok, this Shopee is not only getting too much, it's creepy to see their ads creeping into every app I've visited into: Duolingo, Cookingdom, YouTube, everything, the Shopee ads are everywhere, it keeps forced click on its own even the user didn't pressed though. I had to uninstall it because Shopee is clicking the ads on its own even if the users don't want to. This is seriously creeping me out, damn you algorithm for messing up.",updated getting creepy see ad creeping ive visited duolingo cookingdom youtube everything ad everywhere keep forced click user didnt pressed though uninstall clicking ad user dont want seriously creeping damn algorithm messing,1,negative,2026-05-07 00:24:27,32
52d427cc-5d9d-4bbb-8623-a3587eb3862a,Very good online sales hub.,good online sale hub,5,positive,2026-05-07 00:21:49,4
dbe16697-64aa-4bd4-9cf7-b54d6cdae69f,"Awesome, hats off to Shopee, you proved you are way way better than your competitors. I ordered after lunch and got the same day, in the late afternoon. Both items were packed well and in immaculate conditions. Both items work well above my expectation. Keep it up, Shopee and kudos to the seller too.",awesome hat proved way way better competitor ordered lunch got day late afternoon item packed immaculate condition item work expectation keep kudos seller,5,positive,2026-05-07 00:04:27,23
ef270291-8c39-4a94-9705-b8bebedaff6f,"Since the latest update, whenever I launch the application, it automatically navigates to the live video section. It's quite bothersome that one must exit the video or live feed to keep it from continuing to run in the background.",since latest update whenever launch application automatically navigates live video section quite bothersome must exit video live feed keep continuing run background,2,negative,2026-05-06 23:32:40,22
b87ea8b0-42e4-4af4-9f9b-b5cd3a278c17,Fast delivery good quality 👍🏻,fast delivery good quality,5,positive,2026-05-06 21:40:03,4
a0da7719-e985-4cea-8c20-650c69912afe,helpfull.learn many things he..love you shoppee..byk trusted,helpfulllearn thing helove shoppeebyk trusted,5,positive,2026-05-06 19:38:34,5
8a9e1b41-031f-498a-8327-12863532292b,"shopee pay teruk,masukkan duit,lepas tu duit tk masuk,error lah itu ini,telan duit gitu je?",pay terukmasukkan duitlepas duit masukerror lah itu initelan duit gitu,1,negative,2026-05-06 17:09:34,10
5b4fb170-ac17-4770-be0e-0173bef8cdf1,MY PARCEL HAVENT BEEN PICKED UP FOR RETURN AND REFUND.DO YOU KNOW HOW FRUSTRATING IT IS KEEP HAVING TO WAIT AND TALK TO CS.EVEN CS ISNT HELPING AT THIS POINT ALL THEY DO US CHECK CHECK CHECK ONLY! NON OF MY PROBLEMS ARE RESOLVE CAUSE ITS BEEN 2 DAYS! AND IM A STUDENT .YOU THINK I HAVE ALL THE TIME IN THE WORLD TO STAY WAITING FOR COURIER TO PICK UP MY PARCEL?! WHY DIDNT IT HAVE PICKUP TIME ANYMORE?! WHY DO I HAVE TO BE AVAILABLE FOR THE COURIER TIME?! WHO'S THE CUST RN?! 5 CS YK N STILL NOTHING,parcel havent picked return refunddo know frustrating keep wait talk cseven isnt helping point check check check non problem resolve cause day student think time world stay waiting courier pick parcel didnt pickup time anymore available courier time who cust nothing,1,negative,2026-05-06 15:36:56,41
7e1efb41-f572-4859-bad4-2be769619106,"Very good service Shoppe,",good service shoppe,5,positive,2026-05-06 15:22:06,3
a7b3b4e5-0210-46b7-9622-bdda127e7c4d,sangat puas hati,sangat puas hati,5,positive,2026-05-06 14:50:32,3
730c310f-54dd-4795-95dc-f6f9313be7ca,too many extra stuff wasting battery. remove homepage video and bottom random items.,extra stuff wasting battery remove homepage video bottom random item,4,positive,2026-05-06 14:19:12,10
3c8e4187-511f-4ec3-abef-b8f3483d94a2,mantapppp kali!!!! banyak voucher yg gila² punya diskaun...,mantapppp kali banyak voucher gila punya diskaun,5,positive,2026-05-06 13:53:23,7
b262e77e-b5b8-4f53-af13-6a1751f575e7,"I’ve recently run into an issue where a mall seller didn’t ship out a heavily discounted item and allowed the order to expire. I’m now facing the same problem again, with another discounted item left unshipped after multiple failed pickup attempts, and it’s close to expiring. Disappointed experience, especially during these recent sales.",ive recently run issue mall seller didnt ship heavily discounted item allowed order expire facing problem another discounted item left unshipped multiple failed pickup attempt close expiring disappointed experience especially recent sale,2,negative,2026-05-06 13:43:28,32
df46f461-c97d-49fc-aa68-6751e5695ff6,very fast n safe receive all in good condition n lazada worker very efficiently,fast safe receive good condition lazada worker efficiently,5,positive,2026-05-06 12:32:04,8
b0b28bc7-58de-49ba-a692-75e1245f942d,"Shopee suck ,why ? first they shopee express service so slow and never keep on time, second , when they ask u to ""speed up the delivery"" , it never work ,its just sloppy ai repeating same sentence, third , Parcel never show up on time eventho u paid the delivery fee , four , They never solve issues with customer , also shopee express pls do better cause other express do better than you do ... 😡😡😡😡😤😤",suck first express service slow never keep time second ask speed delivery never work sloppy repeating sentence third parcel never show time eventho paid delivery fee four never solve issue customer express pls better cause express better,1,negative,2026-05-06 11:47:29,37
091ee970-e6fb-450b-81af-5427707f181c,Kenapa shopee ni dah gila agak nye...dah tak pakai pos laju dengan jnt lg ke...semua standard Delivery je...makin mengarut lak aku tgk shopee ni....kau bukan menyenangkan kau menyusahkan ada le...,kenapa dah gila agak nyedah tak pakai po laju dengan jnt kesemua standard delivery jemakin mengarut lak aku tgk nikau bukan menyenangkan kau menyusahkan ada,5,positive,2026-05-06 11:39:10,25
d93bfb33-44f5-4573-b306-667fed1c3ef9,app ni untuk pengguna yang suka beli barang online pada time harga turun...,untuk pengguna yang suka beli barang online pada time harga turun,5,positive,2026-05-06 11:13:21,11
f6a6bed3-c68d-40de-b226-815778ef271b,tak dapat pon 15 coins ikot template review,tak dapat pon coin ikot template review,2,negative,2026-05-06 11:05:59,7
b7331caf-1fd0-4eec-be6f-293042ee1691,"DO NOT BUY JOMREBUT DEALS, THEY'RE ADVERTISED AS THE MAIN ITEM, BUT INSTEAD YOU'RE BUYING A VOUCHER. ENDED UP PAYING THE WHOLE PRICE FOR THE FOOD. WHEN YOU'RE CHECKING OUT IT CHARGES YOU AN EXPENSIVE PRICE FOR DELIVERY. SCAMMING AND FALSE ADVERTISING. I WILL NEVER USE THIS APP EVER AGAIN. I'LL STICK TO BETTER ALTERNATIVES THAT DON'T SCAM AND FALSELY ADVERTISE TO GRAB YOUR MONEY.",buy jomrebut deal theyre advertised main item instead youre buying voucher ended paying whole price food youre checking charge expensive price delivery scamming false advertising never ever ill stick better alternative dont scam falsely advertise grab money,1,negative,2026-05-06 10:28:51,37
74f539be-392f-4699-85e5-7317645bda4d,Dah 2 bulan xboleh claim coin live..cs kata nk selesaikan tapi xselesai2 pun...so selamat tinggal shopee,dah bulan xboleh claim coin livecs kata selesaikan tapi xselesai punso selamat tinggal,1,negative,2026-05-06 10:13:07,13
cb501531-f777-4369-961f-17e63e367bb0,shoppee thing chiper with voucher discount,shoppee thing chiper voucher discount,5,positive,2026-05-06 09:34:26,5
98a7ef51-f165-4685-b9a6-b0b5a51f7038,"I used to be happy shopping on Shopee, partly because of the J&T delivery service. But not anymore since they switched to SPX delivery. SPX does not meet expectations and there is no communication with customers during the delivery process. That’s why I no longer shop on Shopee.",happy shopping partly delivery service anymore since switched spx delivery spx meet expectation communication customer delivery process thats longer shop,2,negative,2026-05-06 09:21:14,20
5d228eaa-9a79-4b27-b314-50846f6954d1,terbaik dah mudah,terbaik dah mudah,5,positive,2026-05-06 08:57:28,3
8116cde5-e6c3-40dc-b1c2-d0d789934e84,"the app is so lagging and crashing as fkk! the app always doesn't respond when i trying to write a review and added a pictures and vid of the product, the app always got freeze.. make me repeat all over again to review and rating it. it making so hard to rating the product if the app always crashing out.",lagging crashing fkk always doesnt respond trying write review added picture vid product always got freeze make repeat review rating making hard rating product always crashing,2,negative,2026-05-06 08:42:05,26
126a64f1-ea0d-4c05-bc27-184e131444ca,Terbaik.. Penghantaran cepat,terbaik penghantaran cepat,5,positive,2026-05-06 08:36:22,3
3b8ceae9-5d14-422a-b11e-39e5b67a4ea6,"apps is ok just not good in filtering seller. some are selling fake product especially mobile cable, charger",apps good filtering seller selling fake product especially mobile cable charger,4,positive,2026-05-06 06:18:49,11
d8eb2d9c-c3ad-4c22-84e7-06c8330a1eeb,online shopping app terbaik.,online shopping terbaik,5,positive,2026-05-06 06:04:29,3
d8f229f1-6122-486b-8c83-cce421559491,"Sofar ok except for two occasions 1. product swapped, 2. smaller unit supplied - both sellers' fault * in late Jan I bought tis same item. didn't collect. item was sent back to seller. had info shopee few times. hv yet to get refund into shopeepay",sofar except two occasion product swapped smaller unit supplied seller fault late jan bought ti item didnt collect item sent back seller info time yet refund shopeepay,4,positive,2026-05-06 05:33:08,27
e6a50741-9ea5-45e3-9f87-bac754d0bce7,Lousy review system!,lousy review system,2,negative,2026-05-06 05:24:53,3
f1c4f6b2-028f-48cb-8c3d-3314c01ffda9,"i prefer the previous model of gaining coins while scrolling through the video tab, instead of the current time based one.",prefer previous model gaining coin scrolling video tab instead current time based,2,negative,2026-05-06 02:59:59,12
8cee78b0-d5de-4700-9d2a-11180827cf1b,at time everytime and price are also reseanable,time everytime price reseanable,5,positive,2026-05-05 23:43:13,4
bf63f0e6-edf7-4b18-99bb-84403bcc2bdf,SHOPEE USELESS NOT ALLOW TO BUY FROM OVERSEAS,useless allow buy overseas,1,negative,2026-05-05 19:40:30,4
8f8c3b12-0381-496e-b4b8-8ef32c627020,"Trash app! Lots of resources being used from the app. Edit: No, it's still the same. Lots of resources are being used. Also, you don't have the rights to control settings from my device.",trash lot resource edit lot resource dont right control setting device,1,negative,2026-05-05 17:58:53,11
16d61542-5e7a-48ff-b7d3-6f22d086e752,boleh improve dan sediakan pembayaran dengan guna touch n go,boleh improve dan sediakan pembayaran dengan guna touch,1,negative,2026-05-05 16:18:21,8
508683e2-746f-4cec-9a86-89cb947c4094,refund sgt ssh dpt,refund sgt ssh dpt,1,negative,2026-05-05 14:19:00,4
968f56ff-8a48-48d4-8d71-a5b3f631d357,Why are you allowing AI videos in your apps for marketing purposes? Are there not enough false marketing in your apps yet? Also the Live that you force on your users. Please don't reply me with bot. I've had enough of these AI.,allowing video apps marketing purpose enough false marketing apps yet live force user dont reply bot ive enough,1,negative,2026-05-05 14:06:39,18
183ecc36-e380-4d8d-af8d-99600aea62aa,a lot of my items I bought from shoppee. Easy n have all items that I needs.,lot item bought shoppee easy item need,5,positive,2026-05-05 13:47:25,7
5449e075-a6d6-4989-aa3c-f69a2c4fa5d5,"Shopee. The one of a popular e-commerce platform known for its affordability, frequent discounts, and user-friendly interface. With a wide range of products, secure payment options, and reliable delivery services, it offers a seamless shopping experience. Features like Shopee Live, vouchers, and flash sales make it a favorite among online shoppers. Highly recommend🫰🫰",popular ecommerce platform known affordability frequent discount userfriendly interface wide range product secure payment option reliable delivery service offer seamless shopping experience feature live voucher flash sale make favorite among online shopper highly recommend,5,positive,2026-05-05 13:31:29,34
0e6fafcb-45ec-4739-862a-1d8066552317,Shoope Service Now Very good upgrade in system keep up ur good job shoope tq.,shoope service good upgrade system keep good job shoope,5,positive,2026-05-05 13:26:43,9
72c4620d-6cea-456a-9276-298e82546605,"Bad experience these days with shopee. Open app to shop but annoyingly, the first thing that came up was an annoying shorts/reel-like video about a product. Is shopee desperately trying to be a social media app like tiktok or Instagram ? Truly pathetic. I might not use shopee anymore. Change it back to how it use to be. Open app, and it should be showing the home catalogue right away,not some stupid live and video section. Very disappointed.",bad experience day open shop annoyingly first thing came annoying shortsreellike video product desperately trying social medium tiktok instagram truly pathetic might anymore change back open showing home catalogue right awaynot stupid live video section disappointed,2,negative,2026-05-05 12:58:12,36
eaa58858-1c9e-4496-add2-8ec07d0f0e00,belum cuba lagi. harap memberi kesan yg baik,belum cuba lagi harap memberi kesan baik,5,positive,2026-05-05 12:43:16,7
8221a9c5-7009-4890-bb99-4070d23062d7,Shopping platform terbaik,shopping platform terbaik,5,positive,2026-05-05 12:31:54,3
9cc651e6-d873-4249-8bcb-60e45643f034,"“Convenient and affordable, especially with Shopee coins.”",convenient affordable especially coin,4,positive,2026-05-05 11:23:28,4
6ad58990-06ca-4d64-b6d0-bd9ea8d24034,amazing app for me as student to buy things because everything is very affordable and less scam issues as well as the delivery including from overseas are very fast. overall i am very satisfied w the service and products they gave but i do hope there is relics sell there tbh,amazing student buy thing everything affordable less scam issue delivery including overseas fast overall satisfied service product gave hope relic sell tbh,5,positive,2026-05-05 11:16:14,22
d1c2f807-9b33-4c61-ab15-b56ee3e2ffce,The best online Shops to shopping. Reasonable price & good quality,best online shop shopping reasonable price good quality,5,positive,2026-05-05 09:42:27,8
533db110-b672-4d89-8771-0f549f4db2ed,many usefull thing in market...easy to buy & fast delivery,usefull thing marketeasy buy fast delivery,5,positive,2026-05-05 08:14:09,6
e7f313bb-7b3b-4e39-bed3-470c52519652,a lot of items video previews is filled with AI SLOP that does not make sense,lot item video preview filled slop make sense,1,negative,2026-05-05 07:51:13,8
e6a072f9-510d-44c8-8ebd-bb90fb704962,very unhelpful help service,unhelpful help service,1,negative,2026-05-05 07:35:33,3
27f2fde9-96d9-453a-b485-e6ecf5a3f12a,Wow!Jimat banyak ada diskaun..delivery sangat cepat.,wowjimat banyak ada diskaundelivery sangat cepat,5,positive,2026-05-05 07:18:27,6
38fcd080-bdfb-4489-83e0-80f87ab911fc,"Really fed up with your Apps.Till now still not able to recognize who is seller &who is buyer in Chat Please do the recommendation below to solve the issue: 1. At Shopee Apps remove link ""My Shop"" 2. Force all seller use Shopee Seller Apps or Shopee Seller Web handle incoming Chat. 3. Whoever use Shopee Apps or Shopee Web send message is BUYER 4. Whoever use Shopee Seller Apps or Shopee Seller Web send message is SELLER. Lazada nvr has this issue, because they force seller use SellerCenter App",fed appstill able recognize seller buyer chat recommendation solve issue apps remove link shop force seller seller apps seller web handle incoming chat whoever apps web send message buyer whoever seller apps seller web send message seller lazada nvr issue force seller sellercenter,1,negative,2026-05-05 06:03:29,43
90311209-2a92-450a-98fb-465e15393cf9,"The interface is clean, easy to navigate, and makes browsing, comparing. I love the daily flash sales, free shipping vouchers, and seamless payment options like ShopeePay. Live chat with sellers is quick and helpful, and deliveries are surprisingly fast. Plus, the in-app games and coins keep it fun and rewarding. Highly recommended",interface clean easy navigate make browsing comparing love daily flash sale free shipping voucher seamless payment option shopeepay live chat seller quick helpful delivery surprisingly fast plus inapp game coin keep fun rewarding highly recommended,5,positive,2026-05-05 06:01:04,35
ba44c179-5423-401b-af59-3e2f3da372a5,byar pay later tiap2 bulan tk penah missed. tp dh 3 kali limit upgrade fail. finance -i pun 3 kali fail pdhal tahun ni dah naik salary. doc complete. tak penah lewat byar kadang byr lebih . rasa tk best shoping kt sni dh better laza. bayar lebih or byar ontime limit asyik sng je naik auto sama mcm tiktok tak payah susah2 submit limit upgrade just to fail upgrade 3 kali . nak stop or kurang beli kt shopee. beter beli dr laza or tiktok je. payleter dorg jauh lg better.,byar pay later tiap bulan penah missed kali limit upgrade fail finance pun kali fail pdhal tahun dah naik salary doc complete tak penah lewat byar kadang byr lebih rasa best shoping sni better laza bayar lebih byar ontime limit asyik sng naik auto sama mcm tiktok tak payah susah submit limit upgrade fail upgrade kali nak stop kurang beli beter beli laza tiktok payleter dorg jauh better,1,negative,2026-05-05 05:50:44,68
68f77675-5e46-439a-96b3-7fcc67211c3a,voucher banyak tapi nak claim je hang.,voucher banyak tapi nak claim hang,1,negative,2026-05-05 03:19:39,6
638354ce-a90b-41e0-9a6d-b6c3cd77a9c6,menggangu dengan iklan,menggangu dengan iklan,1,negative,2026-05-05 03:18:59,3
6f3f0a71-3ca7-4c08-bab4-cad2dd082c5c,Aplikasi yang bagus dan bermanfaat untuk beli barang dengan harga terjangkau.. Thank you shopee,aplikasi yang bagus dan bermanfaat untuk beli barang dengan harga terjangkau thank,5,positive,2026-05-05 03:14:43,12
3e3e2696-8ece-4443-b6d2-880cec3f4808,"The app occasionally (but frequently) opens the Live & Video tab whenever I open the app, which is rather displeasing and makes me think twice before buying on shopee or just go on somewhere else. There isn't a button to toggle this off anyway, making this look like it's stuffed to your face. Can't this be removed or we opt out of it?",occasionally frequently open live video tab whenever open rather displeasing make think twice buying somewhere else isnt button toggle anyway making look stuffed face cant removed opt,2,negative,2026-05-05 01:13:58,27
cddbdc9b-76b6-4983-a43b-fd35753a0e31,skrg ssah nk ade cod..hati2 dgn spaylater geng..,skrg ssah ade codhati dgn spaylater geng,1,negative,2026-05-04 19:44:56,7
5142fea9-4992-4931-924e-d0e356ce6cb4,"Such a stupid app. Only give priority to the buyer. Buyer cheat also can give fully refund. Then give one star review to the service still give penalty. How the hell is this stupid app? Don't ask me to call u. I call u must give u 5 star rating. Not only than that, if I give one star, then penalty again. Cilaka such a dumbass app. Seller always lose!",stupid give priority buyer buyer cheat give fully refund give star review service give penalty hell stupid dont ask call call must give star rating give star penalty cilaka dumbass seller always lose,1,negative,2026-05-04 15:33:55,33
9f3b373a-2f07-403c-965e-1a2faf6ade93,Worst! after transaction suceess shopee apps turn blank and status pending pay.,worst transaction suceess apps turn blank status pending pay,1,negative,2026-05-04 15:29:28,9
de5be997-aaa4-42fd-9f46-4887d266af74,"Yeah best app all that but I've being dealing with lot issues lately. I don't know it's the seller or shopee problem but my package is always arrived late. Even to one point that I ordered 2 items, and one of them was cancelled by shopee because of late delivery I guess. I really hope shopee fix this issues or maybe it's just my bad luck or something",yeah best ive dealing lot issue lately dont know seller problem package always arrived late point ordered item cancelled late delivery guess hope fix issue maybe bad luck something,3,neutral,2026-05-04 14:49:55,29
86109adf-7a11-46ef-9c98-7c48d19a3722,Terbaik la shopee time2 terdesak blh jugak beli barabg melalui shoope paylater.. Shoope bayak menolong sy untuk barang2 yg susah sy nak cari dikadai tapi shoope semua ad memudahkan n menjimatkan masa sy. Sy bagi 10 bintang buat shoope terima kasih shoope,terbaik time terdesak blh jugak beli barabg melalui shoope paylater shoope bayak menolong untuk barang susah nak cari dikadai tapi shoope semua memudahkan menjimatkan masa bagi bintang buat shoope terima kasih shoope,5,positive,2026-05-04 14:36:26,32
89629bc7-8b0f-4e64-ac85-2fa6851bd6b6,good for spend your money,good spend money,5,positive,2026-05-04 14:08:43,3
c691f28c-584f-4142-8009-d97e65899bc2,"got many error and bug,so lagging",got error bugso lagging,1,negative,2026-05-04 13:50:49,4
767fae15-ee29-4466-98f4-3adbc3ddbb4d,"good , but to soft. cannot exfoliate dead skin cell.",good soft exfoliate dead skin cell,5,positive,2026-05-04 12:10:47,6
45eab9c9-20ad-4a31-a960-c2216dd81743,best online market apps.,best online market apps,5,positive,2026-05-04 10:47:25,4
583277b7-7654-4d9e-b9e1-01100ba89c57,"Aplikasi Shopee sangat mudah digunakan, harga murah dan penghantaran cepat. Sangat berpuas hati 👍”",aplikasi sangat mudah digunakan harga murah dan penghantaran cepat sangat berpuas hati,5,positive,2026-05-04 09:21:00,12
bf1ab0df-4a80-458c-9118-eafcb3d29bea,"Shopee is honestly one of the best app for me to buy things that i couldn't find in physical store. i could find things that i want easier whether from local seller or international seller. but, the only problem is the payment method. i wish Shopee could put more options for it such as Touch n Go e-wallet. As a student, it is much easier that way since we don't have credit card yet.",honestly best buy thing couldnt find physical store find thing want easier whether local seller international seller problem payment method wish put option touch ewallet student easier way since dont credit card yet,4,positive,2026-05-04 09:09:34,33
b35de495-e559-449a-8777-73e8d6ae5e81,I need to delete my shopee account linked to my Apple i.d. Already try using mobile number but failed because cannot login to Apple i.d. account. I have two shopee account and other online shopping app linked to my Apple I d. I need to delete one. Please help me.,need delete account linked apple already try mobile number failed login apple account two account online shopping linked apple need delete help,1,negative,2026-05-04 07:58:52,22
fb85c996-db03-44b1-b0bd-2b7742d1bc96,"Shopee as online shopping plaform is good. Problem is Shopee Food, ordered and waited for 40+ minutes without assigning driver is messed up. ended up no food and cancel. Cannot commit to Food delivery then don't do and manage Food delivery service.",online shopping plaform good problem food ordered waited minute without assigning driver messed ended food cancel commit food delivery dont manage food delivery service,1,negative,2026-05-04 07:45:55,24
13ef7932-2062-480a-8bf4-533733047192,good the item's quality really good and the price is not cheap it's expansive but worth it,good item quality good price cheap expansive worth,5,positive,2026-05-04 07:39:39,8
169b36b4-bdf9-47b0-aad6-b597da9b4d8e,this amazing for shopping and 100% really products,amazing shopping product,5,positive,2026-05-04 07:12:04,3
7e95ff51-70b5-462a-ab01-9ace277bca70,good shopping 🛍️🛍️ center,good shopping center,5,positive,2026-05-04 07:04:23,3
47ebb0a3-4b2c-4939-8fd7-d64a001059bc,worst app ever... prefer other options..useless..,worst ever prefer optionsuseless,1,negative,2026-05-04 05:29:20,4
84ecd89e-788a-44ab-afcd-ee34938fc214,"Terbaikkk , memudahkan urusan ... mantapppp",terbaikkk memudahkan urusan mantapppp,5,positive,2026-05-04 04:09:35,4
e6a90cd8-9a64-427a-a578-e8d2278d5f7f,Opening the app straight to live feed/video. Cannot change this setting. to the developer try the app yourself,opening straight live feedvideo change setting developer try,1,negative,2026-05-04 02:37:44,8
4de42bac-15ff-4669-aba9-8899fb8b955b,"good app for cheaper option stuffs but the app kinda often lag , hope you'll fix it",good cheaper option stuff kinda often lag hope youll fix,4,positive,2026-05-03 22:53:51,10
5eefc5d9-7070-4053-94a6-491107dc1cf1,terbaik..xperlu keluar rumah tetapi setiap keperluan ada . Cuma perlu pandai memilih utk memastikan pilihan anda yg terbaik utk keperluan maksima,terbaikxperlu keluar rumah tetapi setiap keperluan ada cuma perlu pandai memilih utk memastikan pilihan anda terbaik utk keperluan maksima,5,positive,2026-05-03 17:22:58,19
6d73fe1a-77c4-4870-a985-a89a0c47fc9b,shopee food delivery cheap. more vouchers,food delivery cheap voucher,5,positive,2026-05-03 15:14:59,4
82ce6eeb-1367-4afb-9c82-708fa0b11a72,"SHOPPING KAT SHOPEE BEST CUMAA TAKLE BAYAR PAKAI TNG TOLONG LA SHOPEE KITANYA TAKDE BANK NAK TNG,SHOPEE NI BARANG BARNAG MURAH CUMA TAKDE KAEDAH PEMBAYARAN PAKAI TNG JEEE",shopping kat best cumaa takle bayar pakai tng tolong kitanya takde bank nak tngshopee barang barnag murah cuma takde kaedah pembayaran pakai tng jeee,4,positive,2026-05-03 14:29:53,24
b7d706fa-17d3-4b24-9ff7-ff3c8d8eeec1,"very bad app........ new phone id problem order cancelled,,what problem",bad new phone problem order cancelledwhat problem,1,negative,2026-05-03 14:17:56,7
12ddff61-d605-4a4f-89d8-1fbc5d83374a,good shopping zone 😁😁,good shopping zone,4,positive,2026-05-03 14:09:57,3
4f10162b-e61e-4bb1-9c7f-ff32ae68a2f1,"shoppefood teruk, beli voucher untuk murah, last ii bayar dengan harga yang sama atau lagi mahal sebab still kene bayar delivery. lepastu sidai dua jam, belum sampai lagi ni, kedai tu dahnak tutup dah. teruk teruk teruk",shoppefood teruk beli voucher untuk murah last bayar dengan harga yang sama atau lagi mahal sebab kene bayar delivery lepastu sidai dua jam belum sampai lagi kedai dahnak tutup dah teruk teruk teruk,1,negative,2026-05-03 13:08:06,33
40cd9b89-15bc-4544-a3d2-46be91b55f36,"worst after update. terrible interface for notification. difficult to find shopee farm. the shopee coin earn fron watch video interface also keep changing, not standard interface. I already refer the customer service. no use to refer the cs. they mentioned it the new interface after update. nothing can do",worst update terrible interface notification difficult find farm coin earn fron watch video interface keep changing standard interface already refer customer service refer mentioned new interface update nothing,1,negative,2026-05-03 12:26:49,28
2c694365-abbb-47f7-9bfa-3dac33a541fa,Good service and fast,good service fast,5,positive,2026-05-03 10:59:06,3
9f1c9779-b206-4c6f-95fe-3defef96feb2,"PLEASE UPGRADE YOUR CUSTOMER SERVICE, IT IS USELESS AS IT IS NOT HELPING ME SOLVED MY PROBLEM. I ORDERED FOOD BUT ONLY GOT SOME OF IT AND WHEN I REACH THE CHAT IT ASK ME TO UPLOAD PHOTO BUT THERE'S NO BUTTON TO INSERT THE PHOTO THEN HOW COME I CAN PROCEED WITH THE INSTRUCTIONS???? SECOND CHOICE IS TO OPEN FROM THE WEB BUT COME OUT SAME, VERY INCONVENIENT FOR USER!!! YOUR APP ARE SUCKS!!! NO WONDER PEOPLE CHOOSE TIKTOK MORE OVER YOU SINCE YOUR SYSTEM IS OUTDATED AND VERY INCONVENIENT FOR THE USER",upgrade customer service useless helping solved problem ordered food got reach chat ask upload photo there button insert photo come proceed instruction second choice open web come inconvenient user suck wonder people choose tiktok since system outdated inconvenient user,1,negative,2026-05-03 10:18:15,39
a6080de5-9f94-42e4-82ac-ebc9d8bf9238,"I am disgusted that the app forces you to the 'Live & Video' tab when you open the app, and videos begin playing! So annoying and disruptive to my shopping experience.",disgusted force live video tab open video begin playing annoying disruptive shopping experience,1,negative,2026-05-03 09:40:10,13
427a9b74-2363-47a7-bfd7-cb052fc7eaab,great apps. The drivers for shopee food are always available even though it's raining day.,great apps driver food always available though raining day,5,positive,2026-05-03 08:49:41,9
634d5096-d24d-4391-9bb9-fbcd5ca47bff,"Enjoying my purchases, thank you very much.",enjoying purchase thank,5,positive,2026-05-03 08:28:56,3
80b1ef5a-6b48-41f3-80d7-9a2aae6ade2d,"Need to always be careful alot of Need to always be carefu malware,Tap on a clip to paste it in the text box.",need always careful alot need always carefu malwaretap clip paste text box,2,negative,2026-05-03 07:11:52,12
ecec56a5-42d3-4643-8570-835fa0974655,"Your limiting food delivery items to 20 max is ridiculous. Especially for sushi orders. Your customers use delivery apps for convenience, or did you forget that? This limit defeats the purpose. Switching to G app where there's no limit.",limiting food delivery item max ridiculous especially sushi order customer delivery apps convenience forget limit defeat purpose switching there limit,1,negative,2026-05-03 04:26:30,20
ffc03ef0-2ec5-417a-b272-4958e6f2771c,"if I want to watch short video,I'd use tiktok,stop playing dumb video with volume when I launched the app.",want watch short videoid tiktokstop playing dumb video volume launched,1,negative,2026-05-03 04:07:14,10
3fcf5b07-bc73-4237-a545-180d78e26010,Harga boleh dapat lebih murahb berbanding apps lain. Dan selalunada voucher besar2,harga boleh dapat lebih murahb berbanding apps lain dan selalunada voucher besar,5,positive,2026-05-03 03:46:16,12
857fe9c7-9be4-4f32-b50b-ba11a5bb6258,best online shopping ever. the feature is easy to use and understand. the flow from checkout the item until reach customer home is so well shown in the apps.,best online shopping ever feature easy understand flow checkout item reach customer home shown apps,5,positive,2026-05-03 02:41:29,15
d2aa4373-6d35-4723-9d15-b76d59ab790d,"Got conned by Shopee. I spent USD200 on a 2TB Samsung drive that turned out to be 250 GB. The customer support marked my issue as solved twice and told me to report the seller through their system. Said they can't refund me contrary to their policy. Seller still running with Ofiicial Shoppe Support. I know it's a small purchase and they don't care, butI'm going to report on social media and to police. Seems to get their attention.",got conned spent usd samsung drive turned customer support marked issue solved twice told report seller system said cant refund contrary policy seller running ofiicial shoppe support know small purchase dont care butim going report social medium police seems attention,1,negative,2026-05-03 02:39:31,40
733c94cc-0334-4b7d-af91-f2665563c077,scam app.. i thought i buy something in a cheap price but instead it just a voucher for that something without telling that im buying a voucher before i bought it,scam thought buy something cheap price instead voucher something without telling buying voucher bought,1,negative,2026-05-03 02:28:00,14
fd943ea8-a00e-4769-a36c-cd63f65f5bb3,good in searching products & comparing prices,good searching product comparing price,4,positive,2026-05-02 13:56:23,5
ddb2dda0-8e6d-49b6-8683-b2dbfdbb0f68,"I have no idea why Shopee thinks it is a good idea to advertise in other apps' ads, and trickily forced our phone to open the Shopee ad. the fact that you looked so dishonest in that act, made me wonder if you have any proper and honest integrity at all. I am a regular Shopee user, but all these ads in other apps are deal-breakers. As soon as I can find another good shopping app, I will dump this spammer.",idea think good idea advertise apps ad trickily forced phone open fact looked dishonest act made wonder proper honest integrity regular user ad apps dealbreakers soon find another good shopping dump spammer,1,negative,2026-05-02 13:33:10,32
25c781f2-6c6c-491a-b93d-6944f3483435,i am happy with shoppee delivery.. no complain except the videos are annoying.. it opens directly when you access shoppee and difficult to cut off..,happy shoppee delivery complain except video annoying open directly access shoppee difficult cut,5,positive,2026-05-02 10:17:00,13
f8e96c4f-35b4-4b1d-86a7-f0cc1895116a,not good can't buy anything to many problems,good cant buy anything problem,1,negative,2026-05-02 09:38:15,5
98dffd59-cb1e-4977-9450-6d9e71bc39a2,"experiencing bad,unacceptable reason from SHOOPEE platform for return fund.seller just post a small package for a long/big item and is actually looks OK for SHOOPEE!",experiencing badunacceptable reason shoopee platform return fundseller post small package longbig item actually look shoopee,1,negative,2026-05-02 09:37:37,15
d2e2f401-d0f0-4779-9a70-e1caf503df58,Not happy. Shopee ads everywhere,happy ad everywhere,1,negative,2026-05-02 08:21:27,3
0d4e2e2b-66d2-482b-a535-e265d33b0cc5,seronok membeli belah di shoppe.,seronok membeli belah shoppe,5,positive,2026-05-02 08:20:26,4
16d98373-3728-4e3e-be17-21a4c7ff167b,Hey Shoppe! How about you let us buy and pay with Touch n Go?I think it's a good idea.,hey shoppe let buy pay touch goi think good idea,5,positive,2026-05-02 06:57:05,10
1c40b3e2-636f-4580-83fc-8f1ad5260eb5,theyyy their online banking is very worst because they don't got tng touch and go please change this shopee,theyyy online banking worst dont got tng touch change,2,negative,2026-05-02 06:35:34,9
081af281-de4d-49d3-8391-e88e5b23eb13,Can't click on claim vouchers for some reason. app is trash,cant click claim voucher reason trash,1,negative,2026-05-02 05:59:15,6
1730fb8c-cf6b-4619-9c4d-0099ea451773,Received with good condition and packing good,received good condition packing good,4,positive,2026-05-02 05:17:57,5
0a98e84d-d28f-41cf-b520-723cef4be1c7,perlu perbaiki sistem shopee terlalu banyak bug coins live tak boleh claim voucher live tak boleh guna,perlu perbaiki sistem terlalu banyak bug coin live tak boleh claim voucher live tak boleh guna,2,negative,2026-05-02 04:12:35,16
de3bce2d-9bc3-49f0-8846-f4e7e9fb594e,hate with shopee ads.. so annoying,hate ad annoying,1,negative,2026-05-02 03:45:15,3
a1982071-66d9-4cd8-8c39-f21e0d9b9c48,Best place to shop,best place shop,5,positive,2026-05-02 01:22:59,3
6774334b-e491-429b-909c-3eba52ca3d9f,what happened cannot buy coins already?????,happened buy coin already,1,negative,2026-05-02 00:30:27,4
ddd9b2ca-cdba-4522-b337-37da525101f2,"as a seller, shopee doing a bad job! auto cancel in 3 days which is too fast and take high taxes !!!!",seller bad job auto cancel day fast take high tax,1,negative,2026-05-01 23:06:41,10
96f4f641-1c3f-4a1f-8a45-441d104afe0f,hell yeahh but shii be addictive,hell yeahh shii addictive,5,positive,2026-05-01 19:25:25,4
d90a2a6f-60e8-4571-89db-80622b40d7cb,the price was cheaper and I can effort to buy it,price cheaper effort buy,5,positive,2026-05-01 19:16:22,4
0bc1a027-16fb-4562-953b-d03913a21bdf,super fast and very helpful,super fast helpful,5,positive,2026-05-01 15:08:41,3
e80063c2-8f23-4d96-acc7-29297813dd1e,why is there a need of competition?? dah la memaksa pulak tu.. org x nk bersaing pun bbi btul.. biarkn je la org nk main game ngan siram pokok secara tenang.,need competition dah memaksa pulak org bersaing pun bbi btul biarkn org main game ngan siram pokok secara tenang,1,negative,2026-05-01 14:55:28,19
527aed68-780d-445c-9296-3c3b06e91e55,"Tak minat, iklan yang Berulang, bosan Aku dibuatnya. Tolonglah buat iklan yang baru bah. Bosan sebosan bosannya. Aku install Bukan nak open tapi uninstall balik tujuannya untuk mendapatkan comment.",tak minat iklan yang berulang bosan aku dibuatnya tolonglah buat iklan yang baru bah bosan sebosan bosannya aku install bukan nak open tapi uninstall balik tujuannya untuk mendapatkan comment,1,negative,2026-05-01 13:51:02,29
2bbdc584-12ef-4261-9efa-57ed6d9941b2,"shoppefood nowsday are frustrated. seller not responsible. food out of stock,seller without asking change with different price and size. Asking for refund but shoppe cancelled bc of reason not strong enough. LAZADA is more better",shoppefood nowsday frustrated seller responsible food stockseller without asking change different price size asking refund shoppe cancelled reason strong enough lazada better,1,negative,2026-05-01 13:08:48,22
4156d8dc-2751-4986-9182-9a4e2153ea56,"i love you shopee, please give me more free items 🥺🤍💞",love give free item,5,positive,2026-05-01 12:39:52,4
9208dbc6-8559-4758-9c3a-91bd6a436d07,senang beli barang online,senang beli barang online,5,positive,2026-05-01 12:11:44,4
f321520f-a635-440a-a591-eeb57e55150e,cant add my credit card,cant add credit card,1,negative,2026-05-01 10:46:13,4
d0bf5e40-229e-4d7a-81e9-abfc74d75dcc,"The forced video aspect has become even worse. The front page is riddled with AI generated videos that don't represent the product sold. On top of that, videos are still shoehorned into the shopping experience.",forced video aspect become worse front page riddled generated video dont represent product sold top video shoehorned shopping experience,1,negative,2026-05-01 10:05:20,19
7d12d7ed-ed47-4ba9-8832-a02fbf2118d9,I had been using Shopee all the while & I find very convenient. A very wide range of products to choose from.,find convenient wide range product choose,5,positive,2026-05-01 09:58:43,6
8c6b60d0-cf83-4eb9-8782-987cb6643ed6,"Murah, senang, pantas. mantap Dan padu tapi shoppe pay later tak guna lagiii. tolong la unfreeze...",murah senang pantas mantap dan padu tapi shoppe pay later tak guna lagiii tolong unfreeze,5,positive,2026-05-01 09:43:27,15
a6899905-b6a3-45bd-ac10-9e7e74771816,"ur advertisement in game very annoying after times up very difficulty to press finished , press cross ❌ so many many times also can not back to main page !!!",advertisement game annoying time difficulty press finished press cross time back main page,1,negative,2026-05-01 09:10:28,13
7dd74979-05f0-4ccb-b157-c17aa9e78243,Senang cari barang,senang cari barang,5,positive,2026-05-01 08:26:43,3
7d3e33ca-7fd5-4127-9977-49b7f37dee89,"Please fix your shopee food drivers' attitude, so rude in terms of their manners. DONT even pickup my calls and even dare to decline for MULTIPLE TIMES. He even called me such stupidity-worth messages, as if, I didn't even provide pictures that I haven't gotten my orders yet! Lately, this same goes to item delivery as well! Didn't even bother to tell us whether it was already completed or not! I just don't get why your service becomes deteriorating by each year?",fix food driver attitude rude term manner dont pickup call dare decline multiple time called stupidityworth message didnt provide picture havent gotten order yet lately go item delivery didnt bother tell whether already completed dont service becomes deteriorating year,1,negative,2026-05-01 06:34:41,39
c715b245-a439-440f-ae28-4a9c4bcfa033,ads promo in sellers store is not what you received and the complaints with clear evidence is ignore. its either that seller or shopee has a hand in the misleading ads,ad promo seller store received complaint clear evidence ignore either seller hand misleading ad,1,negative,2026-05-01 05:52:48,14
fc4c10ef-15d2-46f5-a5ef-3bf994ee51b3,the best food delivery apps in malaysia,best food delivery apps malaysia,5,positive,2026-05-01 04:34:38,5
b4cd0bdb-4b7d-45eb-bcd1-7730fa9bb6b8,the quality of some products are far below par and part of sellers cannot accept rating below 3-star,quality product far par part seller accept rating star,1,negative,2026-05-01 04:12:29,9
966a8fad-4295-47cb-88ad-5d17e89f2d30,"Aplikasi Shopee sangat mudah digunakan dan mesra pengguna. Banyak pilihan produk dengan harga berpatutan serta promosi yang menarik seperti free shipping dan voucher diskaun. Proses pembayaran cepat dan selamat, pilihan seller pun pelbagai. Tracking pesanan jelas dan penghantaran biasanya laju. Fungsi chat dengan seller sangat membantu. Secara keseluruhan, pengalaman membeli-belah sangat memuaskan dan praktikal untuk kegunaan harian. Memang recommended....................................!!!!!!!!",aplikasi sangat mudah digunakan dan mesra pengguna banyak pilihan produk dengan harga berpatutan serta promosi yang menarik seperti free shipping dan voucher diskaun prose pembayaran cepat dan selamat pilihan seller pun pelbagai tracking pesanan jelas dan penghantaran biasanya laju fungsi chat dengan seller sangat membantu secara keseluruhan pengalaman membelibelah sangat memuaskan dan praktikal untuk kegunaan harian memang recommended,5,positive,2026-05-01 04:00:58,58
9f715ea8-3d33-4dc9-aa72-f0d1a55c7538,"the voucher on shoppefood is scam. it said ""doesn't meet required condition"". but i have checked, it met. waste my time.",voucher shoppefood scam said doesnt meet required condition checked met waste time,1,negative,2026-05-01 04:00:09,12
3b0210c1-ac68-44bf-a95b-3104dfe9a387,"Excellent for online shopping! Shopee protects customers and when I had problem with payments, delivery, damaged orders, etc., it can be easily resolved. shop online with Shopee in full confidence.",excellent online shopping protects customer problem payment delivery damaged order etc easily resolved shop online full confidence,4,positive,2026-05-01 03:11:50,17
7a60e4cb-42ca-4d98-a27f-a1d9853cf231,"Think of something? Go to Shopee! Tap. Shop. Done. Klik Je, Sampai Rumah.",think something tap shop done klik sampai rumah,5,positive,2026-05-01 00:41:44,8
a468e2e4-1936-4285-865f-d279538e6e6f,Sangat best dan sangat berbaloi,sangat best dan sangat berbaloi,5,positive,2026-04-30 23:05:19,5
c522dbe1-b282-489c-a500-a03472bf1874,Iklan di shopee penuh dgn perempuan seksi.,iklan penuh dgn perempuan seksi,1,negative,2026-04-30 15:35:27,5
4888bb49-61c3-48ac-85e4-94c52b9cce0a,"Assign courier delay delivery for more than 10 days, shoppee cannot do any things only say they send report. Nothing else. Please change your courier choice. Didnt have issue with shoppee express but recently gotten j n t always delay delivery. Now even better, my package like ghost circling in the same place but just can't deliver to my destination. add on: stupid ads tht will keep on hijack my phone to shoppee aps even if i don't press it. thanks, u convince me to not use ur service.",assign courier delay delivery day shoppee thing say send report nothing else change courier choice didnt issue shoppee express recently gotten always delay delivery better package ghost circling place cant deliver destination add stupid ad tht keep hijack phone shoppee aps dont press thanks convince service,1,negative,2026-04-30 15:27:29,46
7b464485-8947-4fa6-bfea-c6178f6b1697,really shock i received safely free order giving first time thank you shoopee,shock received safely free order giving first time thank shoopee,5,positive,2026-04-30 14:18:38,10
65cf9475-e092-4379-9821-bafe442b5422,force stop on tecno pova 7,force stop tecno pova,1,negative,2026-04-30 14:13:17,4
e519f24f-8344-494c-a1b3-9043e17f2b97,too much popups. i did not want to watch pretty much ALL the videos they flashed at me.,popups want watch pretty video flashed,1,negative,2026-04-30 13:43:34,6
3f012bef-3b1c-4327-88e3-ac0843263c69,shopping online platform no 1 for me,shopping online platform,5,positive,2026-04-30 12:31:37,3
887a3045-6706-4045-856f-ad3971f117d7,Why I can't scroll my cart after new update.. I don't know if it only me or not😵,cant scroll cart new update dont know,2,negative,2026-04-30 11:09:55,7
13370ee5-49e2-4be4-b89a-9e0f9972da1e,This Apps have problem can't create account,apps problem cant create account,1,negative,2026-04-30 10:36:20,5
9a4a6115-e5e6-4b0a-a5c5-efad7688fb74,first apps that i approve a lot 🥰🥰,first apps approve lot,5,positive,2026-04-30 09:31:56,4
182c839e-1ba7-414b-8521-e1d0742131d8,Easy To Use And One Of The Online Platform Friendly User,easy online platform friendly user,5,positive,2026-04-30 09:22:52,5
9d0e50a6-d41c-4f8c-b971-e05f7f6e1e74,good apps and easy to purchase. all the product is easy to order and safely delivery to your own home.,good apps easy purchase product easy order safely delivery home,5,positive,2026-04-30 09:09:24,10
39cba883-ad6c-4e9c-9b88-200dd411eecc,1. good for goods. 2. good service 3. Refund truthfully,good good good service refund truthfully,5,positive,2026-04-30 09:00:28,6
5bc28499-f9df-4233-894c-d9bb9ef652ff,Stkt ni penjual xde mslh...smua brg di htr btul dan tpat..jika ada mslh yg timbul pastinya berpunca drp khidmat transporter base to base (e.g Perak to Terengganu)@(johor to kelantan). byk brg customer rosak disebabkan pekerja transporter yg cuai sewaktu pickup@drop item di base..majoriti suka campak dan baling item tu..jadi disarankan kpd Penjual@Shopee spya ketatkan syarat dgn kenakan penalti@denda gantirugi 5@10 kali ganda drp nilai item jika item rosak disebabkan oleh transporter.,stkt penjual xde mslhsmua brg htr btul dan tpatjika ada mslh timbul pastinya berpunca drp khidmat transporter base base perak kelantan byk brg customer rosak disebabkan pekerja transporter cuai sewaktu item basemajoriti suka campak dan baling item tujadi disarankan kpd spya ketatkan syarat dgn kenakan gantirugi kali ganda drp nilai item jika item rosak disebabkan oleh transporter,4,positive,2026-04-30 08:38:26,57
fe2e6b37-177f-4516-8eda-b2a7feddc71f,Quick delivery . A simple and quality helmet really pleased my expectation. And my recent purchase of grass cutter and chicken manure was delivered very fast.,quick delivery simple quality helmet pleased expectation recent purchase grass cutter chicken manure delivered fast,5,positive,2026-04-30 06:48:27,15
a5a61839-60b8-4161-a3d2-f320c267967b,Nice App Thanks You Shoppe App Send my order use COD free shpping order recieve complete i give 5 star ⭐⭐⭐⭐⭐,nice thanks shoppe send order cod free shpping order recieve complete give star,5,positive,2026-04-30 04:40:15,13
f79ef34f-671f-488a-b4fa-e84591000262,Banyak barang dengan harga yang murah Di shoppe ni.,banyak barang dengan harga yang murah shoppe,4,positive,2026-04-30 04:23:36,7
8b7d161a-7ec2-4692-9e32-4d8184a28e87,"Sebuah Apps online pembelian terpuji atas kepelbagaian system app ini contoh ada reload data,reload package data,pelaburan,insurance dll..amat recommended menggunakannya utk urusan harian",sebuah apps online pembelian terpuji atas kepelbagaian system ini contoh ada reload datareload package datapelaburaninsurance dllamat recommended menggunakannya utk urusan harian,5,positive,2026-04-30 03:12:58,21
6f0605ca-dd54-4f0c-ae43-996d7e57673b,Got many problems after update coin dan voucher can't not take 😮‍💨😮‍💨😮‍💨,got problem update coin dan voucher cant take,2,negative,2026-04-30 01:57:41,8
30c56d20-0da8-4650-b433-c0ac77d5279f,"your advertisment are like greedy capitalist pigs, i cant even close it peacefully even when i downloaded the app without being forced to enter the app and it always pisses me off",advertisment greedy capitalist pig cant close peacefully downloaded without forced enter always piss,1,negative,2026-04-30 01:26:43,13
03811b3c-66e2-45d9-bb09-60ad63713f98,dah setting privacy tutup notification tetap keluar..apa benda la,dah setting privacy tutup notification tetap keluarapa benda,2,negative,2026-04-30 00:43:42,8
a35b0c19-2cba-4823-97e3-a0bdf718a4af,cannot withdraw watch to earn coin,withdraw watch earn coin,1,negative,2026-04-30 00:20:54,4
f770725f-47b8-4ed5-bdf4-927c74773806,the app is good for shopping. so many seller at one place. have many options to buy and at the same time prices are reasonable. I give 3 star because of its bad delivery service now a days. I experience delay in delivery several times. courier person himself give wrong reason that buyes not available to receive although I was waiting for my order. Need much improvement in delivery service,good shopping seller place option buy time price reasonable give star bad delivery service day experience delay delivery several time courier person give wrong reason buyes available receive although waiting order need improvement delivery service,3,neutral,2026-04-29 22:56:41,35
99cde16b-5f61-4966-ab70-1235b4c2579f,"everything is a fake 5 star products review, they just want to get the coins, but the product itself is not as advertised",everything fake star product review want coin product advertised,1,negative,2026-04-29 20:48:25,9
d8308e36-8e27-451f-a2b1-0740cf1f7cb3,"create you dark mode app, please! TikTok Shop already have their own dark mode for a very long time.",create dark mode tiktok shop already dark mode long time,1,negative,2026-04-29 18:53:58,10
51afb67e-0a4d-4266-abd8-7d726a4aba23,Amazing deals and fun vouchers. User-friendly interface and quick delivery. Love the in-app chat feature.,amazing deal fun voucher userfriendly interface quick delivery love inapp chat feature,5,positive,2026-04-29 18:00:02,12
31510fc7-a1ce-4f95-b1d0-4ddfa0b453f3,Cannot withdraw the coins from watch & earn. Urgently needed to buy my stuff to get some price reduction. Really disappointed,withdraw coin watch earn urgently needed buy stuff price reduction disappointed,1,negative,2026-04-29 16:49:56,11
a2618568-6c35-4e2e-816e-5244260d466b,"Is something wrong with the latest version? I think your shopping cart has gone hay-wired. Grouping the ""Fulfilled by Shopee"" of various shops, stuffs are repeating in the shopping cart, making it very hard to choose my stuff and check out! please check it",something wrong latest version think shopping cart gone haywired grouping fulfilled various shop stuff repeating shopping cart making hard choose stuff check check,4,positive,2026-04-29 15:58:58,23
cefefae4-6a90-4842-acf5-2a35625fd119,shopee is the best and trusted apps,best trusted apps,5,positive,2026-04-29 14:41:56,3
7c1c5046-5e1e-407e-8370-ef66c6c227c1,This app is very useful for us to shop online.,useful shop online,5,positive,2026-04-29 14:41:04,3
4aad60cb-f594-4fef-a553-422e1ac05d99,"Shopee merupakan platform e-dagang yang sangat dominan di Malaysia, disukai kerana harga kompetitif, baucar penghantaran percuma, dan pelbagai pilihan",merupakan platform edagang yang sangat dominan malaysia disukai kerana harga kompetitif baucar penghantaran percuma dan pelbagai pilihan,5,positive,2026-04-29 14:33:56,17
a390c9df-95c1-41a0-97fe-a9f6b35872e5,"tq shoppe for chance give me to manage my shopeepay latter and shopee loan!very love that for that emergency use and i have use shoppe app is about 7 year,8 year i guest this platform is very good and easy to use",shoppe chance give manage shopeepay latter loanvery love emergency shoppe year year guest platform good easy,4,positive,2026-04-29 14:01:24,16
fa524398-32a3-4374-a237-9ec9d9ba3657,"A truly fantastic app; you can find everything you need Purchase and return processes are very quick, and delivery costs are low",truly fantastic find everything need purchase return process quick delivery cost low,5,positive,2026-04-29 13:35:35,12
49962888-e3a1-4021-a02e-9bebc6429159,helpful app to Find anything anytime,helpful find anything anytime,5,positive,2026-04-29 12:57:59,4
09701237-e126-434a-8543-1a86a3036f20,baikk.xde dia boleh mati carik barang kat luar hahahaha,baikkxde dia boleh mati carik barang kat luar hahahaha,5,positive,2026-04-29 12:42:07,9
844c135f-e9bf-49dc-8b38-1477c8697883,iklan bapak bnyk yang best,iklan bapak bnyk yang best,1,negative,2026-04-29 12:21:03,5
171ad341-353d-4af0-89fd-9d5494823af3,service makin terok,service makin terok,1,negative,2026-04-29 11:18:05,3
75d59061-a080-4863-a0ef-22ef82f20772,Harga lagi murah berbanding app lain. Puas hati.,harga lagi murah berbanding lain puas hati,5,positive,2026-04-29 10:12:08,7
9bfa8767-fa35-4d88-aeaa-89a16a8b2a8b,"oh my godd stop showing me videos!!! i want to see the products i searched for, don't want to see videos. this isn't tiktok. what's up with every app copying tiktok??? and most of the time those videos aren't even related to what i'm looking for. STOP IT!",godd stop showing video want see product searched dont want see video isnt tiktok whats copying tiktok time video arent related looking stop,1,negative,2026-04-29 10:09:12,23
557e66f9-aa64-4306-9dd9-652eacb160a1,very Good experiance using shoppe apps,good experiance shoppe apps,4,positive,2026-04-29 10:08:09,4
c6941f44-aeff-42cf-972e-411f84400e09,easy to find and order everything we need,easy find order everything need,5,positive,2026-04-29 10:06:53,5
1f2a58b1-cf87-4c48-9d3c-da88aa72b928,"some products are good, and delivery is on time. good job.",product good delivery time good job,4,positive,2026-04-29 09:44:35,6
4c1c6bfd-4fa4-4c1f-a848-452edf11fb77,Wlpn ko mkn riba ko ttp tolong aku waktu aku ssh itu jer tp bgs ko ni riba berlesen biaq pi pemerintah kawtim jawap nnt kite duk tepi jer,wlpn mkn riba ttp tolong aku waktu aku ssh itu jer bgs riba berlesen biaq pemerintah kawtim jawap nnt kite duk tepi jer,5,positive,2026-04-29 09:05:14,23
f4b4bd57-92ba-4d24-9670-8771d2a53611,I can't change from dark mode to light mode. the app looks awful.,cant change dark mode light mode look awful,1,negative,2026-04-29 08:13:58,8
acd25052-ff57-43fb-b132-96ec0ab5781f,good online shopping apps,good online shopping apps,5,positive,2026-04-29 07:33:57,4
4a6add5e-56bd-4b2f-a034-18e7408f2ffc,masa hari yang besar memang voucher besar dan berbaloi,masa hari yang besar memang voucher besar dan berbaloi,5,positive,2026-04-29 07:06:06,9
4edc0406-8295-443d-a2c8-e0b93fd496ce,Shoope mmg terbaik dan banyak membantu,shoope mmg terbaik dan banyak membantu,5,positive,2026-04-29 06:38:27,6
9385ed30-4ede-4216-9c3a-20b4fdacc3bf,tempat paling mudah jual beli dan berbaloi,tempat paling mudah jual beli dan berbaloi,5,positive,2026-04-29 06:32:58,7
dee94255-2d00-4a50-8fd2-f8f2f894abd2,Affordable prices and easy checkout. Love the vouchers and free shipping.,affordable price easy checkout love voucher free shipping,5,positive,2026-04-29 06:29:42,8
a5e362d7-06cd-4610-b005-0d6ac5222c7a,Hope shopee can help customer don't get scam from bad seller's please.Good and trusted this time service ok VERY greatly . SHOPEE MUST TQ ✅🌸add STAR AGAIN AT 2026 FEB. WAOOO,hope help customer dont scam bad seller pleasegood trusted time service greatly must add star feb waooo,3,neutral,2026-04-29 05:05:34,17
a96744f1-5e27-4c3b-9e9b-8d1510ca82ea,"Drivers assigned are all responsible drivers unlike Zus, super lousy drivers",driver assigned responsible driver unlike zu super lousy driver,5,positive,2026-04-29 03:30:47,9
f50be4dd-c060-45fd-8e8f-b71da3996c66,good and money saving.,good money saving,5,positive,2026-04-29 03:11:37,3
3b428465-ed3e-457d-af17-93fb692b4a91,"Whenever I topped up my shopee pay, 1 out of 3 times it will surely stuck at the after payment page. Then shopee proceed to hold my money for a week or two. this happened too often and never changed.",whenever topped pay time surely stuck payment page proceed hold money week two happened often never changed,1,negative,2026-04-29 02:24:18,17
a4e09b75-b069-46e7-9e3f-6308a615c6aa,I like shopping with Shoppee because it allows me to collect coins and use it when purchasing items.,shopping shoppee allows collect coin purchasing item,5,positive,2026-04-29 01:52:41,7
2e807f53-62b1-45cc-828b-a5fcb62e93be,So far my purchases have been good. Easy payment.,far purchase good easy payment,5,positive,2026-04-28 23:17:22,5
61e005cb-0c02-4efd-9a03-a2756bb26957,"I can't select payment ofMay Sloan if I select in May, all will automatically selected please fix this annoying bugs sorry I can select only the random monthly payments",cant select payment ofmay sloan select may automatically selected fix annoying bug sorry select random monthly payment,1,negative,2026-04-28 22:58:30,17
7406baf3-44c2-4e6c-89f8-895fa94d71d1,cheap and free shipping,cheap free shipping,5,positive,2026-04-28 21:40:01,3
d6785125-83ff-4fb5-b9e0-8993925eacc3,"trying hard to sell their vip subscription. which makes the non vip user like me, need to pay for higher price. Lazada have way better price now for non vips.",trying hard sell vip subscription make non vip user need pay higher price lazada way better price non vip,1,negative,2026-04-28 21:07:05,19
ac95813f-0c5a-4b8d-9a15-55bc6c424a85,Woy kau dah melampau ni anak aku tengah main game tibe tibe ada iklan kau ni iklan tak apa apa tunjuk perempuan tak pakai baju dah kenapa. kalau kau nak buat iklan buat iklan yang elok elok je la tak yah la buat iklan macan tu!! (TOLONG DIBALAS),woy kau dah melampau anak aku tengah main game tibe tibe ada iklan kau iklan tak apa apa tunjuk perempuan tak pakai baju dah kenapa kalau kau nak buat iklan buat iklan yang elok elok tak yah buat iklan macan tolong dibalas,1,negative,2026-04-28 19:58:03,42
634e15bc-4da9-44ad-a82a-9beb6e6d16a5,The best choice to shopping,best choice shopping,5,positive,2026-04-28 17:29:47,3
2d4a33fd-6ef1-49c9-84c8-a2cd5ea3b3db,"""The customer service center is very weak and does not solve problems.""",customer service center weak solve problem,1,negative,2026-04-28 14:36:11,6
3b73c3f9-fc26-4df9-ba99-600db737609a,"Been trying to delete a default address for almost 1 year. Tried selecting another address as default in order to delete the other one, but even the new selected default can't be submitted. Uninstalled and reinstalled....still the same! Please do something!",trying delete default address almost year tried selecting another address default order delete new selected default cant submitted uninstalled reinstalledstill something,2,negative,2026-04-28 13:28:04,21
7acf956f-1f3d-4b80-8564-de3f5690cf95,sangat suka shoping di shopee,sangat suka shoping,5,positive,2026-04-28 13:19:38,3
92174764-79b4-465a-9c10-94d36b934f03,Good servis n laju penghantaran..,good servis laju penghantaran,5,positive,2026-04-28 12:51:11,4
87a56197-d671-4c85-98eb-6397289c66d5,Resntly i but 2 time watch but he send me very cheep qualti wathch i spend 43.90 rm but no give good qulati vest app,resntly time watch send cheep qualti wathch spend give good qulati vest,1,negative,2026-04-28 12:21:25,12
211cff60-bdec-45ac-ba8a-f3f67024b4b0,Shopee berbaloi dan selamat,berbaloi dan selamat,5,positive,2026-04-28 12:04:01,3
820686d3-159d-40d6-bbb0-1163f1df95ab,aku punya lah kumpul coin shopee tu tapi takleh withdraw dah kene reject tapi coin tu hilang. waste my time and internet. shame on you,aku punya lah kumpul coin tapi takleh withdraw dah kene reject tapi coin hilang waste time internet shame,1,negative,2026-04-28 11:37:55,18
fcf11358-9d41-49f4-b098-18f33b06dd54,"Easy to buy anything, friendly and affordable",easy buy anything friendly affordable,5,positive,2026-04-28 11:26:33,5
25678fe2-7885-40a3-929d-aeab9e2400a6,"barang dh Smpai dlm keadaan baik,cuma belum test pakai lagi..",barang smpai dlm keadaan baikcuma belum test pakai lagi,5,positive,2026-04-28 11:13:11,9
496e49ac-a8ea-45c9-8c30-aeca68a53c47,is good service fast delivery,good service fast delivery,5,positive,2026-04-28 11:02:28,4
4b40576e-74ba-42cc-bc65-e6e535915df8,Thus is the most efficient online mall there is with the widest product coverage and with the best pricing and a very efficient and customer-friendly Return n Refund process .,thus efficient online mall widest product coverage best pricing efficient customerfriendly return refund process,5,positive,2026-04-28 10:55:10,14
e82680c1-d767-498e-a8e1-cbdbd93f3e7e,jauhi shopee seller teraniaya..,jauhi seller teraniaya,1,negative,2026-04-28 10:51:26,3
c3725c9b-6aa1-419d-a982-7c98da70658b,Good shopping add with fair price.,good shopping add fair price,5,positive,2026-04-28 10:33:41,5
2bdb2adf-9e38-47d6-a7cb-a17f42ecc314,easy online shopping,easy online shopping,5,positive,2026-04-28 10:20:37,3
485f19a1-d199-42dc-bf9e-2f3ce17441bf,The new notification is confusing and has let to me buying the same parts twice. Will need the parts only in 9 to 12 months time.,new notification confusing let buying part twice need part month time,3,neutral,2026-04-28 10:19:05,11
e0c84a2c-f6d8-474a-b446-ab6dd43b5220,"Very good, fast and efficient response and delivery service.",good fast efficient response delivery service,5,positive,2026-04-28 10:12:06,6
1428bd89-0f07-4022-b5f8-bee87f355dd7,shopee gift free always make we are Happy aGood Day,gift free always make happy agood day,5,positive,2026-04-28 09:26:00,7
26634cf0-af81-4ece-a495-1ca41580af78,"Who on Earth decided that going straight to the live page when opening Shopee is a great idea? It is so annoying. Also, too many popups man. Come on, let me search the items in peace.",earth decided going straight live page opening great idea annoying popups man come let search item peace,1,negative,2026-04-28 07:58:07,17
59961584-2802-44b4-bd07-361f757ef281,"I feel safe when buying. I like that it gives the option to let the app know of you really received the items or not. Also, I've done a few refunds and received my money back because the seller suddenly didn't have my item in stock. Also, once I received a note delivered to me saying that my item was not in stock. I was in shock. Why pay for delivery to tell me that instead of just messaging me on the app?! I sent a complain to shopee and then received my refund.",feel safe buying give option let know received item ive done refund received money back seller suddenly didnt item stock received note delivered saying item stock shock pay delivery tell instead messaging sent complain received refund,5,positive,2026-04-28 07:54:14,36
5ea26023-c425-4844-90f4-589d03427d2b,the best platform to shop and fast delivery with guarantee/safe policy.,best platform shop fast delivery guaranteesafe policy,5,positive,2026-04-28 06:27:15,7
161d41d8-eeb3-4455-acb0-8dc0f34bf85c,so far sngt² puas hati..barang murah dan bnyk baucer bole ditebus..kebayakan barang dpt prcuma penghantaran..,far sngt puas hatibarang murah dan bnyk baucer bole ditebuskebayakan barang dpt prcuma penghantaran,5,positive,2026-04-28 06:24:21,14
c7d31bd5-8152-4f65-a3d3-6054f1c534f8,"best, if you up my limit a can shop everyday in shoppe , thanks.",best limit shop everyday shoppe thanks,5,positive,2026-04-28 06:13:15,6
a7cc58e0-b7b8-45db-ae83-c99a794d394e,"tiap kali order barang di shopee selalu sahaja delivery unsuccessful, penat la kalau macam ni",tiap kali order barang selalu sahaja delivery unsuccessful penat kalau macam,1,negative,2026-04-28 05:39:04,11
5517bf1d-40e9-46b8-907a-fd0fa7201b0c,delivery driver is not friendly and service is not good at all. after all shopee is bot company. driver bot and customer services also a bot. they have no time for customers.,delivery driver friendly service good bot company driver bot customer service bot time customer,1,negative,2026-04-28 05:31:36,14
2c6885dc-98df-4ace-9da6-46b3b8d1b476,Improve it by implementing Google Pay. The function is there but not usable.,improve implementing google pay function usable,1,negative,2026-04-28 05:18:05,6
78abb726-1cbf-4095-9213-9c9a448c5fd6,Many years im buying things in shopee.. so far so Good 👍,year buying thing far good,5,positive,2026-04-28 02:23:13,5
da520c5b-9f9b-49c6-81c9-274e37d1d4a4,the best app for sure I love the app,best sure love,5,positive,2026-04-28 01:54:40,3
18b76527-2187-4845-9ebd-cfcd56c5907c,"senang cari barang. semua ada d sini, duit saja inda menahan.",senang cari barang semua ada sini duit saja inda menahan,5,positive,2026-04-28 01:37:33,10
d4296ce6-d2c1-4053-b42b-10da60dd1a2e,good product produce,good product produce,5,positive,2026-04-28 01:30:10,3
39de063e-3507-43e6-8816-3f01a54516cb,Shopee is the most convenient and easy to use shopping applications and I use most all the time,convenient easy shopping application time,5,positive,2026-04-28 01:25:24,5
c10534ee-0d99-4840-9a59-62dc1a879d8d,sangat mudah guna shoppe tapi tu la . kalau boleh naikan la lagi spaylater . bosan la tak naik2 .. bagi la lebih sloan pon naikkan la lagi .. bukan tak leh bayar .bayar dan tak pernah miss langsung . org tua yg tak kerja pon sloan dgn pay later limit sampai berpuluh ribu . hairan saya .,sangat mudah guna shoppe tapi kalau boleh naikan lagi spaylater bosan tak naik bagi lebih sloan pon naikkan lagi bukan tak leh bayar bayar dan tak pernah miss langsung org tua tak kerja pon sloan dgn pay later limit sampai berpuluh ribu hairan saya,5,positive,2026-04-28 01:03:20,44
622126aa-7e0f-47a8-8a76-90e09e572db1,"Superbbbbb... Need to read comment, or view whos are the best seller recommennded before buy... Beware of scammer okay.. Overall is okay. Thanks shoppe and team.... updated 2026 : need dark mode please mod... thanks",superbbbbb need read comment view who best seller recommennded buy beware scammer okay overall okay thanks shoppe team updated need dark mode mod thanks,5,positive,2026-04-27 15:17:08,24
e9cc43da-deef-4794-b50f-249aa4657189,Why I can't add bank account into my shopee pay? I'm using android 6.0 phone.,cant add bank account pay android phone,5,positive,2026-04-27 14:25:41,7
52146e01-b21b-48b9-a279-d13b285b369e,The worst platform and customer service! Simple and easy but not able to handle professionally. Seller send defect item but couldn't do refund. Has been on going issues with shopee and seller until I decided not to use shopee anymore!,worst platform customer service simple easy able handle professionally seller send defect item couldnt refund going issue seller decided anymore,1,negative,2026-04-27 13:48:40,20
c5bc119f-8580-4332-9d7f-30103236e31e,Easy to buy Any Products with Trusted Partner and Good of Quality,easy buy product trusted partner good quality,5,positive,2026-04-27 13:36:06,7
55af58ef-99be-49c2-a39e-2f48b89cf7a5,aku benci asik iklan shope,aku benci asik iklan shope,1,negative,2026-04-27 12:34:00,5
c2ec67bc-7ce3-4e5d-9979-b490ddbf34f4,"my number is bound on another active account and i can't made any purchase, this app is basically useless now. I also can't verify my email too",number bound another active account cant made purchase basically useless cant verify email,1,negative,2026-04-27 11:27:06,13
e710b332-baf2-47fe-a874-9f7456277917,bagus 😍saya suka saya suka terbaikkk,bagus saya suka saya suka terbaikkk,5,positive,2026-04-27 07:51:17,6
18d9ef67-e3b7-446a-a51d-17c932ef8f6a,"good received with dbl packaging and bubble wrapped, recommended supplier.",good received dbl packaging bubble wrapped recommended supplier,5,positive,2026-04-27 07:46:39,8
42ebd42e-77e7-4b1e-8312-a360a423b00f,It was a great app for my smartphone. Thank you playstore.,great smartphone thank playstore,5,positive,2026-04-27 05:47:28,4
eb0f05ce-3a5b-482e-be87-cfdede48b787,Gets better and better,get better better,5,positive,2026-04-27 05:16:13,3
c1f81487-943e-4fda-9b5b-e71403897a3f,Good online shopping platform.,good online shopping platform,5,positive,2026-04-27 02:52:51,4
31bc83e2-c996-4906-ada5-64aba62bec6b,"It was a nice experience using it , the items were variations. the customer service was good 😊 will use it more.",nice experience item variation customer service good,5,positive,2026-04-27 02:06:12,7
0d0eab4c-2047-4183-85db-f7d34b6cf0d5,"allow me to share some experience here, 1st air shipping parcel to Malaysia Order placed 5th March 2026 shipped 26th March 2026 received self collected 4th April 2027 2nd air shipping Order placed 2nd April 2026 shipped on 21st April 2026 Today is 27th April 2026...still in KL Warehouse Summary.. around and more than 30 days from 1st city to 2nd city and received by 3rd city others made in fastest in 4 or 5 days",allow share experience air shipping parcel malaysia order placed march shipped march received self collected april air shipping order placed april shipped april today april warehouse summary around day city city received city others made fastest day,1,negative,2026-04-27 01:47:26,37
205cd6de-b0fa-43c8-94a1-41bb0e7a65db,love shoppe. But Shoppe will suffer a lot for courier services.,love shoppe shoppe suffer lot courier service,5,positive,2026-04-27 01:37:16,7
8f2817da-9dc0-4508-b1a1-f7b8ffa682bf,can't apply loan can't use Spaylater then don't give people that option in the first place la. Remove it for those that aren't eligible ( FYI even if you meet the criteria they are quite biased) . Glad I stopped using shoppee . Missed payments unintentionally 3 years ago till now wanna block the benefits. Damn,cant apply loan cant spaylater dont give people option first place remove arent eligible fyi meet criterion quite biased glad stopped shoppee missed payment unintentionally year ago till wan block benefit damn,1,negative,2026-04-26 16:57:26,32
d5216112-4fd8-43b6-bc50-438e82e756a1,"I top up ShopeePay, but Shopee automatically pays for another app's subscription😭😭 no refund😭",top shopeepay automatically pay another apps subscription refund,1,negative,2026-04-26 16:28:40,8
f40da86e-b992-4ef4-8000-72671d38fad9,"shopee bodoh, beli vip tapi voucher limited baik tkyah bagi hanat",bodoh beli vip tapi voucher limited baik tkyah bagi hanat,1,negative,2026-04-26 16:06:46,10
b5a18e6b-3168-4478-95e3-a5fc9c8eee50,"Yo Shopee, you gotta chill out with your ads bruh. Your app is basically spamming ads on my phone, on EVERY WEBSITE, ANY APPS, and on YouTube as well.",got chill ad bruh basically spamming ad phone website apps youtube,1,negative,2026-04-26 15:50:28,11
afadf4dc-dbc5-4109-964e-5c375b0feb34,Fast & efficient in possessing & delivery of goods ordered.,fast efficient possessing delivery good ordered,5,positive,2026-04-26 15:10:39,6
4c75085c-cb18-4077-8af9-8de771363837,"Voucher dia byk sngt la wei, tktau nk ckp apa, tpi mmg berbaloi shopping pkai app ni😭😭 but so many adds everywhere la, plus they forced us to enter the shoppe even tho we didnt press any button in the ads",voucher dia byk sngt wei tktau ckp apa tpi mmg berbaloi shopping pkai add everywhere plus forced enter shoppe tho didnt press button ad,3,neutral,2026-04-26 14:16:16,24
d1965ae0-7ee1-4ed7-8655-ae97bc77f845,new update very slow,new update slow,1,negative,2026-04-26 13:51:48,3
3886fe46-b0d2-4ecb-a06a-0b6994db370b,never ever downloading this app again because it made my phone hang.,never ever downloading made phone hang,1,negative,2026-04-26 10:41:05,6
6ccf58f3-ef7e-4d51-a2da-119380c08532,"I don't like the CHEATING ways of Shopee, for example in the wheel spins from the Livestreams. If 1000 people watching and the Spin Wheel only offer 100 coins, I can understand, but when only 50 people watching and spinning, yet still kick me out with that error message. This is unacceptable. Also banning me in Chat just for pointing out some unpleasant things I noticed. I can't interact with the hosts I do like now. You do you, Shopee. And my 1 star stays! And stop automating your replies here!",dont cheating way example wheel spin livestreams people watching spin wheel offer coin understand people watching spinning yet kick error message unacceptable banning chat pointing unpleasant thing noticed cant interact host star stay stop automating reply,1,negative,2026-04-26 10:11:37,36
2b823dd6-3988-4027-98b4-c167b81fc688,bad experience. because my email being hack. unable to buy online. bank account unable to use wisely.,bad experience email hack unable buy online bank account unable wisely,1,negative,2026-04-26 09:10:09,11
a1754f22-043f-40fb-9eda-2b1f3519aa15,"Shopee is honestly one of the best apps for online shopping if you’re looking to save money. There are tons of products at really affordable prices, and the vouchers, free shipping deals, and flash sales make it even better. The app is easy to use, and it’s easy to compare sellers and simple to read reviews before buying. I’ve had mostly good experiences as long as I check ratings first.",honestly best apps online shopping youre looking save money ton product affordable price voucher free shipping deal flash sale make better easy easy compare seller simple read review buying ive mostly good experience long check rating first,5,positive,2026-04-26 08:41:10,37
560138fd-87cf-45fc-996d-217f99fd497e,"👍 Great app, everything is easy to buy to find what we want, delivery is also very satisfactory and discounts are always available.",great everything easy buy find want delivery satisfactory discount always available,5,positive,2026-04-26 08:33:43,11
b9fae991-86dc-426e-82a3-9f22573e52e9,"video auto play every time app open, sometime video still played non stop even I already click to other page like game. please fix this broken behavior.",video auto play time open sometime video played non stop already click page game fix broken behavior,1,negative,2026-04-26 07:54:10,17
65c22aba-82c8-491d-82de-2de24face79e,good to have food delivery,good food delivery,5,positive,2026-04-26 06:44:48,3
024fbc80-db45-48e4-ae5f-7d0288d2629d,many seller are sell fake item..,seller sell fake item,1,negative,2026-04-26 06:40:41,4
3f068610-5e40-4584-8fbf-1c643103a6a7,sangat boleh dipercayai..thank you,sangat boleh dipercayaithank,5,positive,2026-04-26 05:45:07,3
35e9085d-9e2c-4b1a-89ce-f37b966a15c2,"please dont default the homepage to live and video, my device always hang and my internet connection drop suddenly, specially when other device are connected to my handphone. Now I can't collect coin because I have changed to a better phone, even deleting the app on the old phone doesn't help.",dont default homepage live video device always hang internet connection drop suddenly specially device connected handphone cant collect coin changed better phone deleting old phone doesnt help,2,negative,2026-04-26 05:32:23,27
2930d6bb-e685-436e-b481-6bc689122c0a,"best, barang murah👌",best barang murah,5,positive,2026-04-26 05:10:10,3
dbafef60-6c9c-4adf-b12c-3e87d839426a,My past seven years buying from Shopee platform has been pleasant especially with its competitive prices and speedy delivery to its self collection centers. My only hiccup is courier didn't make delivery to the center but simply mentioned the center was full of goods & my order was automatically cancelled. I paid the higher cost of the same item for a new order,past seven year buying platform pleasant especially competitive price speedy delivery self collection center hiccup courier didnt make delivery center simply mentioned center full good order automatically cancelled paid higher cost item new order,5,positive,2026-04-26 04:37:57,34
bb75ae2f-0b24-49a5-a787-bb3603d57f86,macam pengemis ya korang buat dengan customer korang.. sampai nak request return & refund pun susah .. padahal product yang di beli tu still under warranty . start harini saya akan stop membeli dengan shopee.. banyak lagi platform lain ..,macam pengemis korang buat dengan customer korang sampai nak request return refund pun susah padahal product yang beli warranty start harini saya akan stop membeli dengan banyak lagi platform lain,1,negative,2026-04-26 04:27:52,30
a58e5207-ad38-46b1-b551-d7c8719731aa,good app to buy anything,good buy anything,5,positive,2026-04-26 04:16:35,3
f29690f1-1275-4550-a61c-a3a5ec1231c0,Jgn percaya dgn delivery 4 jam atau next day delivery sbb semua bergantung dgn ketangkasan kurier.,jgn percaya dgn delivery jam atau next day delivery sbb semua bergantung dgn ketangkasan kurier,2,negative,2026-04-26 03:38:04,15
ddc04803-3e2e-4aa0-bc00-5a4e06b5c698,sangat baik shoope,sangat baik shoope,5,positive,2026-04-26 03:36:43,3
ed2d696a-9cf0-47e5-9704-97573ca1bcba,my apps recently crashed frequently. i hate that very much. opening the apps then automatically going into live/video will crashed my apps. hopefully if i open shopee and go to home page instead is better!,apps recently crashed frequently hate opening apps automatically going livevideo crashed apps hopefully open home page instead better,4,positive,2026-04-26 03:09:20,18
31447ce6-8fbc-41e7-82d4-5303de4c0300,good.. bbalai di shoppe,good bbalai shoppe,5,positive,2026-04-26 03:07:21,3
be7d023f-74d6-4fda-aabb-32388d23e0d4,"ShopeeFood service has become very poor lately. Food delivery is extremely slow—sometimes even after an hour, the order still hasn’t arrived. One rider is forced to handle up to three orders at the same time, which makes the delivery process much slower. Please improve this. I’ve been using ShopeeFood as my main platform for ordering food compared to others, but if this continues, customers will gradually switch to other food delivery platforms.",shopeefood service become poor lately food delivery extremely slowsometimes hour order hasnt arrived rider forced handle three order time make delivery process slower improve ive shopeefood main platform ordering food compared others continues customer gradually switch food delivery platform,1,negative,2026-04-26 02:03:02,39
660208ed-aa81-4ee5-92a4-03de8a5d5df8,"as at today, not yet been scam by anyone. got 1 or 2 scammer seller, but shopee allow return of fund.",today yet scam anyone got scammer seller allow return fund,5,positive,2026-04-26 01:57:11,10
4105f143-7f46-4901-a1f8-641894e0ed56,Dah lama pakai..app yang baik..senang berurusan.,dah lama pakaiapp yang baiksenang berurusan,5,positive,2026-04-25 22:34:22,6
52f5e2b8-80ca-4e20-8f0c-6fe738db95b3,"memang padan la aku rate 1star, bukak app ni je trus masuk live...Update mmg cikai shopeefood restaurant makanan out of stock harga makanan RM8 dia refund RM1.5 je mmg hanat",memang padan aku rate star bukak trus masuk liveupdate mmg cikai shopeefood restaurant makanan stock harga makanan dia refund mmg hanat,1,negative,2026-04-25 17:17:57,21
48e52336-8c90-4cd8-afdd-2420f0666c13,Loud intrusive ads that starts whenever you launch the app. Doesn't even mute when you swipe away. Extremely annoying,loud intrusive ad start whenever launch doesnt mute swipe away extremely annoying,1,negative,2026-04-25 16:37:05,12
3a0022a1-d4d0-4889-8277-94fa6b76956c,app ini selalu kacau saya bila tengah tengok cerita,ini selalu kacau saya bila tengah tengok cerita,1,negative,2026-04-25 16:19:33,8
02bff842-1447-43ee-af10-52b36b542109,"Sarang scammer.hantar item tidak mencukupi jumlah di beli.kasihan orang yang tak faham cara menuntut,janggus duit terutama org yg duduk di pedalaman.",sarang scammerhantar item tidak mencukupi jumlah belikasihan orang yang tak faham cara menuntutjanggus duit terutama org duduk pedalaman,1,negative,2026-04-25 14:27:15,18
