review_id,review_text,star_rating,review_date,thumbs_up
72546d2e-d59e-4f67-a594-26f7c232f49f,good service,5,2026-06-25 08:07:29,0
fe5dd4c3-e9ad-4976-868a-052a88636e8e,app kdang2 pukima skit.. failed utk buat online payment..tpksa set password baru..btul2 sial la app ne,1,2026-06-25 07:38:56,0
5f641429-a969-400c-b5ba-246866ad9b88,good,5,2026-06-25 07:38:29,0
455f1e09-1ae8-4667-aaa5-b97e7d839cb6,"good, easy for communication.",5,2026-06-25 07:36:48,0
3317fdc1-43fb-457e-a8cd-37b0d302ca66,terbaik,5,2026-06-25 07:32:46,0
2e7f361c-4c9b-4c0c-be2d-af606c2317b8,Good app,5,2026-06-25 07:20:34,0
aaea221e-6ce5-4073-bfb5-2c9112704535,this app is very good. because all my order was arrived at my place in a few days. And my order is still in a good piece,5,2026-06-25 07:12:14,0
6bdacc60-9482-4742-ab93-662c8a494b0b,Another app's advertising always link here as such dislike this shoppe,1,2026-06-25 06:38:30,0
8374cb04-9454-42ca-8faa-cd444096bece,I got wrong items shopee food,1,2026-06-25 06:33:01,0
93fcd669-553c-44de-ad6b-f5d648334fc6,top up a bit slow. hate taking pic via shopee when using template. confusing pricing and discounts displayed before and after.,4,2026-06-25 06:30:12,0
d537644c-168d-4a39-8223-c6152300e913,"track order, the update is late, like the update of track order just came up 23 jun, but the data show it 18 jun, if it keep make late update about my item, I think the item is already lost somewhere else.",2,2026-06-25 06:06:32,0
94ffa7b4-1560-4c1b-b586-fde56257068d,"Senang nak guna, memudahkan hidup",5,2026-06-25 05:52:19,0
681a2bbc-446a-41ae-a1e9-24fb841696eb,Tolong Updated shoppe pay later JANGAN Ada maximum payment agar mudah customer bayar lebih sekiranya dia ada duit lebihan. Sistem sekarang kena bayar 2 bulan kalau nak bayar lebih. Buat mcm sistem tik tok pay later.,5,2026-06-25 05:02:19,0
bd50e410-3664-4472-861c-e184f619c5a4,shoope bgus ade bnyak promo,5,2026-06-25 05:00:49,0
085f7775-dd82-401b-9d2d-be0b4b053bc0,bodoh dah update pun sama je lembab,1,2026-06-25 04:57:35,0
f40ec0c9-681f-44e5-b231-0c3ae98a6443,good,5,2026-06-25 04:54:54,0
6ca9e07f-98d7-433f-95ac-828c84ec93ae,Shopee is very user-friendly shopping application. it provides numerous product choices and promotional offers. This is the best platform for online shopping since it makes purchasing convenient and accessible 💯,5,2026-06-25 04:33:00,0
2600ba13-9665-4464-8652-03ad84c18e6e,Great shopping app with many deals and affordable products. The interface is user-friendly and transactions are convenient.,5,2026-06-25 04:25:56,0
2ec96b5e-088f-48b2-9a01-42870ca7ccfe,👑🏆,5,2026-06-25 03:47:35,0
1fee9839-2af4-4ca0-938a-8c1aaed2d35f,nice,5,2026-06-25 03:39:35,0
1878b170-71bf-439e-a0f7-220e9f57aa9a,good,5,2026-06-25 03:30:47,0
4a327097-559c-4f75-a227-aec97c70ce7a,buying like hit and miss..seller can simply cancel the transaction for no valid reason and shoppe doesn't really care any of that.,1,2026-06-25 03:24:04,0
62c58ac9-7b57-44c4-8bb0-f472e8ab0c61,Too good,5,2026-06-25 02:29:06,0
d33fc4e5-43dc-4d5e-889b-126bb9c13ef2,good experience so far..,5,2026-06-25 01:27:03,0
a34a44e3-5990-4b24-9287-c82c71131792,Poor delivery by Shopee Express. No one at support can help. Why is the app keep on pushing videos and adjust my phone volume settings. The app should not interfere with my phone volume setting. Shopee not taking actions against seller selling counterfeit products. No actions after numerous reports to Shopee. Buyer need to be vigilant when buying through this platform.,1,2026-06-24 22:52:55,2
66786ad7-6fed-4348-b596-4b6115aa7ea3,Since have SPayLater easy to purchase and pay. Easy to earn coins so that can purchase with it and enjoy our stuff.,5,2026-06-24 22:18:30,0
9d2f4347-1aa8-4e3d-b065-0767441fff88,I got scammed 😠,1,2026-06-24 20:22:23,0
60e8c7de-2b69-476d-92a1-5993785e1fef,fun apps,4,2026-06-24 19:24:29,0
8f1d46e4-9ab5-41c9-a10d-e89f55652bae,tiap kali iklan shopee muncul mesti automatik akan masuk ke app shopee... menyusahkan saje,1,2026-06-24 19:06:55,0
f7fbc7be-4d0a-4183-bfcf-adcbac030152,"why shoppe,I want search information for my homework in opera mini and your ads always pop out,when I the skip button is already finish count and I want out,it bring me to shoppe app and I lost all information for my homework, because tomorrow my teacher say, tomorrow give me all your writing book and I want check,if who not finished homework I will cane the person who not finished homework,you ruined my day not day almost year or even month.",1,2026-06-24 17:17:32,0
49fe5ee6-bdd4-401b-a603-64e85c941928,"shopee...please! make dark mode theme..we like to scroll shopee at midnight..the light theme make our eyes hurt, if u make dark theme..we will scroll shopee even more!!!",4,2026-06-24 17:16:08,0
d663c9f3-b174-4ce0-8db6-96898e52c359,to many delay maybe is normal is ok..... but delay come on live shoppe maybe you should put setting stop show live on shop item,3,2026-06-24 15:38:10,0
63ee81c8-8895-461c-ac38-9c47b24395f3,I'm annoyed by the huge amount of ads you put on the Internet.,1,2026-06-24 15:16:30,0
fb351156-eff1-475c-8033-5e799c37393c,"Shopee is an excellent shopping app with competitive prices and many discounts. The user experience is smooth, and deliveries are usually fast.",5,2026-06-24 14:43:13,0
3d7e5d6f-74c6-4d3d-a8e7-69edc38567b1,"boleh tolong perbetulkan app ni. Bila tekan produk tu harga lebih murah, bila tekan untuk checkout harga jadi mahal sikit. Saya tak rasa masalah vouchers",5,2026-06-24 14:10:28,0
2b9403e0-4225-47a0-b230-d89e58c7157c,terbaik👍👍👍💖💖,5,2026-06-24 13:59:28,0
4eb40d17-23d9-4e7b-9e51-659843a36b34,terbaik..,5,2026-06-24 13:56:31,0
002a122b-c9cd-453e-ba68-07aaa00ee4b4,Just don't put expired date for coin........sometime when wan buy item and wan use coin check2 aiyaaaa coin gone already because expired date if wan put expired date how about u put is for 6months or 1years exp date so people who wan use coin not rushing what too buy..... anyway for me shopee is the best online shopping apps 😁👍🏻 just my opinion,5,2026-06-24 13:22:11,0
ed5fc8e8-13d5-4fcd-ad43-7181d13a316e,"Easy-to-use shopping app with competitive prices, secure payments, and fast delivery services.",5,2026-06-24 13:16:13,0
5a1f9255-aa39-4956-a0dd-c09dba92b6f5,sial iklan macam barua di mna' ada,1,2026-06-24 13:12:50,0
f538a196-1b0e-476f-801b-86a0c20da249,saya akan berbelanja di shoppee setiap bulan,5,2026-06-24 12:57:07,0
76f9e4d6-df0c-4e33-9986-75939376855f,"Shopee is my preferred online shopping platform because of its competitive prices and smooth user experience. The app allows me to compare products, read customer reviews, and find the best deals before making a purchase.",5,2026-06-24 12:45:44,0
282b8bfa-b991-4952-839e-d76a0773dcdd,perfect,5,2026-06-24 11:50:14,0
07805c68-bc92-4b76-acc3-4af055102d8a,owesome,5,2026-06-24 10:37:52,0
5e7ae77d-29c7-4877-9fbf-aedd6b48b44a,tq.,5,2026-06-24 10:23:54,0
b498cc17-41b4-432b-87f1-b048d072732d,"still 👎👎 scammer mkin banyk, report tak guna..semua diam..tak ada tindakan utk seller yg menipu",1,2026-06-24 10:20:20,0
59a671b4-4aa1-4688-a968-e168657bfb14,good,5,2026-06-24 09:55:17,0
52280594-2886-4209-b956-e5c5c7d62a4f,Best website to anyone this,5,2026-06-24 09:29:35,0
78ab17db-39a9-4f6e-b982-b24c88702826,cant pay with touch n go ewallet,1,2026-06-24 09:25:57,0
08448e2d-8769-43e7-b9e8-2d9062fbf0c6,Good app,5,2026-06-24 09:00:32,0
8cf79c8e-befc-4c48-a7da-173a0984ccce,fasf and trusted platform.Reliable platform,5,2026-06-24 08:26:43,0
deca7564-ea18-4811-9917-60a7af80f60c,good,5,2026-06-24 08:12:56,0
cb7dab4f-ea01-494a-88ca-d966819d5dd0,"Scam Shopee VIP subscription! Paid for 1 year and purchased items normally, yet their special system detected unusual purchase pattern which the information cannot be disclosed, and just disabled those vouchers and subscription. Reported to KPDN for further action. If Shopee can't honour a simple subscription and while the system allows the voucher, then stop punishing users for rightfully using them.",1,2026-06-24 08:07:05,2
10daf0f1-d30e-44d1-b06d-4afa472d7219,good,5,2026-06-24 07:59:19,0
9a3ed8f1-73a4-4135-8911-442c70b1227d,mudahnya dgn shopee...,5,2026-06-24 07:46:29,0
1da6a4d0-482b-4051-89ba-e441a1670f2c,Easy to use app,5,2026-06-24 07:21:50,0
50eb7ac8-3eac-4bf1-9dba-d17458ca9ac1,The coins are more lesser to get nowadays especially when you have using it for a long time.,2,2026-06-24 06:03:23,0
e6e31761-2664-4128-9d6e-f3defa48bcb0,Easy,5,2026-06-24 06:02:20,0
ff39fe7a-f93a-442a-be25-985928f27be9,Good 👍,5,2026-06-24 05:51:59,0
15a49e3a-ad5b-4934-b131-09d514c8fc37,good,5,2026-06-24 05:27:59,0
5f6325f8-dd04-4457-be4b-3c75e174638f,terbaik good👍💯😊,5,2026-06-24 05:13:08,0
2d4ed55f-f4f1-4e8b-add2-b846098bba3a,Trusted n excellent service and delivery,5,2026-06-24 05:00:26,0
369f6fb3-8d94-437d-b6fb-dae1a574f8f2,Lots of affordable options and frequent promotions. The app is easy to browse and makes online shopping convenient.,5,2026-06-24 03:53:41,0
74846593-5e63-4335-ab40-9add59ca7cd5,The best online shoping..👍 terbaik.. 👍👍👍,5,2026-06-24 03:44:04,0
f502c165-2447-4ff8-9559-91c56290857d,benci discover video,1,2026-06-24 03:17:12,0
5a3c5291-ee34-450b-92e2-6a8bfcb3e3f4,banyak membantu kerana barangan mudah di beli dan bermacam produk boleh didapati.,5,2026-06-24 02:29:25,0
c13e1983-d5a2-4055-bfc9-7b70c268e454,lagging siyal buka2 ada video.. takpayah buat macam tiktok la bingai.,1,2026-06-24 01:40:49,1
5c18fb4e-9f70-4301-98e4-7d4cb49d5123,"Easy to buy anything order with shopee,fast delivery, but somehow i cannot open my shopee because a bit issues and i try to chat with the owner shopee so fast respond but didnt happen anything reactions after all",5,2026-06-24 01:31:01,1
a53c57c6-1eda-4e80-a190-8be287bc55c6,very good,5,2026-06-24 01:21:08,0
2941cb94-58a4-4cdc-afad-02347a6a480a,"The apps is so good and saler are also good but now I am giving it one star just because delivery man's bad behaviors, Every time deivery man come and Shout on customer why? with them who are not local Malaysian !! Now I am unstalling this app, and also I don't refer to install this app.. if I say something wrong then I apologize..",1,2026-06-24 00:53:47,0
72faf376-e405-4174-b878-bab95609021c,i love shopee i save all my money on this app!,5,2026-06-24 00:12:41,0
0aca7aad-8aae-4f3b-b108-c7555cd33b07,"self collection restrictions sucks now, voucher no longer works also on self collection shipping too.",1,2026-06-23 23:43:04,0
83237a51-7c18-4c28-9094-e02fd32be9ec,"so good service and I'm always satisfied with what the sellers are offering. Good job,keep it up.",5,2026-06-23 21:29:20,0
a7a64994-573c-4ac0-956b-132de5270fc1,"Happy to use this platform. Very user-friendly. Easy, fast. The important thing is that everything is here.",5,2026-06-23 21:13:30,0
1d6db53a-4f87-4167-9a7d-1444e1127a81,kindly Increase my limit spending,5,2026-06-23 18:39:53,0
99980439-a20b-419c-ae80-6da1852b1dc6,please dont make live and video as default page when opening the apps. its really a horrible choice.or at least please give us an option for us to choose the home page.,1,2026-06-23 17:51:25,0
0fad1c09-c914-402f-9e05-5c16a2566399,ok,5,2026-06-23 17:37:30,0
b4706880-0ec1-43f6-9196-feb5b8308dc8,woi iklan selalu kacau bila aku main game dh la iklan kau je yg buat game barang aku hilang rugi barang game tu aku boleh jual kot😭😭 iklan kau memang annoying,1,2026-06-23 16:54:41,0
f907c8d6-edfa-4b99-9841-fbcd76b79a46,Many voucher to use !!,5,2026-06-23 16:26:55,0
6e511596-5b0e-4a5f-b943-b4a6bf7510aa,Cannot reclaim phone number?? Such a waste of time. Bad service,1,2026-06-23 16:23:37,0
0cf889c3-a99d-4056-9959-591877254445,Good platform and value for money,4,2026-06-23 15:39:30,0
f85925ea-0ee0-4b9f-abf5-4eeb6a83c5a0,wonderful experience going through the product offerings and amazed by the types of products available in the market. I suggest Shopee categorizes product relevance by certain matrix instead of jumbling the most relevant ones with the barely relevant ones,5,2026-06-23 15:11:23,0
b303b6e2-7d0b-4dab-85c9-766942dc7fbb,best sebab gunakan SPX....Mantap sampai terus depan rumah,5,2026-06-23 14:33:48,0
b9ef9c53-e5aa-4a07-b0ec-923e32c04f87,"good app but I think another 3 year shoppe would be relevant anymore, one more things about rate product, to earn 15coin, you follow all instructions, but end up just get 5 coin, I not complain if I do one time, but many time still got 5 coin, it a scam , And daily coin collecting 1 coin, very kedekut nak mampus",3,2026-06-23 14:30:52,0
9f501989-adab-4a41-98e3-e62061ea67c2,stupid shopee bug keep crashing when ordering food,1,2026-06-23 14:04:29,0
7b2a487e-3e7f-44eb-9688-8c8d0df5baea,i just want to buy but shoppe say the promotion has already redeem.All my akun already redeem and back to normaly but shoppe say again that be promotion has already,1,2026-06-23 13:47:00,0
2f1610d2-bebd-479d-bd2e-530ba61d239a,The best App.. First delivery.. tq admin.. the SPX delivered all item..the best target day.. TQ too for SPX. 🤝🤝🤝,5,2026-06-23 13:45:31,0
8ffd7f73-84c6-4c0f-a2d2-01ce00311ca4,terbaik Dan berpatutan,5,2026-06-23 13:29:56,0
b9d84f4f-2fff-4d0c-8dfb-1a04d949dc83,bad. full of AI slop ads,1,2026-06-23 13:22:04,1
4cf8c8b4-ac91-49f9-bd4d-6094eb972c7f,Makin lama mmg mengarut apps ni. How can harga sblm checkout harga lain and after check out harga lain??? Very unfair. How am I supposed to shopping in this platform. Where's the voucher that you've claimed it discounted already? This app is a scam. I repeat. SCAM. I ALREADY CLAIMED EVERY VOUCHER WHAT YOU MEAN IT DIDN'T EVEN UGHHH,1,2026-06-23 13:18:15,9
88dde7d8-4395-4db0-a634-a32e88c62e1e,"pasal knoutout deal,shopee platform ini control ketat, cheating customer!!!!my all friend go for pdd...shopee semakin menyusahkan dan harga pun semakin tinggi,seller bagi tahu shopee kira high comisen!!!",1,2026-06-23 12:16:46,1
8ff9e947-8401-4217-8da2-1fc520214743,pay later block...padahl dah lama abis byr,1,2026-06-23 12:03:14,0
46ff0ca7-7988-4edb-86e0-46a9d77e20f2,"Baru jer guna app Shoppe ni,so far belum ada masalah.",5,2026-06-23 11:21:57,0
6217cd51-cb12-451e-98fd-be86b1f7de57,"Shopee has become one of my favorite shopping apps because of its user-friendly design and extensive product selection. The search function works well, checkout is fast, and there are often attractive deals available. It's a great platform for finding almost anything you need.",5,2026-06-23 11:05:02,0
6aafb6b4-7280-4cc9-ab10-20a460697b0f,mantap la shopee,5,2026-06-23 11:03:45,0
5884c14a-3834-40ae-8e45-98d5bb190c2c,"Pantas & Cekap: ""Servis terbaik! Penghantaran sangat pantas dan kurier sangat peramah. Terima kasih kerana menghantar bungkusan saya dengan selamat.""",4,2026-06-23 10:29:17,0
93f32810-9e4d-4f01-b63f-b1f76ceafa9d,Best platform to buy things from.,5,2026-06-23 09:47:32,0
dc2786d7-0c65-4dba-9010-2419286f0f5c,"The app is easy to use, with plenty of product choices. I especially like the vouchers and free shipping offers, which help save money. The checkout process was simple, and my parcel arrived in good condition and on time. Overall, it's a convenient platform for online shopping.",5,2026-06-23 09:09:35,1
9e0bed8b-05ca-4997-bb97-d2600b597bad,love it,5,2026-06-23 09:08:43,0
74166d62-5682-4ad4-9cff-db1f3831d33e,good 👍,5,2026-06-23 08:37:21,0
74056472-0d0c-4761-bf7a-71b458a7d449,Shopee App easy to use with good pricing and services.,5,2026-06-23 08:04:00,0
17e502e2-897a-4ed3-8b3f-fa2ffc035835,Lots of savings.,5,2026-06-23 07:53:53,0
8ec3be00-8f76-44f6-8ade-813e9c71a6ef,ok,5,2026-06-23 07:46:04,0
3df60832-016b-4059-915a-a4b6cd25da1a,love buying at shopee,5,2026-06-23 07:31:11,0
8135e9ec-610d-4a76-9d60-d8ef253d5615,free shipping really means free shipping.,4,2026-06-23 07:27:25,0
ec6e3fd3-1d45-4546-9a72-a0bdd6029ac6,"- Tricky policies to redeem vouchers - Advertising price is lower than check out price bcs diff eligibility (then why show off Shopee Lebih Murah) - Technical issues with app like a lot of time. Found new platform that can beat their price significantly, going to sign off Shopee pretty soon",2,2026-06-23 07:25:21,0
4fc0c6a2-2a71-4b4b-a771-89639875e55b,"I love shopp-e, I can shopping spree all I want!",5,2026-06-23 07:22:57,0
286d4ed1-3511-441f-95cd-95c8e2172236,i have depression because of you,1,2026-06-23 07:17:47,0
67a724ee-1ece-4ac6-9bbd-8d71c1077eec,mantul padu,5,2026-06-23 06:55:07,0
1dabeb0a-dead-4461-9852-a527dda5fdbd,"more excellent and good service, nice packaging, safely arrived, thank so much seller...best app forever, good recommendation to all service,",5,2026-06-23 06:29:06,0
88a012ef-4dbf-42eb-8958-897d95e2da8c,Plenty of choices for every product for all price ranges. Return process is easy.,5,2026-06-23 06:18:27,0
a7c2e254-107b-4e34-994e-aaaca25925c2,Very quick delivery.,5,2026-06-23 05:55:25,0
68a64498-ae09-4b21-b459-69fce89172fb,"Shopee is extremely disappointing with its fake promotions. The promotion is displayed as if it is still active, showing RM0.00 at checkout, but when you press “Place Order” an error appears saying the promotion has already been fully redeemed. If the promotion is over, why still show the discounted price? This is clearly misleading and wastes customers’ time trying to order something that doesn’t exist anymore. Shopee should be more transparent and professional—do not allow fake prices to appea",1,2026-06-23 05:32:56,0
896a8059-7920-4bac-89e6-1b27edeaec24,Good App,5,2026-06-23 04:54:10,0
c8deec0a-0402-4f09-ab93-c67aabb6516c,terbaik !,5,2026-06-23 04:53:22,0
76ae5eff-33d1-4871-bdbb-f47266165494,App keep crashing. stupid,2,2026-06-23 04:37:07,0
a2367676-3501-4ac7-930c-b52f54468748,"A popular Southeast Asian shopping platform. Pros: Competitive prices, easy-to-use interface, many sellers. Cons: Product quality can vary due to many small sellers. Best for: Daily items, affordable shopping.",5,2026-06-23 04:15:30,0
13d91fd5-7896-4162-945e-001d6b1c57b9,good,5,2026-06-23 03:54:31,0
b2f9add3-deca-417e-9b9c-15e1a209bd26,"To all Shopee users. Please BEWARE with Shopee PayLater. Shopee will never give us a Current Unpaid Balance. Shopee splits our payment period without getting permission from us. For my case, I already over pay but Shopee splitted the repayments to 1 year which is I never consulted!! I asked for the current updated unpaid balance but Shopee never gave me!! Shopee is now became SCAMMER?????!! I will initiate a formal complaint to BNM (Bank Negara Malaysia) later!",1,2026-06-23 00:33:50,15
34511433-6f25-461e-8e9b-d0bbd61b1063,"After updating the app just now, I can't share product's link to WhatsApp anymore. Even after restarting my phone!! WHY?????",2,2026-06-22 23:56:20,0
f7d360a1-b22b-4fbd-acba-4e93cd51fd58,weloveshopee,5,2026-06-22 20:28:13,0
186cff5a-71cd-4398-9dd0-0e9d8b062a90,Works great and makes things much easier. Recommended!,5,2026-06-22 17:06:39,0
35f8721e-01f5-4149-a0dd-f8581963fbe3,perfect,5,2026-06-22 17:00:59,0
8f355e48-a7e6-4a36-a7c9-97da9cdbb17f,love sumpah love gila banyak voucher free item,5,2026-06-22 16:45:06,0
1b047ca5-0db1-43e5-9902-9badd81ba3ce,menyampah betul buka app je keluar video dah la sound outomatik di slowkan apa ni????tgk video dpt coin tp tak dpt coin pon cm scam je lebih dari video.harga kat main page lain bila masuk troli harga....,1,2026-06-22 16:28:02,3
33ce8c44-2a22-403f-8c90-5f72ce6bdd95,BLURRY PICTURE,3,2026-06-22 15:23:22,2
0bc8525b-f6be-4447-bd31-8cf7af301e6c,"hi, could you please make an option for dark mode to ease the eyestrain? thanks a lot",4,2026-06-22 14:18:42,0
f1509f79-5e4e-4a51-8d64-c11097fd7993,video tab annoying.. dah keluar apps pun masih duk main lagi Audio di background.. smhh... Now recommendation naik Minuman Keras pula ? wth,1,2026-06-22 14:16:23,0
e33c1d5b-8c75-4573-a24d-e57d84472b93,Good,5,2026-06-22 14:13:48,0
a8651266-0aa2-42ac-bad0-0deb444b2722,Nice App Shop online,5,2026-06-22 14:08:12,0
107ddeec-8c09-4928-9701-e2f463c56a36,new feature of rating on product is bad. it's too complicated to rate and get 20 cents. i ended up get 3 cents per review. i will not waste my time to rate again.,2,2026-06-22 13:56:12,0
911a44aa-2f78-492a-8b16-b2468f134ea6,too many ads anjir,1,2026-06-22 13:17:07,0
2840c0b2-4f22-478c-8b23-c406ac9245e1,good,5,2026-06-22 13:11:23,0
e2ec109f-77e4-42ce-9d8a-ad7f657652ec,Nice,5,2026-06-22 12:16:52,0
de294367-de56-4fb5-a9ed-bed35c4b1439,good,5,2026-06-22 12:14:07,0
1cb20152-b53a-4b03-912a-ae9776b058e9,在购买的物品下评论了却没有给coins，骗人,3,2026-06-22 11:58:47,0
99ded25c-fe43-4d27-afdf-f91c67f20e41,"I had to, because this app's ads are terrible, always forcing people to get the app, STOP ADS that are forceful to users (I'm talking about the shopee ads that in other apps)",1,2026-06-22 11:28:10,0
97ff881d-5bcb-4f8e-b92b-4f3d915dad89,good aplication and east to use,5,2026-06-22 11:21:43,0
eb6f1af1-4dae-4664-8284-e3e11cc9fb38,very good,5,2026-06-22 11:14:17,0
1def4914-e755-4cf6-a7da-d97edad06559,hantaran sangat cepat,5,2026-06-22 11:14:08,0
4ad52e53-a4bf-464a-bb77-45b3d415d6b0,Excellent,5,2026-06-22 11:11:45,0
37f260aa-ec11-41a2-81fc-c9db15cf0418,7pm voucher is a scam,3,2026-06-22 11:04:39,0
c39e14f6-66c6-4ce4-811d-17e80cd79898,"worst customer service ever, I did everything they ask. not only they didn't help they keep asking for the same thing over and over, I have ask them for help getting my phone number from a old account I forgot password and can't login in to my old account they tell me to login into to the old account so I can delete the phone number off the old account??? I have call them and make a 5 enquiries in the last 2 week they still haven't fix anything I have proof I'm the owner of the phone number.",1,2026-06-22 09:50:08,0
cd6b206a-b8db-46ad-a618-a403d9da9304,easy to shopping,5,2026-06-22 08:48:21,0
08dfa036-994b-43d4-a932-4cd99b641dc8,good,5,2026-06-22 08:00:07,0
ce17b2e4-526d-4553-8265-ba71bf33ae0d,ok,5,2026-06-22 07:30:43,0
7a0e49e6-0b35-4bcc-992c-824c8b7cf699,Shoppe terbaik,5,2026-06-22 07:29:33,0
8c96c211-4bda-4836-86fd-24126ee9e6cc,"stupid,they send my parcel to the wrong place even though my parcel supposed to be send at 46 but they send to 34? not only that I didn't receive my parcel because the other house already take my parcel. I'm so mad!! I already put to the right address. I realised my parcel being received by them because of the photo and the photo clearly show house number 34 not 46!!!!! Stupid!",1,2026-06-22 07:27:37,0
54a572d3-8922-4fca-83a9-99c1cd384ad6,unable to disable shopee live when start app. very annoying.,1,2026-06-22 07:07:58,0
0209b036-61dd-4b3d-a911-46c4575aef10,flawless and easy to use app,5,2026-06-22 06:39:14,0
80e428b4-411f-4be2-b6e4-afff4882d553,"Fantastic user experience with unbelievable discounts! The interactive games, free shipping vouchers, and live streams make online shopping incredibly fun and affordable.",5,2026-06-22 05:45:42,0
8cefaaa1-bc8c-4a48-8f25-42648b73d653,nice app good service,5,2026-06-22 04:24:22,0
ec999024-c1e9-4165-b2ca-81cef4a70dd6,Sorry shopee. Sebelum ni mmg syok shopping sini. Tp bila dah tukar ke standart delivery ni terus xminat nk shopping sbb menyusahkan. Ada ke patut kita tak boleh pilih perkhidmatan yg kita nak. As buyer kami tahu la perkhidmatan kurier terbaik kawasan sendiri.,5,2026-06-22 04:17:09,0
aa092da3-5f21-4a2e-9f5a-cc59e72a3f4e,"I've installed shopee with my two phones using the same acc, so whenever I want to log in, I can claim the coins anytime. but the thing is, almost 1k coins I lost because of this app!!!!! I claimed my coins on my iphone and saw 1085 left but my android is 1933!! then log in back with the android one, it became 1085 too WTH LAHH U THINK I COLLECT IT WITH SALIVA OR WHAT???😭😭😭",1,2026-06-22 03:54:23,0
c73d9dc5-924e-4375-8cce-cc392b9dbabc,easy and fast services..,5,2026-06-22 03:48:13,0
674d282c-eb04-4676-9a66-cd8658762a17,Excellent,5,2026-06-22 03:27:45,0
7e9cc1f2-dcf4-4b95-ba68-f7828a27262c,不错 很快,5,2026-06-22 03:27:26,0
938ac221-907f-4c2c-bf97-18a297ffc0dd,"Shoppe selalu buat sale tiap² bulan, beli barang time tu mmg murah.",5,2026-06-22 03:11:45,0
505c9bef-7b94-463a-806d-7a5165a087f6,thank you for this product,5,2026-06-22 02:58:25,0
ceb3e383-d8b3-4918-9f8b-3ec296a11373,good,5,2026-06-22 02:30:13,0
37061545-66f7-451d-a57d-f7ee56742a00,sangat baik,5,2026-06-22 02:06:55,0
cb6ea616-4cd9-41da-a055-ba233bde6281,good,5,2026-06-22 01:29:17,0
9d85a789-4e22-4ff4-a765-45cfa4e2585d,walao为什么在搜索栏一直有女性高潮喷水的字眼,1,2026-06-22 00:45:56,0
10a5ac59-db71-4ad1-aa07-fd24562c4fae,"""Please try to control your Shopee ads first. They are very annoying and disruptive. Please reduce the number of ads because they are seriously disturbing the work I do on my phone.""",1,2026-06-21 21:55:25,1
391bfb2c-9d43-4ec5-af38-753ca69b64b9,my Spay later gets ban after late payment & now cannot be used..i've paid all outstanding & they keep chasing me like money lenders quite rude..now when i pay my spay later is blocked..haha,1,2026-06-21 18:03:40,0
697b1b6e-6900-4a92-af48-1563bb88ec10,good,5,2026-06-21 17:17:13,0
0408d0b7-b11f-4078-b8db-e0a9c58e1216,"open app.. straight to video, go to Search bar, music wont stop, uninstalled and installed again..same...music wont stop...sigghhhhh..so annoying..make me forget what i want to search.....fix it!!",1,2026-06-21 16:53:28,2
888e36ae-6078-4387-a90e-4f33d09a1f45,"I really think Shopee should add a price history tracking feature for products. Right now, it’s hard to know whether a discount is actually a good deal or if the seller increased the price before a sale campaign.",3,2026-06-21 16:49:21,1
127f91ed-6cf9-4b54-be8f-e671a18d21da,very good shopping experience,5,2026-06-21 16:05:52,0
b0a9b4ab-6346-424f-8ccc-f6ad309ce26b,nice,5,2026-06-21 15:32:37,0
b13f3d0b-ebf7-46f0-b0b3-1e66f9c1d553,"Just like everywhere, there are good things and bad things, similarly, there are bad things and good things in the Shopee app. I just ordered JBL earbuds, which are very Useless",4,2026-06-21 15:03:18,0
16156c79-8432-4a9b-9b91-f179937a6b83,easy peasy,5,2026-06-21 14:00:35,0
bd490d33-555d-4b71-86ac-3878643d0c2d,Shopee's aggressive approach to advertising forcing the app to open when just trying to read an article. Proceed to alienate your users further. That certainly will increase user experience.,1,2026-06-21 13:53:07,1
a6b24e8f-2eab-42f2-acbf-b3d8d01a58c2,Fast and reliable,5,2026-06-21 13:21:41,0
f406d5a6-e0e6-4919-b4e6-e1919b14bf60,good service,5,2026-06-21 12:51:05,0
b1c715e9-c810-4695-bd69-6008504623e6,I like it it's very affordable and good quality,5,2026-06-21 12:46:17,0
fd461aeb-80b0-42d2-b256-a6e58d74bc83,good,5,2026-06-21 12:31:21,0
fca157b5-aa31-4a10-ab32-c2af1049c41b,jimat masa dan penyediaan bayaran mudah.,5,2026-06-21 12:29:47,0
4fd68e8c-c632-4ced-807d-6cd6763803dd,"I love shopee,it's cheap than tiktok. but actually I have 2 device,and i'm using the same number,because I don't want to use my money to buy simcard more,so shopee please allowed us to use the same number😓🙏",3,2026-06-21 11:59:19,0
57b652c4-6373-4a60-9f65-3b0da4ec4852,excellent experience,5,2026-06-21 11:42:57,0
39d15c4f-065e-4df8-a638-b4d3771f2e40,super apps for online shopping.easy and trusted..shopee,5,2026-06-21 11:40:10,0
e71aec0b-df8f-44c0-9cd2-85220f3218c8,good shopping app,5,2026-06-21 11:37:54,0
14fa14a0-fd2b-4a40-ae4f-4e763a3fb54f,Terbaik,5,2026-06-21 11:35:57,0
ff655e3d-8597-4aae-a253-9f2c46dcf76f,nak dpt 20 coin pny ssh. padahal brg tu kt dh beli.penipu,1,2026-06-21 11:21:55,0
169edbdb-115b-4cc1-a036-b8b9cf02ce70,good service,5,2026-06-21 10:58:54,0
2b31a687-28b8-40f5-84eb-b51bb6b87a4d,"shopee food gps really useless, i complain many times wrong address, a few times is myself pay rider transport fee to send order to correct address got one time shopee agent ask me check address before make order funny is i see the address is correct at first time, but i didnt make order, i go claim voucher then make order, after some times found is wrong address! i even chat with three agent, finally manage chat with rider, rider say no shopee agent contact him, but agent stated case solved",1,2026-06-21 10:27:30,9
418a4515-3a50-4dbd-baf1-2e621630807f,good,5,2026-06-21 10:26:02,0
77a5ca81-13b4-4911-a214-9f6861c03766,always lag,3,2026-06-21 10:24:17,0
19262d9b-3772-49b9-b612-87b915561647,Great to shopping with shopee..,5,2026-06-21 10:15:27,0
7a5f3733-b37f-4fd8-b16c-57ca53667a82,puas Hati Beli d shopee,5,2026-06-21 10:07:37,0
6f360ffc-5644-4eb8-88a4-d35a7371cb1b,very good 👍,5,2026-06-21 09:58:42,0
0cec4510-2eb2-4a6e-9731-165ee0211482,good,5,2026-06-21 09:18:30,0
b9bf4798-7bc2-4dd0-92c9-9e4b09409c73,"App stuck&bug,doesnt give more relitive with word.Chart now no more can update,stuck.12day waste a month.get 90% bad thing more than good often buy.Already not as look 8-10year ago.",1,2026-06-21 09:12:16,0
1e405287-ed96-44d5-8a65-cd58435e177d,better than sopping mall,5,2026-06-21 09:09:34,0
6f0a2d1e-24ad-4b4f-82bb-c47fb5e9a573,Recommended..,1,2026-06-21 09:04:48,0
2d0d9787-9391-44d6-adfc-c0505bfc3b61,app keep opening at videos,1,2026-06-21 08:49:45,1
52e3ce14-a5b8-409d-a913-0b7b91d7d83c,incredible app I appreciate this app can refund and I can pay it at 7 eleven,1,2026-06-21 08:37:22,0
065fdbfb-e558-44b9-980c-c1eb466ac1b3,Fast service. Easy refund/return.,5,2026-06-21 08:34:31,0
f1704c1f-9f0d-4d13-a9f7-d483074b7a05,bole la pake keperluann,4,2026-06-21 08:13:09,0
bb19718e-7c08-4b90-9ea9-bd458159fbd4,"So far, so good using Shoppee.",5,2026-06-21 07:30:49,0
cd8edd46-27b1-4b38-be12-5104be07fb68,"I love using Shopee. The app is easy to navigate, deliveries are fast, and there are always great deals and vouchers available.",5,2026-06-21 07:13:01,0
39dfedb1-56a0-4fff-8676-acc110dee1d8,"i love this shoppee app, very useful for me.",5,2026-06-21 07:01:17,1
2f7b6a4a-a025-4412-82df-747d79d4e92c,incredible app and it is becoming even better with functionality. but worst thin I don't like is the shopee sound that comes all of a sudden. I've anyways disabled it.,5,2026-06-21 06:59:25,0
38165f0f-2ebe-48c4-8e10-6c0d0c4f704a,rak smooth...,1,2026-06-21 06:28:21,0
34fecf5a-b69d-46ac-930e-3074d1173092,"Very disappointed. The 'Shopee Great Deals' promotion feels misleading because it is presented as a voucher, but the actual savings are not as advertised. Customers may be led to expect a better deal than what they receive. Please be more transparent with your promotions.""",1,2026-06-21 06:11:31,0
a8667132-bfc6-40f3-b020-d2eee87517c7,good,4,2026-06-21 05:29:07,0
f3e60474-0713-42f6-ac1c-ac848f269894,every time I want to use a voucher it keeps saying that I have redeemed it but the thing is I don't even use vouchers for a long time,1,2026-06-21 04:43:10,0
70489f8a-ba47-4d19-acba-c663b94a8bd3,"Easy, fast, and more choice",1,2026-06-21 04:11:17,0
fe7608e1-b898-4b0b-9788-9a3e775f44e6,great.. but some items should be available for COD.. not just BANK-IN ..otherwise just good,5,2026-06-21 03:18:19,0
f330b757-fef5-48e8-a4ee-37215fb1b1f7,The best shopping apps ever. Tq shopee team,5,2026-06-21 02:46:31,0
1e1271d1-538f-45a9-bf05-0300e225ce31,"Shopee is the worst app because when I go to any other app, that app and Shopee ads are very annoying. I think Shopee apps steal data from everyone's phone and violate security by tracking the phone.😡😡😠🤬😤😤😤🤮🤮",1,2026-06-21 02:32:26,0
d92eafb0-4fdb-43af-9509-4125fac9859d,"iklannya,😭",5,2026-06-21 02:09:12,0
6fa08405-27b8-43e1-84a0-f27fca9e6512,good,5,2026-06-21 01:54:55,0
c8a444c3-98da-4154-af31-fab204c5bee4,nice,5,2026-06-21 01:49:32,0
7c35253a-5687-47f1-ac19-6b3237402b67,The app became terrible after the startup page defaulted to the annoying Live & Video without an option to turn it off. Who gives them the right to reset my volume setting? That's intruding my privacy.,1,2026-06-21 01:32:59,1
3c32e420-22ab-417a-8e34-ff703838ade8,Cool app,5,2026-06-21 01:19:29,0
3142b9bb-1c30-40ea-95e2-15b120d9c4fd,"App wajib install, lubuk barang murah! ""Selalu sangat poket bocor kat sini sbb banyak voucher free shipping dgn coins cashback. Sistem Shopee Guarantee dia buat kita rasa selamat nak beli sbb seller takkan dapat duit selagi barang tak sampai tangan kita. Terbaik!""",5,2026-06-21 00:24:07,0
911a8c46-786f-430b-8e80-d1cffdb1dcd9,terbaikk shoperr,5,2026-06-20 23:29:15,0
f0d162fb-0387-4376-b60c-3324eb636045,very convenient,5,2026-06-20 20:10:00,0
0b0321be-2115-4b24-bf32-6f3d86182d38,so bad online pay the payment .,1,2026-06-20 17:17:04,0
5839559b-c994-4dc1-bf39-144f34b02c86,Refund policy is rather tricky. Need to be super careful,1,2026-06-20 16:32:53,0
d1eb00cd-465a-4597-a6f0-1ddb62e25ae9,"shopee ads on other platforms are annoying. like why does the ad bring you to the shopee app so suddenly? it's annoying. and the way the ad shows a fake exit button, it's annoying. you already got a lot of users so why would you still promote your app in this pathetic way?",3,2026-06-20 16:29:05,0
818322f9-129b-486a-9d7a-b3e748204395,I cannot reclaim old account because of the dumb system disallow me to do so I'mma delete my fuffin account,1,2026-06-20 15:35:10,0
4b0420cf-8f18-424a-83f8-cb502e9acfa3,🎊👍⭐⭐⭐⭐⭐⭐⭐💯,5,2026-06-20 14:46:06,0
478ced68-03a7-4266-994c-c6ead465727e,terbaik cepat,5,2026-06-20 14:38:59,1
aef91b26-d7fb-4521-9e9e-6901634cffc6,kurangkan iklan,1,2026-06-20 14:34:49,1
f37d68d2-158e-4926-9d80-281d3c8e87e0,nice app,5,2026-06-20 14:13:06,0
eed1421e-2a42-4053-af42-18aa2a6e6dd4,"on opening app, video pops up, making annoying noise. tried everything, including clearing cache, reinstalling, etc, NO USE. ask you programmer to correct this error unless it's deliberately put it. In the past, no issues",1,2026-06-20 13:47:15,1
e436b307-e170-4f26-86be-c8d38e46efea,Terbaik service,5,2026-06-20 13:46:54,0
afe25605-f2d7-4055-9790-8b531697fb94,so far so good,5,2026-06-20 13:22:13,0
e7528a28-f864-4ff5-85e1-6699dfcc831a,"Shopee, I've always been using the app as my first shopping platform to look for the items I've been searching for, and so far, you've never let me down! So I'm wondering if you could add Touch'n Go eWallet as one of your payments. I'd be really happy if you did! Please add.",5,2026-06-20 13:16:24,0
7ca5560c-e2bf-47da-bf0b-f3c7ca3296e0,"So many video advertisments are AI generated, looks unreal and disinformation",1,2026-06-20 13:04:25,1
753bedb4-97e8-4b0c-a352-174ac87b3abc,good and nice to use it,5,2026-06-20 12:32:17,0
383713f8-8672-44eb-b44c-b17f5da25a21,good,5,2026-06-20 11:43:01,0
22e38748-430a-453f-87eb-b4412e9abe85,Banyak barang jualan,5,2026-06-20 10:56:17,0
de346e20-8875-49ef-b5fd-75579b10be00,good,5,2026-06-20 10:54:32,0
8469f11d-fc19-4f9b-a3a6-fa6578de17ae,I would like to suggest adding Samsung Pay as one of the payment options on Shopee. Like Google Pay and Apple Pay.,1,2026-06-20 10:09:31,0
10aa4d8d-6f7c-43d6-96b0-ff0ebaa8daf5,Best app's i ever use..,5,2026-06-20 10:07:18,0
28911c4e-d827-4f3e-9ca8-8c392bae4e03,user friendly app as it is easy to use,5,2026-06-20 09:43:42,0
4ebb1384-7976-4819-a207-f6df53d0222f,"The recent Shopee app experience has become very inconvenient. Every time I open the app, Shopee Live starts playing automatically. This is annoying, distracting, and consumes unnecessary data. Even worse, it is not easy to close the Live video, and sometimes the audio continues playing in the background after the video has been closed. Users should have control over their own app experience. Please provide an option to disable Shopee Live auto-play.",1,2026-06-20 09:39:45,2
e9270217-fa79-44d3-9fd1-cae5c7fd08b7,"Good, easy for communication",5,2026-06-20 09:39:04,0
b3686208-8d64-4e6d-b6f3-d8fc23acb15d,"banyak sangat iklan kat app lain , menganggu",1,2026-06-20 09:14:29,0
229df6cc-19e6-4a8e-a4e5-de5035c13683,bagus pulang tapi sampai nya barang atu lambat berabiss.....,5,2026-06-20 09:13:00,0
af9dce4d-b0fe-4416-82ed-c68ab1b362ea,best online shop...most trusted and easy,5,2026-06-20 08:37:45,0
22215ff8-eba7-4589-a46e-30d8cf3a78d1,accurate timing,5,2026-06-20 08:37:10,0
7b3fdb0e-feb7-406f-b173-236ba2a07d99,nice,5,2026-06-20 08:15:41,0
ab15c155-c6c6-47b8-a962-ed6bcb2daaae,So far trusted beli barang sini. Delivery pun update real time.,5,2026-06-20 08:14:17,0
7f7e470e-811e-4d9a-ade3-a010382e94b8,Memang tip top,5,2026-06-20 07:10:27,0
10df2e7a-37ea-4aad-9532-03202ab08cc7,nice shop,5,2026-06-20 06:19:57,0
f7a3d061-12c2-4274-9b9d-73d2ab7f32f6,too much add at other apps and certain website come on dude you already famous,1,2026-06-20 06:10:39,0
5e408767-e265-46eb-a379-e1a298c0366a,good,5,2026-06-20 06:08:32,0
60764d8c-7d2e-4c69-ace5-b921fc14d0a3,Can get more cheapest price n better services.,4,2026-06-20 05:47:43,0
c0bb36ee-328d-454e-bd7a-d2764e544fa5,Easy online shopping.,5,2026-06-20 05:46:46,0
4881210c-261e-43a4-a844-97cf4b548d23,"• VERY³ PERFECT PACKAGING.👍10🌟 • exellence service & fast respond.👍10🌟 • worth buying and with zero problem.10🌟 • delivery from China, ngam² 7 days.10🌟 • u will get what u ordered, very trusted Seller from China.👍10🌟 ••••••• 20th June 2026 ••••••• LATEST UPDATED REVIEW Now, Shopee is the No.1 Online Shopping Platform in Malaysia !!!! #2 Tik-Tok Shop #3 Lazada ✌CONGRATULATIONS SHOPEE👍",5,2026-06-20 05:20:06,2
260c7958-047c-4317-bba8-6368cec038e9,very very good,5,2026-06-20 05:19:34,0
f30a67d6-f91a-42df-9958-6b7ab71cce07,easy to use only one problem with topup wallet,5,2026-06-20 05:14:24,0
18c812d4-4ca2-4c55-b2cc-0938a6e803df,"it works well, but currently I'm having am issue where i can't open shop's details and reviews, prolly can't blame on my 16 android version.. it only shows white screen while payment interface on the upper screen",2,2026-06-20 05:10:20,0
6c3eebf0-ffc2-4c65-b04a-9454c25cadd9,"Beli barang ok, tapi utk aktifkan shoppy pay, pilih bulu, sampai sekarang tk dapat aktif tanpa sebab yg lain. Asik sebab yang sama. Hanya bagi harapan palsu bagi tarikh sekian2 utk aktifkan balik, tapi haram jadah sampai sekarang tak boleh! Sorry rate turun. sorry shoppe, rating turun klu boleh sy nak turun kan pergi satu star, dah akktifkan shoppe pay later, tapi utk apa itu jika hanya rm100, ingat saya ini miskin sangat ke, takut sy tak dapat bayar balik!! rm 100 utk ape jer, beli tisu tandas.",5,2026-06-20 05:07:58,0
91d1082e-79fb-429f-9170-7943ea9dc783,Good service,5,2026-06-20 04:02:04,0
7565d4c1-deb8-4c88-9cc0-87630c27ea86,good,5,2026-06-20 03:58:54,0
f52306d6-f521-441e-b276-dc650dcefd47,tlg buat shopeefood byar gune tng pliss,4,2026-06-20 03:50:57,0
e410aae2-407d-4b76-87ea-e8a19775caae,Boleh la guna,5,2026-06-20 03:30:46,0
b79dcc42-39c2-4550-be16-0012be624ff1,I want free shipping,5,2026-06-20 03:03:56,0
f7064ad5-e8ef-43e4-a18a-e3db6586344e,"tolong baiki tab video, bila buka apps terus ke video, tekan home, video played dekat background. masuk apps nk beli barang bukan nk tgk video.",3,2026-06-20 02:39:25,0
04c02f33-1817-456c-acca-b5628053253c,"Great shopping experience. Fast delivery and good service. Thank you!""",5,2026-06-20 02:36:00,0
5b81ef64-5b7a-4482-abdb-fd48c68d2454,it's a good shopping app with a very low price.i got exactly what I order. please go for it,5,2026-06-20 02:20:28,0
37f5c0f7-dc98-4cce-a1de-54863fc4bd49,good,5,2026-06-20 02:08:17,0
1c2079fa-9722-443f-a9bc-3a3d3a9cbc70,can you stop appear in ever goddamn ads. I wish there's a way for me to at least block this app,1,2026-06-20 01:41:54,0
4c30f9b8-b9dd-45ea-a0ed-4fda8e034347,good apps for online shopping. very fast delivery. have so many low price and good quality product,5,2026-06-20 01:20:32,0
4b318285-e285-411e-903d-e4ae7f849f8a,"Shopee is an excellent e-commerce platform with competitive pricing, frequent discounts, and a user-friendly interface. The shopping experience is enjoyable, and the app offers various useful features that benefit buyers and sellers alike.",5,2026-06-20 00:03:07,0
42741417-dad8-4d6e-a6d6-c3c8c6e0536b,efficient and faster apps to buy what I need,5,2026-06-19 23:33:57,0
53ae4963-2389-47d1-b1e2-c1909b9e66c4,good app,5,2026-06-19 22:25:32,0
e2f370c3-0520-4ef2-80d6-ac7c1b2e2b94,"every 5 store advertisement is Ai and it is completely different from the actual ads, Come on Shopee.",1,2026-06-19 22:06:02,0
6dc0d5d9-2846-4406-ab2d-cb320eed2ba1,always be no 1 apps to purchase anything I needed.,5,2026-06-19 21:54:01,0
c9cf8d76-9e0a-40af-b61a-1d74daddd510,"shopee made my life easy , love it",5,2026-06-19 19:15:14,0
af06835a-e231-42f9-a9c7-1c57c746667a,Shopeefood for the win!,5,2026-06-19 19:12:51,0
67798e9b-623d-40f4-a44d-f3ce4fb36951,Most annoying pop up ads,1,2026-06-19 18:05:12,1
8b5aa706-f15e-482b-9673-d5b5fb9f61e3,no free coin for review,4,2026-06-19 18:02:02,0
0f41307b-bf33-43b3-884d-8be9e55368ca,aplikasi yang mudah digunakan..Dan diyakini ramai,5,2026-06-19 17:52:10,0
633d6e3f-d38a-4068-b5d4-9a8ec8bf875a,ok untuk penjual Dan pembeli,5,2026-06-19 17:46:08,0
a7a7650d-7aec-440c-bba9-3f2a8005c8c0,mudah nk cari brg semua ada..harga pn murah Dari kedai..byk jgk la diskaun shopee bagi..cuma kena pandai pilih brg original ataupn tidak,5,2026-06-19 16:52:39,0
713e0dd2-ab85-43d8-8897-f203ad10a64e,So many vouchers + free shipping. Live & video make shopping more fun. Shopee PayLater is convenient. Sellers are responsive.,5,2026-06-19 16:51:29,0
ab7cdacb-4ff9-4ac3-a99a-2576c7e06c68,Why default still open at the live & video page?!!!!!!!!!!!! Click any page also have sound!!!!!! And the shopee farm games still not working at all!!!!! All phones also same problem!! Please fix it!!!!! Open only the homepage!!!!!!!!!!,1,2026-06-19 16:49:19,20
f6143805-e37d-4de2-b5ca-d6b210f4ce6c,got variant of thing and choice but cheaper,5,2026-06-19 16:34:48,0
6e33d7f9-578a-4c9b-96a3-22610431b8a8,🌟🌟🌟🌟🌟,5,2026-06-19 16:11:27,0
7ce7f961-7260-490e-93fb-a04c68a35b89,How many updates in month? Yes! There are many problem with Shopee app for pass one and two month. On Shopee food section in Gardener also Coin the 30 second timer not came out. You need go out and enter the shopee food page second time then the timer emerge. Banyak leceh wooo.. Sebelum ini tiada masalah seperti ini,2,2026-06-19 15:58:43,95
219a333c-cf0c-4e7e-960c-b464b530c532,"Entah la tak tau apa yang harus saya katakan,saya sendiri bingung memikirkannya.",5,2026-06-19 15:32:21,0
4f68565a-d522-473e-ab07-307e950ded92,Good,5,2026-06-19 15:05:42,0
7ac129b2-3b4f-4490-aca2-b394a2e75c93,Trusted,5,2026-06-19 14:34:20,0
00f8e69d-d4eb-4cee-8ce0-43883dfbc741,Niec,1,2026-06-19 14:25:27,0
c1f445d6-d6e9-4279-92fa-58b2bc1c50ec,good online shopping option.,5,2026-06-19 14:09:48,0
af3d7b80-d645-4188-934c-f276faeff223,"Padam kan automatic cancel, kurier tak scan in last last budak bawah 18 takleh nak pakai duit bile stuck.menyusahkan.aku bersabar tunggu order 3 kali Dari seller Kelantan yang problem.order cancel sekali sebab seller tak post,kedua hari pulak order lagi tapi cancel.last yang ke tiga 3 dapat aprrove,seller dah hantar kat tempat post but kurier pulak macam hamak tak scan in sampai tarikh automatic cancel pun tak de nak scan,last2 aku frust dengan shoppe.budak ic 09 pun susah nak pakai shoppe pay.",1,2026-06-19 14:03:21,0
4da1638a-d717-425d-91b2-76815aeab7da,"too many AI ads, does not project or even resemble the items they are selling.",1,2026-06-19 13:53:49,0
7b3cacea-9d2b-44b9-8562-6c67b0be1648,so awkward,5,2026-06-19 13:51:25,0
aac589fe-63a7-4f41-b178-e20998f9d5c3,"why offer return&refund pick-up and cannot execute? even rescheduled also no changes. wasted 2 days(10am-8pm is what they said the pick-up hours) in a week just to wait for the pick-up, my job requires me to be out of house and unreachable for the whole day hence the timing arrangement is crucial to me. chat CS also only AI bot replies with no solutions",1,2026-06-19 12:58:38,1
daa195f9-6329-4549-8030-df2e79afa371,2 out of 3 sardine tins dented.,1,2026-06-19 12:42:10,3
a3a3cd72-ecb3-497b-a95c-e34403acc336,not a bad online shopping,5,2026-06-19 12:38:36,0
e8e80bf2-dc11-42d1-bbe4-d11b96c18c1e,"iklan banyak pastu ada skip fake tu yang membuat kita semua mengamuk pastu masa nak tekan tu tiba tiba prgi ke app ny kalau x download ke chrome pula. bayangkan la kalau tgh buat kerja semua pastu iklan shopee nak tekan tiba tiba ke app nya nak check balik kerja dah hilang, apa perasaan? kecewa kan?",1,2026-06-19 11:59:11,0
60944d10-dd0d-45a0-aeaa-d41c0d3ee195,"Shopee's SPX Express is terrible. My parcel status was falsely marked as ""recipient requested reschedule."" This is a complete lie. The driver never called or texted me, and the app provides zero photo proof of the delivery attempt. Drivers are clearly faking tracking data to cover up their own delays. Forcing us to use this failing in-house courier is unacceptable. I am uninstalling Shopee and switching to Lazada, where logistics are handled with honesty and efficiency.",1,2026-06-19 11:56:36,1
9d139c36-12f8-47ae-a6b0-0317b9b3f1a9,I love U Shopee 💝🫰,5,2026-06-19 11:22:46,0
6a18a2f5-f656-4a52-bddc-67253ede5894,"everything good fo now. change to 5 star last review Disappointed with shoppe after shoppe decide courier. Refund process still under review, and no update from shoppe. .",5,2026-06-19 11:20:46,0
e2620948-7f95-49d5-ac35-39d6412764eb,good,5,2026-06-19 11:04:19,0
b5653eb3-a56b-4bf1-8d8a-18fa35f3fc18,"Food: Lack of drivers at night & morning now,. compare to before. Shops even disappear on Shopee but are still on their rival and delivery riders are available on this G platform. And it's football season now & Shopee even creates a night campaign with lack of riders. Even during the day, G is faster for food. Jom Rebut (food) deals feels a bit like a scam and manipulative, I urge everyone to not support it and only order items on Shocking Sales. Prices getting higher on Food app, commission?",4,2026-06-19 11:01:39,40
df24498a-d362-4ae3-bfa8-c45232d2d488,It's a nice app with a few nice games inside it :),5,2026-06-19 10:36:52,1
3c487584-5791-440b-9a47-c2ff55d6e621,affordable and enjoy to shopping,5,2026-06-19 10:32:50,0
b483f6e3-9a0a-4335-8e43-7fc3ce6e9b0d,"Shopee ialah platform e-dagang yang membolehkan pengguna membeli dan menjual pelbagai jenis barang secara dalam talian dengan harga yang berpatutan. Ia popular kerana banyak promosi, diskaun dan penghantaran mudah, tetapi kualiti produk boleh berbeza bergantung pada penjual.",5,2026-06-19 10:11:10,0
258bbc9e-16b8-4b4c-b57e-aa3077856cbd,"please fix the bug,i cant topup on shopee pay,",5,2026-06-19 09:55:01,0
474cc732-94c7-4c53-8783-ee9acd941c3c,nice and thanks,5,2026-06-19 09:15:46,0
515f6327-24fc-48c9-a181-3e08a5fe6634,Excellent service.. Keep it up..,5,2026-06-19 08:53:34,0
6d1bc1c9-867e-45d5-935c-e43374a60f7d,Excellent services as usual to us all. 5 star customer services!!!,5,2026-06-19 08:45:30,0
5625ade8-ff32-456b-88af-4d2b386e60bd,I love shopee it is one of the most used apps I've been using on my phone. Love it.,5,2026-06-19 08:31:38,0
38026519-5c93-415e-95c5-fa2ed0c24bed,well app,2,2026-06-19 08:30:05,0
11d93e4f-0c66-4d80-8455-6f80dca85742,some functions are displayed but not accessible. should be more transparent in the operation of the coins benefits,3,2026-06-19 08:27:39,0
9b628272-3437-4ede-9d39-b471e0e2ac3b,"Terbaik! Harga murah, banyak pilihan barang, penghantaran cepat dan banyak voucher. Sangat berpuas hati menggunakan Shopee.",5,2026-06-19 08:04:54,0
47913098-4ed6-41cd-afd5-af53fcd3bc78,ok. cheap,5,2026-06-19 07:58:28,0
1c030085-aa8e-495e-b449-705263126b56,crash,1,2026-06-19 07:50:58,0
c3324447-8840-43dc-9b3e-caafaca17c6d,SCAMMER!!!,1,2026-06-19 07:45:13,0
37c1cec5-eb9a-4ab0-a1b3-c310111f431f,nice app,5,2026-06-19 07:21:51,0
1b6b0b44-8e81-4640-9481-a45984bb5629,Good discounts.,5,2026-06-19 07:09:29,0
df4ec6ed-1d9a-4ee9-845a-52a3c2692afa,Great experience shopping with shoopee,5,2026-06-19 07:06:25,0
4bf10f34-cf3b-48cd-a824-581591ceba9e,good product fast delivery I think this shopee best:-),5,2026-06-19 06:35:27,0
cc7f06a8-3a57-4976-94c2-4bb2f4d570d7,"shopee, my boi, we are chill right? so tell me WHY ARE YOUR ADS ARE NOT CHILL?? YOUR ADS DIRECTLY OPEN YOUR APP TO SPECIFIC PRODUCTS THAT I DONT EVEN GIVE A DAMN. At least show me sth I might be interested with bruh. NOT TO MENTION, EVEN WHEN I HAVE ALR DELETED THE APP, YOU SUCKERS ARE NOT CHILL AND FORCE GOOGLE CHROME TO OPEN THAT SPECIFIC BS INSTEAD. Bro do you want me to replace you with lazada? I have no problem doing that, they have more product that Im searching if you ask me.",3,2026-06-19 05:24:26,0
ecc43242-eb95-4ac8-8563-139dc1f7d48e,I didn't download it but you have the most annoying advertisements you must consider your budget but you have very annoying advertisements even it's also long,1,2026-06-19 05:12:29,0
c4f09bc7-58f3-4f00-beaf-94e30071150b,good,5,2026-06-19 04:40:06,0
86485dc3-a509-4579-a8d9-ad78e6aa8d68,ok sangat,5,2026-06-19 04:32:49,0
9ed7a2e0-8392-494b-abf5-daa92880e1aa,Shopee is a popular application for online shopping . It is easy to use and many discounts.,5,2026-06-19 04:16:20,0
bbff1448-a2bc-4aca-96f8-ffcba164264e,Stupid apps..,1,2026-06-19 03:02:28,0
06b5e3af-3bb1-4626-8704-fd3e064b814a,stupid adds,1,2026-06-19 02:42:51,0
1eb84aa7-b31b-4916-9280-27066cfa713e,Thank you shoppe,5,2026-06-19 01:46:49,0
8591c709-a94d-4067-adfe-4759a33bca7d,i make new account in shopeepay and i have deleted the old account but when i using new account and want to put a my same number like old account it say the delete account is still linked with my current number i mean how do i get back my old account if i don't remember it shopee is weird tho,1,2026-06-19 01:34:16,0
7edf6ad6-0ce0-4022-8c0b-f618f01a14fd,why blocked shopee pay later..I don't hv outstanding payment. your customer service didn't answer my question..I ask why my spay later blocked I don't have any pending bill now.,1,2026-06-19 01:19:39,0
82b78fc4-134f-492b-9fbe-603e3d5719fd,"Unable get refund even didn't receive goods... Support system is suck.. All support by AI reply.. System not allow cancel Food order and deduct my money, even I didn't pick up the food.. Not refund... DON'T pay before receive it.",1,2026-06-19 00:40:25,1
f3c4a67c-2393-4425-a3ee-69e05575f365,good servis,5,2026-06-18 23:36:40,0
4085cd17-c1c5-4c1a-ab2c-77a720128c48,this app so useful for shopping a skincare routine products 🛍️,5,2026-06-18 23:16:05,0
81096d98-0b70-47a3-a1d8-3181444b94e6,i can buy all the thing in here ..it is so easy,5,2026-06-18 21:10:01,0
d995921f-f18b-44d1-b250-2e4b122eb597,lambat sangatt sampai berminggu barang stuck di location yang sama 😠,1,2026-06-18 19:57:25,0
e1e65493-00e0-4ee9-bcd3-3db6b68de757,nice,5,2026-06-18 18:56:52,0
826aef39-e67e-45c1-9022-2f0cbd63e855,"if u forget to sort price after search, u will end up buying expensive products",3,2026-06-18 16:55:36,0
ca905fb8-c7a5-433a-b840-1f2f5ae54acd,Fast delivery & fast response on return & refund,5,2026-06-18 16:25:08,0
67a70e3d-f785-42f0-a5e3-a3260272b9aa,"​The ultimate destination for variety and budget-friendly household finds. The user interface is bright and packed with interactive gamification elements, and the sheer volume of unique sellers means you can find literally anything here. Shopee Video and Live streams make browsing highly engaging.",5,2026-06-18 14:28:56,1
ad48e229-e799-4abb-a7fb-eeeab12b17c5,nice,5,2026-06-18 14:24:13,1
a0e03ef3-8db7-40e7-9fac-a37b9ca56540,Nice app,1,2026-06-18 13:59:54,1
7277b497-ef0e-4043-bcd2-0b27b91b205b,Shopee Live + free shipping vouchers = dangerous combo for my wallet. Coins cashback system is addictive. Parcels usually arrive faster than expected. Seller chat is responsive.,5,2026-06-18 13:28:12,1
a06aa428-3e1c-4568-b02a-d49800f3108a,Good job Shopee and very recommended for buy!!! 👍🏻👍🏻👍🏻🇲🇾🇲🇾🇲🇾,5,2026-06-18 13:17:21,1
49f3dcf6-1252-492f-a064-7c6237391528,I recomend to all download shopee is best application.,5,2026-06-18 13:04:28,1
285ddd8b-75bb-4d4c-911a-3c7a8a5c7742,Best app shop,5,2026-06-18 12:35:03,1
60085939-0096-488e-bd0b-53fcb82387ff,the best shopping platform ever..,5,2026-06-18 12:27:46,1
2d4c70df-484e-4461-8c58-223735c9aa3c,padu,5,2026-06-18 12:09:05,0
7929fb88-6aaa-48d3-bc0d-819051141179,Good shoping app,5,2026-06-18 12:01:15,1
67ac683b-278d-4c84-8b34-76f6939f075d,TERBAIK,5,2026-06-18 11:53:04,1
e0a45ced-4471-490e-9213-91f0a1b64ae7,good,5,2026-06-18 11:49:05,1
1bd8d617-5ceb-4aa5-ad6a-7aea6e0ea36a,truly brilliant idea to make free shipping with system buy today and get today. easy to people who urgently to buy and cannot go out for shopping but can buy online and get at the same day.,5,2026-06-18 11:41:42,1
618b5a77-9273-4306-8283-a951d426e6a9,it's good,5,2026-06-18 11:27:37,1
a901c015-2d95-41c5-8d42-910cc7530ff2,"It's disappointing that Shopee compensates you so little for inconvenience. I noticed a notification regarding my order is already at its collection point since just this afternoon. Apparently though, ""processing"" my order takes more than 5 hours. I've been waiting forever, contacted customer support to see if any progress can be fastened and unsurprisingly Shopee then just decides to update the ""Estimated delivery time"" to the next day. Not shopee's fault entirely, but not a satisfying CS.",2,2026-06-18 11:18:53,2
ed9eb962-b556-48d4-8492-9fd7091bb5fc,shopeee x dpt pulangkan barang terus buang..cam gampang..mari semua bertukar ke PINDUODUO..brg jauh lebih murah,1,2026-06-18 11:13:40,1
d557679e-db1f-4256-b1cf-5738f0966840,good,5,2026-06-18 11:11:58,1
ae53f4ed-2979-4635-af2f-37e40d1ec60c,"Kaw Kaw Dinner voucher never works. Always ""fully redeemed"" in literally less than a second. Been trying for days. Update: I have tried for more days. It's a scam!🙄",1,2026-06-18 11:02:18,1
34ef17fc-aaef-448f-ba0c-c4118c5ef0b1,always crash when i want to pay fpr splater?,1,2026-06-18 10:28:02,1
f7428f94-601f-4671-9963-042bcf85e418,helpful app,5,2026-06-18 10:24:29,1
c71ab609-d7d9-4053-80fd-5e4081f8951b,satisfying..,5,2026-06-18 10:19:45,1
60185908-245e-47d0-b497-03ef96a7f076,good,5,2026-06-18 10:05:11,1
ab68f559-5093-435c-b45f-9d819d35fe07,"there's no app that will literally force you to download and use them more than Shopee did. How did you even manage your ads? fake ""X"" button and all. I didn't even touch my screen and you forced me into your app instantly through your useless ads, the shop is not even exist alongside the product that they sell. Beggar much?",1,2026-06-18 10:03:03,2
453d1b13-7ab2-40c3-9ca2-d9f71485e65c,nice,5,2026-06-18 09:07:53,0
2d487648-9d6c-4100-846a-e2cf749985ed,👌,5,2026-06-18 08:25:21,1
15908cfe-caaf-4215-88e2-79406eace992,Useful,4,2026-06-18 08:00:38,1
5758aa1d-2c52-4b05-be6b-686cb31d15b3,Good,5,2026-06-18 07:52:07,1
4c824839-7f17-482d-b9e3-0bd7e9891e8d,good,5,2026-06-18 07:41:13,1
4b7d8048-8e5b-4ad2-a442-7233b3abad83,good,5,2026-06-18 07:35:38,1
e639fc82-c6d2-450d-b967-1bbdb06c0528,"apps menyusahkan, nak withdraw duit sendiri pon xboleh, lepas ni saya takkan pakai apps ni lagi",1,2026-06-18 07:31:15,1
bd572efb-7e19-4642-87fa-049db44a89b9,"bad delivery services,i already paid for it to be delivered safe but the deliveryman just let it be stolen so overall bad with fake proof",1,2026-06-18 06:34:09,0
6bee4049-1097-4a05-b3e3-0ffd2a3141cf,"Excellent shopping platform! Competitive prices, fast delivery, and a wide variety of products.”",5,2026-06-18 05:59:49,1
8949ce8f-c810-4690-8c9a-9833d92cf6c3,all are affordable.,5,2026-06-18 05:51:27,1
022a1c34-7d0a-4c8f-b815-fb374e438710,Tq..,5,2026-06-18 05:44:09,1
e97e9cc4-642b-4d7f-b7e2-d4bba0a4b505,ok,5,2026-06-18 03:12:15,1
910774bb-0aff-4ca8-9956-1d85c1f910c0,kurangin iklan lu begong,1,2026-06-18 01:48:21,1
cb557d25-1843-4433-b949-7048ddd04090,Shopee is the best,5,2026-06-18 01:46:41,1
85644ff6-f759-4913-a33c-39e916853a66,Great App,4,2026-06-18 01:02:22,1
432c981e-f92f-4ca9-b3fd-7740088838c7,Efficient.systematic trusted. Easy shopping.,5,2026-06-17 23:56:36,1
5c8da660-1134-4055-bedc-82ec6421726e,failed to resolve my SPayLater problem. Since 6 month.,1,2026-06-17 22:08:19,1
d8ae5fc3-c281-4c5c-bf29-52e400588221,SEMAKIN BODOH SYSTEM KERJA..,1,2026-06-17 20:04:05,1
07fdbe41-ec9c-43ef-8065-6636eaa3b71e,"Shopee app keeps opening directly into the Live & Video page when I launch the app. I use Shopee for shopping, orders, and product search, not for forced videos or live content. There is also no clear setting to disable this behaviour. This makes the app annoying and intrusive. Please allow users to choose the normal Home page as the default landing page and provide an option to turn off Live & Video auto-opening.",1,2026-06-17 18:00:15,2
03a602d4-d805-4aeb-bbd5-0137916228a7,"super super drain power, fix your app. stop unnecessary in apps application. i responded to you. every one are experiencing ridiculous power drain over your shopee apps. fix it or roll back to 3 years back version. your software engineer or developer design such in apps application is messy and bugs all around for just click of button unresponsive. JUST KEEP IN APPS CLEAN AND WELL ARRANGE, YOU NO NEED USE YOUR BIG DATA AND KEEP ALL THE UNNECESSARY THING IN ORDER TO PERSUADE USER TO BUY HABIT.",1,2026-06-17 17:41:45,2
ba46eceb-4da4-42ca-b973-95003849aeb0,the best shopping apps and no shipping fee,5,2026-06-17 17:38:59,1
437da727-60a6-4eaa-891f-5e663efe2737,why does it keep opening itself every so often,1,2026-06-17 17:04:43,1
0bef2c4a-2501-4034-99fd-9f5a5072204f,shopee is always my go to everytime i need some goods but only can be bought online. the shipping is very fast. most of the time i received my parcel in just 2 days,5,2026-06-17 16:13:10,1
67c41d7c-fbbc-4e1e-9c4f-c6a2ad8c3445,"Easy to use, easy to understand the instruction. Even oldies can navigate and make ordering on their own. However, I hate to accidently encountered the ""adult toys"" product. It can be easily viewed by the kids. Shopee should think of extra secured/difficult features to forbid those dirty items being viewed accidently by kids. I am sure you yourself will be worried if your child encountered those items. Please separate or change to a very unique terms so that it won't pop up easily during SEARCH",4,2026-06-17 16:10:38,62
2a0b5427-fa8a-490b-aa17-49e6f922296c,"service delivery totally out, always late.",1,2026-06-17 16:01:01,1
95d89c4c-341f-4a19-801d-0fac0953d5ed,Shopee memang terbaik,5,2026-06-17 15:37:01,1
7a493e90-ee44-4f56-a62a-26ff163baf47,"Many new online shopping patforms vying for our attention nowadays. I tried some but kept coming back to Shopee. I realized Shopee has stringent controls on the product, seldom see misleading ads that actually are not what is shown on line, easy returns, great shipping value and genuine offers. I know this because I keep coming back to Shopee. Kudos to the team! contiinue to control fradulent ads.",5,2026-06-17 15:23:49,2
24b3fb1b-99fd-48df-8e66-edbdb612d625,Quick Delivery and Good service,5,2026-06-17 14:49:00,1
ef564856-eece-4cc7-a163-092373d9af5b,good,5,2026-06-17 14:42:15,1
2c010b30-b416-4998-be0e-6c0b691af530,good,5,2026-06-17 13:33:52,0
77904ea6-584e-4416-947f-dadf25b847f8,Seller sent me a defect items. Reported to shoppe. Shoppe take no action. Inresponsible platform.,1,2026-06-17 13:31:37,0
4c57d66b-38d2-40f5-a473-47dd178ae81a,Best application 👍👍👍👍👍,5,2026-06-17 13:14:16,0
220a0575-19f3-4ff5-a992-4f78e3031054,Seller mistakenly send the wrong item and not willing to rectify the problem. Highlighted the issue to shoppe. Unfortunately shoppe didn't do anything about it. I have to bear the cost from the seller's negligence.,1,2026-06-17 12:59:32,0
937e1c16-ab3b-42ff-84ac-653f9f4c356f,Giving false vouchers,1,2026-06-17 12:36:10,0
f80bb707-3caa-4507-8bcb-f32e010db449,good,5,2026-06-17 12:24:20,0
573deaa0-b31f-4177-9428-84edb900e937,fast delivery,5,2026-06-17 12:10:23,0
ea5b2f4d-7510-4f21-b969-6d00a5cc1bd3,terbaik,5,2026-06-17 11:59:19,0
afcf0731-9130-443c-b181-28c8d92c1333,nice,5,2026-06-17 11:50:41,0
570b9ee2-9da0-4652-8513-6703d21dc29d,"best tapi iklan memang mcm niat menganiya orang, pantang iklan dia keluar tak tekan apa mesti bawak masuk shopee. it's not the app that has issue but the way ur ads is everywhere and taking us to your app anyway, that's cruel, against my permission and just overall annoying",2,2026-06-17 11:25:53,1
cd49bd8d-185e-4019-8148-d1d3da3be791,"I don't know if it's just me, but I can't even rate or purchase items without it saying, ""Oops, this voucher can't be redeemed. Please try again with another promotion."" and error to rate. The voucher can be use but it doesn't let me, please fix this.. Update: it finally work😂🎉",5,2026-06-17 11:17:43,0
e5e1ed34-4584-47c4-b5e6-28a6412e81c3,good,5,2026-06-17 10:37:41,0
3d121b34-525c-4d04-8ecc-439ae8b19c53,This is a very bad experience with shopee Premier customer service that wasted me more 5 days time but yet to cancel my Spay later subscription.,1,2026-06-17 10:35:09,0
efa66c32-4a00-4639-9aa0-886ffd2585a2,ok jer,5,2026-06-17 10:28:58,0
ac0e8ec0-c575-41a4-8d16-65001b840a23,"Shopee makes online shopping enjoyable with its userfriendly interface, competitive prices, and frequent promotions. It is a reliable platform for everyday purchases.",5,2026-06-17 10:03:30,0
ce75e1bd-0d4d-4725-8f60-4acded74b40b,love and trust,5,2026-06-17 09:44:57,0
27803698-def6-4c7d-8ae8-1fc635182961,it's ok but vouchers for new users sometimes cannot be claimed,3,2026-06-17 09:37:32,0
7b04519f-7b52-4d4b-9bc4-ccb725f76d58,I'm Still happy..for time being😬🤫,5,2026-06-17 09:09:12,0
7941d9fd-f1ec-44cc-9d70-7619d46ad1f5,good,4,2026-06-17 08:31:23,0
affc91c9-13e0-45a5-ae17-65d9eb563d86,very good and trusted platform,5,2026-06-17 08:04:42,0
05e0b6ed-631f-4c4e-959c-869a0014e69c,good apps to buy things,5,2026-06-17 07:49:23,0
3edfa507-b05a-4ed2-8cdd-f2c1af422749,very good item and easy to find anything i need it,5,2026-06-17 07:02:47,0
5544dafd-5f51-491e-b474-f7490bb010ee,"Shopee has become my favorite e-commerce app in 2026. It combines unbeatable prices, massive variety, and entertaining features that make shopping feel like a game rather than a chore. Whether I’m looking for fashion, electronics, beauty products, home goods, or groceries, Shopee delivers excitement, deals, and convenience every time.",5,2026-06-17 06:55:48,0
86aa201f-8093-42fd-892c-87c59c50a025,sanagt best boleh beli barang,5,2026-06-17 06:24:54,0
3e39fe48-e8b4-4fc7-9a36-b23e8c78c6c3,good,5,2026-06-17 06:11:29,0
7096fc21-6186-44e3-a141-2fd9fe1671af,sangat membantu dlm pembelian,5,2026-06-17 06:04:11,0
c4307d4a-8dc9-4365-9c10-5c2631928cb7,"Shopee is my go-to app for hunting down the absolute best deals and cheap daily essentials. The ""Shopee Live"" streams and gamified daily coins keep the app engaging, and the Shopee Guarantee ensures my money is safe until I actually receive the item. The interface can be incredibly loud and full of pop-up ads, but the free shipping vouchers make the chaotic layout worth dealing with.",5,2026-06-17 05:39:30,0
b5e8e2db-ef13-43d9-8e64-1cbe67b6c06f,"I hate the ads, shopee ads was very annoying :( sometime shopee show a bad picture as ads",1,2026-06-17 05:29:39,0
4a312957-ec0b-4de4-9865-885795fbf7ff,"Shopee Malaysia is my first choice for online shopping. The Ul is very convenient and user-friendly, it offers a wide range of products at competitive prices. I can easily find almost everything I need in one place. The shopping experiences are great, the app frequently has discounts, vouchers, and free shipping deals. I also like the secure payment options and fast delivery service in most cases.",5,2026-06-17 04:53:18,0
5c9a7780-714f-4edd-bc92-0c5b9b69712f,good,5,2026-06-17 04:02:03,0
c152448c-0648-4ca5-a678-7f213dd576f7,lurve the service for shipping and the quality of the items i boughtt,5,2026-06-17 03:58:49,0
5d971cbd-a926-4b66-9c83-1e2c22cfc198,very good idea ships fast and great voucher offers,4,2026-06-17 03:37:55,0
ce5709cb-c019-494c-a5f6-e5977cf28606,everything is fine but i already buy my bill with spay later but it still keep saying upcoming bill to buy but i already buy it and it already cut my money from my spay later. need to improve the spay later problem,2,2026-06-17 03:25:43,0
78fd7257-462d-45cb-8a34-efe817638cfa,too many ads,1,2026-06-17 01:42:06,0
0b3c8f6a-ce02-495e-81ba-9f6cefb2244d,"telampau banyak betul iklan dia di app lain, kalau tetekan skit tb tb temasuk shoppe, kdng kdng ndd tetekan pun tb tb masuk shoppe. Telampaula jg marketing kau",1,2026-06-17 01:38:18,0
339c3c91-9649-45d0-8025-6761b312346d,The best time to buy item's,5,2026-06-17 01:18:36,0
971fc26f-6f77-40a7-8d0e-42b83a8dd328,baik,5,2026-06-17 01:06:58,0
bc861f40-a302-4554-a593-f27a98c3f9bc,so far I using shoppe to buy things is good.Responsive and fast delivery.,5,2026-06-17 00:27:04,0
cfc2fd69-5e5e-4414-8bb7-d0d87eaae291,Good app,5,2026-06-17 00:26:48,0
9c22c9a9-d546-4a0d-ad5c-b51d921776b5,memang nice. cepat habis duit,5,2026-06-17 00:20:40,0
f80a5070-7b89-46b2-8820-b047d9c04c32,cant even sign in,1,2026-06-16 20:54:31,0
7995c26e-12a8-4a98-b2bb-275ee44bd9ff,terbaik,5,2026-06-16 19:22:57,0
470432cf-0d80-44f5-bf2a-b938311828ff,your auto turn down the volume make me couldn't listen a single thing about what's you are selling. it totally muted.,1,2026-06-16 18:23:40,2
67592dba-8c79-4282-b5f5-f65569a9b7c8,buat iklan tu bagus2 lah bodo,1,2026-06-16 17:08:54,0
ac77d9ab-fe7d-4e09-8de2-71a655567c2f,good 💯,5,2026-06-16 16:39:30,0
2a9ffd1d-6ac5-4bf2-97b5-2408385063d3,"This app is super annoying to use now. Every time I open it, it starts with the ""Live & Video"" section. Even if you have left from Home section . What's the point of forcing customers to watch a live channel? And there is no option to turn it off. Hey, shopee. Don't reply saying you want to know more. Because you're not going to help.. already complain so many time but shopee still don't want to solve it. and still force me to live video channel",1,2026-06-16 16:26:41,7
8f58396b-1e58-40d3-bd5f-5a0f574ff9a8,padu,5,2026-06-16 16:04:27,0
a1d83531-a539-4b48-ac26-62aa1ad58761,shopee❎ iklan ✅,1,2026-06-16 15:13:00,0
fb68f448-06bf-4379-a05a-3190abcf8f2c,👍🏻👍🏻,5,2026-06-16 14:07:46,0
4c6e6331-e0f9-425d-904a-9901ea70c1b2,ok la mudah kje,5,2026-06-16 13:54:53,0
3f67b5c5-5b4d-4671-88bb-8c008e4c5b16,"not a fan of the app starting in [live & video] section rather than the [home] section, and the fact this setting could not be changed by the user.",2,2026-06-16 13:50:32,0
ee85a96a-44b2-4ea0-8066-868ab52d397c,fo all good,5,2026-06-16 13:40:18,0
959009a9-2af2-4ff4-bcca-fb35f70bb3a6,Aduam yg dikemukan pada pihak shopee perihal penjual yg berdaftar pada mereka amat mengecewakan,1,2026-06-16 13:34:17,0
5c06fc26-863e-4c3d-a985-4b91729407b7,Once u watch one live video. It will load every time start App.how uninstall and install to get back to normal. Very annoying app sometime,1,2026-06-16 13:10:32,9
37936b42-dace-4e24-9b25-a1af8a8f5265,Bad services,1,2026-06-16 13:04:15,0
b547426d-895b-441e-9806-217736147c5b,iklan banyak,4,2026-06-16 12:59:45,0
e52f817e-5369-4f82-ba51-73d3c833eeaa,fast deliver for onlime shopping!,5,2026-06-16 12:58:47,0
237cfbb1-0a7d-4d8d-870a-3fcab5f2a4a7,Good,5,2026-06-16 12:58:13,0
6f86a492-ed7b-4f9a-86f8-c2407180ef28,"Smooth, reliable, and user‑friendly. The app runs fast, has a clean design, and makes everyday tasks easier. Shopee is highly recommended!",5,2026-06-16 12:54:43,0
d47ac4df-086b-4e0d-bb63-632713c80a17,Perhidmatan terbaik berbanding disebelah,5,2026-06-16 12:27:20,0
9cd92487-6b3e-49b3-9d22-c98f6812bfc5,Best prices for online shopping. Fast delivery and free shipping. Excellent local deals and fun interactive features. The platform makes tracking orders and claiming vouchers highly rewarding.,5,2026-06-16 11:55:24,0
6e7c7e8f-0340-46c7-8562-f9c981ade106,tambah baik polisi penghantaran. amat mengecewakan.,1,2026-06-16 11:52:16,0
8150e8ed-afa5-4816-b2ff-ad2f87d02db8,"A highly responsible e-commerce platform that supports the buyers' needs in terms of logistics, products quality and by making sure every dollar spent is justified. THANK YOU Shoppe!",5,2026-06-16 11:28:20,0
ff916859-2ed6-4db7-8328-8acc35cb5ebb,"The Internet call option is now gone & the only way to seek customer support is via the chat. I have been facing a refund issue for 3 weeks now. Every time when I seek help, the CS will create a new ticket & every time the ticket gets closed by Shopee team without any resolution and contact from anyone. I am on my 4th ticket now, feeling stuck & scammed. Waiting for the bot's outdated script to ask us to contact Shopee help via the chat or Internet call option, which is long GONE.",1,2026-06-16 11:25:44,0
a0ea7410-6a03-4868-8dd3-221ec642678f,"Shopee bapak sial,tk habis2 dgn iklan dia tu",1,2026-06-16 11:22:13,0
5cd93dc5-3bdb-42cb-8755-0c4d1e4ec8a4,"Good platform with many products, great deals, and convenient payment options.",5,2026-06-16 11:15:46,0
7bf7167a-60ba-49b8-a0c4-e226cc11b0fb,Malaysia good shoping app shopee,5,2026-06-16 11:09:18,0
8ebf757f-c172-4367-a0c2-0a66f4a539ff,very good app,5,2026-06-16 10:35:31,0
2618e29c-d6d5-4703-8163-abf06ffe438c,easy to shopping,5,2026-06-16 10:30:10,0
3e78b6d7-b44d-45e6-ac23-eaaab0e7d785,very bad suddenly block me don't download for free,1,2026-06-16 10:26:02,0
48aafae7-f541-43e9-8628-1248d436ae8b,I like it because it makes it easier for me to buy the things I want to buy,5,2026-06-16 10:16:44,0
c02b7d6c-67da-4c57-a594-ce172028da00,"don't expect the expected delivery date to arrive exactly on the date stated its a lie, a scam if I must say, I trusted too much on it but at last I was utterly disappointed because of given false hope that it will arrive on that date, 10/10 don't recommend it if hoping the arrival of items to be consistently on time",1,2026-06-16 10:06:36,0
0aee1a3c-d437-4f8e-9729-eebd18621928,good,5,2026-06-16 09:46:29,0
3eca6d7c-15a2-4c1f-b15e-219a51f215cd,good,5,2026-06-16 09:25:46,0
b963e6ca-4248-416c-bddc-6708e1d8a9f3,almost 6 year use Shopee as platform search item and compare goods or items need,5,2026-06-16 08:48:03,0
89c24c77-c22d-4564-86c2-9f61bd1f567d,shopee food problem.. rider call but not pop up on my notification..,3,2026-06-16 08:23:45,0
2fe16311-ad1f-42c0-bc44-a009267aa135,So cheap,5,2026-06-16 08:00:51,0
f0556fcc-b1f9-4330-9080-870718c35c9b,"great app, all in one",5,2026-06-16 07:56:20,0
6f4cb32d-3fcb-4e9e-8456-2b48daf34826,ok,1,2026-06-16 06:52:10,0
bc8212f4-d4e8-46eb-abb8-318e9de18a08,Easy to use with many deals and discounts. Shopping is convenient and enjoyable.,5,2026-06-16 06:47:20,0
da79c7ab-f953-4b5f-9703-fb023aa772ee,Has many options and very affordable item here.,5,2026-06-16 06:28:55,0
6029c084-12f8-4e8e-b3bc-20f403661e1b,sikit2 lag,1,2026-06-16 06:14:36,0
1e9b6c53-5b87-451b-bf18-c848d80111c5,hebat,5,2026-06-16 05:27:12,0
ac39e24f-12ae-4be9-8bc6-079a2f93a1cd,Very good purchasing platform...👍,5,2026-06-16 05:13:38,0
a26d22e0-1959-492a-b31f-54823e5eb76a,Tolong bagi pilihan masuk apps jangan pergi video bole tak? INI bukan TIKTOK!!! Bukak2 apps terus keluar video2 bodoh lepastu sound bug da masuk page lain dia bole bunyi lagi. kalau taknak patch bagi use pilihan untuk TAKNAK ada video dalam apps.,4,2026-06-16 04:43:23,0
10997272-41fd-4e04-b810-63ec3b8d14d2,Good,5,2026-06-16 04:25:14,0
becc7e2b-37f6-4d2a-9d4e-37fbb4d827cd,Good choice for shoping.,5,2026-06-16 03:38:31,0
856abd1d-4c10-49a2-bd0a-c1dfed393721,scammer,1,2026-06-16 03:34:11,0
a774d2d1-e52c-4ef0-8053-e30f752e10ce,there is a bug on the shoppee food section. sorry but it keeps crashing and i keep having to open the app all over again to view items and add items to my cart. managed to ourchase successfully. but it was a process longer than it shiyld have been as i keep having to re open the app.,3,2026-06-16 03:17:02,0
53b242ab-f05f-467e-b914-8499d073c1bb,thought quite confusing in the beginning but I'm getting the hang of it and beginning to like it more.,5,2026-06-16 02:54:34,9
d3bed8b7-a457-4527-a7d7-31ba6ba6d8b5,So far best app,5,2026-06-16 02:20:40,1
1f0f5f76-1814-4996-a114-9ee7b0009854,banyak barang murah ya,5,2026-06-16 01:51:18,0
9ce213f9-0b99-4750-8033-e1499cd370d6,very 👍 more cheaper,5,2026-06-16 01:04:51,1
897c1b4e-e956-4646-a134-6d3deb21c9b7,Good,5,2026-06-16 00:27:43,0
a1a1ee27-74f2-4cf6-9bb9-cb8055c65276,easy and frenly user,4,2026-06-15 23:37:24,0
c9da89d3-5040-4120-99a1-ed0e422647bb,terpantau Iklan susah di skip🧐🧐🧐🧢,1,2026-06-15 23:23:27,0
0f726336-17af-4e68-9497-ca7028875b85,iklan nya MENYUSAHKAN!,1,2026-06-15 22:07:28,0
08eb4a66-8ae8-41b0-887e-5efdd839b72b,Excellence,5,2026-06-15 20:00:53,0
e25998f3-1af6-4471-bff7-63e1a94d5bb5,"No buyers protection!! They say they have 14 days, but it's a total lie. You will get no help from their agents! Use another platform that has buyers' protection, or you will lose your money like I have! Shopee will protect their scammer sellers.",1,2026-06-15 18:05:01,1
e0e3532e-94a8-427e-a63a-45970ea4086e,stupid advertisement,1,2026-06-15 17:19:57,0
716cb12d-a324-47e4-9174-32c815317519,shopping become easy,5,2026-06-15 17:03:10,0
1ac3da5a-ffcf-4f5a-90e8-4573972b1efe,"Very annoyed where the app starts with video instead of homepage with no options to change. The video will auto play, which eats up data and needs to pause it before browsing items. If you don't, the video will play in the background while browsing the item which is very frustrating!",1,2026-06-15 16:06:18,1
8d59aaf2-6796-47b0-9ecf-ccc542c910b0,your ads are the most annoying ads I've ever seen. fix it,1,2026-06-15 15:57:37,0
ff45bc8b-5412-4590-aa6f-b14652f97c30,senang di gunakan,5,2026-06-15 15:40:05,0
b87b1fc1-9a4f-48cf-bddd-b35e9bd368f3,good,5,2026-06-15 15:19:17,0
32fc27c8-f914-42e8-b5d4-01895a14bbe7,"saya tgh busy bole pulak iklan ni masuk its oky bole tkn x,masaalahnya x pernah lepas.even tak tekan x pon still masuk shopee so annoying laa.iklan shopee problem ke apa ni menyusahkan orang ramai yg masih student hilang kerja saya tau",1,2026-06-15 14:55:48,0
6aab6096-0c2a-41e5-8afe-4801e61c6d0a,terbaik,5,2026-06-15 14:42:30,0
8f274c03-34af-4bdd-8a81-56172d66c6c9,sayang shopee,4,2026-06-15 14:30:57,0
b4c2930f-9a12-4c59-b15f-c09d2f373b78,It's really force me to download the ads is everywhere.very upset,1,2026-06-15 13:48:57,0
6b9d8973-1b8c-4b55-997d-e0ee9a0d3bbc,padu,5,2026-06-15 13:33:00,0
8374a8eb-506f-4cd1-857b-537fdb1065ab,nice app,5,2026-06-15 13:16:07,0
df8683a6-39ce-4cf9-930d-737222519908,Best shopping apps with lots of promotion.,5,2026-06-15 13:12:46,0
e8479a77-aeb5-4819-ace3-196f4ba4f223,tempat shopping online paling best,5,2026-06-15 11:48:35,0
531ac690-e9d5-4ebe-b480-38ed39b50dba,"good,nice..like it..",5,2026-06-15 11:03:46,0
bf829ab8-08a9-4d0f-96d1-bc668049f627,"too many ads !! your ads is the most annoying one . i know ur trick with ur fake ""x"" buttons, but when im not even TOUCH my screens when your ads appear, I STILL END UP ENTERING UR APPS. if u still want to make an ads , i suggest u make an ads where people can play a game like puzzle with shopee logo or something instead of video.",2,2026-06-15 09:57:00,2
89a44711-6782-4c90-8080-cabbb090a0d7,It good but it don't have touch n go as payment,3,2026-06-15 09:33:51,0
a09a8215-3118-438d-b26a-99d07e4c11cc,jujur amanah tabligh fatonah,5,2026-06-15 09:05:50,0
5d2b3c82-9d1c-4512-9970-5b4b540b9440,"Awesome, perfect",5,2026-06-15 08:53:27,0
a700a4d8-c377-4771-9fca-925f7ed9228e,ok,5,2026-06-15 08:23:07,0
ed9ed711-035e-4110-a1fe-0e7267062fc6,"Easy to use, lots of products, and great deals. Been using Shopee for a long time and it's always been a convenient shopping app. 👍",5,2026-06-15 08:07:31,2
b3384057-13e1-4f44-8830-29ed47f7e437,"shopee selalu ade baucer, nanti bagi lagi baucer ye, pilihan terbaik untuk membeli, harga pun lebih murah dari tempat lain",5,2026-06-15 08:03:17,0
32273c8d-9427-4b5e-b5e9-27bd97d1cdd2,iklan kau memaksa la gila,1,2026-06-15 07:32:16,0
e1884921-1b83-4e5f-8ed1-0ca8fd8127e4,aplikasi ini bagus untuk berbelanja tetapi ada kekurangan yang tidak pantas ada kekuatan gaib yang membuat searchan saya menjadi xiaomi di Search pertama saya sangat lah terganggu oleh Hal Gaib ini dan mohon pihak shopee dan Singapur untuk membuang Hal gaib ini dan juga aplikasi ini membuat hidup saya senang dan lebih berwarna kerana saya mendapat ps4 dari Nya,4,2026-06-15 07:26:27,0
3173a915-0e54-4bb6-8a1a-ddcdfe83e5ae,Remove the Live stream tab as a default tab when opening the application. It is very annoying,2,2026-06-15 07:23:56,0
dbebb722-1dbb-4124-8ea3-f436a77d0815,bad experience with large cargo. wonder why they pick BEST cargo when your items will never arrive and no one to attend to your calls. it has been half a month and always out for delivery on the spot but never depart. Shopee must be sleeping,1,2026-06-15 06:50:34,2
12ec63d2-23c8-4ad4-84e5-bd148edf949a,Good,5,2026-06-15 06:44:21,0
4fd6262d-3472-4acd-8a94-2f1bb782c236,"mmudahkn urusan,tq",5,2026-06-15 06:27:19,0
616e68bd-ed3c-451a-923e-37193c7f0a41,"mohon maaf ya, kalau bikin iklan itu dikit dikit aja sama jangan maksa buat masuk ke aplikasi lu, ga semua orang liat iklan lu langsung beli, kalo mereka mau beli apa apa mereka buka sendiri aj aplikasi nya, jadi tolong, tombol x pada iklan itu di besarin, sama kalo udh kepencet tombol skip iklan nya jangan langsung masuk ke apl shopee",1,2026-06-15 06:05:47,0
26d7721b-ce36-451a-bef1-2c6b3c5f34cd,"great, cheap and safe and best.",5,2026-06-15 05:57:50,0
319275cd-0002-4dd6-b464-1c3d1844aecb,Nice,5,2026-06-15 04:43:14,0
b85a99be-bb0a-4304-8e11-8a68b9f36161,"good app but worse ads,ur ads are kinda homeless",1,2026-06-15 04:42:27,0
d2bb3f06-58dd-4f25-8cef-daa0b4b54dc8,ok good,5,2026-06-15 04:10:34,0
9c14d12e-50b8-4a6e-ad8b-4a1086a3e7b8,shopee food tak pakai tak elok betul org dah lan nak cepat tak dapat itulah ini lah susah betul nak dapat shopee food,1,2026-06-15 03:53:35,0
1b384784-23df-4e47-a6c6-0c795bcc9cca,great,5,2026-06-15 03:47:23,0
0748d16a-6760-4f53-89e1-306ecf838d6d,"The daily coin earnings on Day 7 are always 1 coin. It says it's possible to get 1-1,000 coins, but I always get 1 coin and have never seen anyone else get a different amount.",2,2026-06-15 03:22:33,1
ebc84daf-3c01-4b8e-8e4c-a6126fedc166,its ok can recommend so far,5,2026-06-15 03:12:39,0
41782cb1-426a-4761-af60-72b717fdca54,Nice,5,2026-06-15 03:08:35,0
dab808cb-fef9-47d4-9b40-9eee9288a66c,Mudah mencari pelbagai produk dengan harga yang berbeza. Banyak promosi yang menarik.,5,2026-06-15 02:26:07,0
6d1a9b16-6636-4c32-95aa-674e10d95725,"open app always get into useless video and can't stop the music on the background , wasted my Internet bandwidth and slow down the app , worst experience",1,2026-06-15 02:12:13,1
f47c19fe-d825-436a-b4e7-72eccb7ccbe7,shopee online is my first priority. I am vr satisfied with the service. tq,5,2026-06-15 01:10:03,0
8860ac3f-6c39-4515-898c-c55afdcb8360,your ads always disturbing,1,2026-06-15 01:02:29,1
1ed24f41-f314-4dd9-a29c-5c8004edd9be,Good,5,2026-06-15 00:53:04,0
46943b9a-f10d-4c54-8406-9a1b8dc7a960,"Shopee penipu, bila beri barang di shopee suruh nilai, nanti dapat 20 coin, tapi bila nilai dapat 5coin je 😡.",5,2026-06-15 00:51:48,1
12fb062a-08db-4690-8760-7a37444e2d9b,trusted & reliable .. user friendly webstore,5,2026-06-15 00:42:17,0
fe548940-68a0-44a2-a402-35ba539f72db,easy to shoping,5,2026-06-15 00:22:06,0
4cde9ab7-e433-488a-a674-f0b3541ee4de,ok,5,2026-06-15 00:17:57,0
78f63ba4-ecf6-4cf9-a436-fe03a11ed1c1,buat MASA nie 5 star,5,2026-06-14 23:33:47,0
c61c749e-2099-4981-b017-3513b2a161b7,Good market.. 😃😀😀,5,2026-06-14 23:00:57,0
79a08add-7943-478b-849a-b6ed39155333,"Good app but the BIG MASSIVE problem is, too many ads everywhere... Shopee already popular enough, but their ads is more desperate than some small company that seeking for newbies... For the sake of God please stop spamming ads everywhere, Spamming Vs Skill still skill win",1,2026-06-14 19:04:57,0
72ac7308-6dd2-48d5-b27d-a6f1c9f20a4f,Good app ez to check out and oder food,5,2026-06-14 17:23:16,0
c4dda5b4-7c9f-413c-b0a5-d1af72bc10b5,wonderful✨😍 app,5,2026-06-14 16:06:59,0
3e50e09c-e14a-428d-9589-4f234e770146,Nice to shopping on this app,5,2026-06-14 15:59:53,0
972a0d28-45c7-43a4-a82c-4a181e0d741e,bodoh,1,2026-06-14 15:02:12,0
96551512-6905-4f5c-80ee-1b5a233d7b95,x leh bg full sbb pyh benar nk dpt coin bila review dk ckp repeated word n symbol la penat edit dh woii ngek la sopee menyampah btul,4,2026-06-14 14:52:40,0
6b26936b-b7c7-493f-ab31-cea51eb523db,aq benci Dia punya iklan setiap tngk drma main game kluar iklan hanam ni,1,2026-06-14 14:47:12,0
bf99f3b4-a106-4f45-a284-bbf2c16ee3bf,"good, always get discounts and vouchers are highly recommended",5,2026-06-14 14:37:32,0
538a61fd-475d-469d-b06d-e6eeb5a45c70,"The user experience on this app has completely tanked due to zero moderation! First, the app is flooded with creepy, distorted AI videos that look like absolute garbage. Shopee needs to step in and delete these nightmare-fuel animations immediately. ​Second, there is a massive bait-and-switch issue where the promo video shows a completely different item than the actual product tagged in the listing. Fix the app so sellers can no longer tag unrelated items to their videos! Do some actual QA!",1,2026-06-14 14:32:58,41
8887829d-b39c-4561-8bf0-4a475a41a872,good,5,2026-06-14 14:27:10,0
d88ed01c-746b-43fe-975c-ba7623f8eb11,lain kali iklan tu buat elok elok ini tak tekan button x tiba tiba masuk Chrome orang tengah main game best best terkeluar dari game tapi brng shopee berkualiti just iklan yang tak berkualiti,3,2026-06-14 14:25:37,0
77ecc33e-29dc-4def-b6d3-5acb7e0803ce,Easy to order our items...,5,2026-06-14 14:21:47,0
ebbe83b9-491a-4b14-9d45-e4f838b0974c,good,5,2026-06-14 14:03:13,1
61c1fac1-81e2-4b77-aaa0-194b38935eaa,shopee is my most favourite app to shop ever since i downloaded it . Believe me when i said i scrolles through Shopee every single day even when I have nothing to buy in mind. The cheaper price compared to others and the free shipping voucher is hard for me to resist.,5,2026-06-14 13:57:38,0
871906ff-357e-4eb7-be32-466e6966da09,Kali ni puas hati..bnyk post free..terbaik,5,2026-06-14 13:42:32,2
8d4c360a-aebc-4cd7-9367-cc612ff72811,love it,5,2026-06-14 13:17:44,0
635368a3-e7f1-489a-87d6-b6ebb0c985b3,its really helpful ..so happy fr that thank you shopee😍😍😍😍,5,2026-06-14 13:10:28,0
360c9ee2-f667-4aa4-b25a-92443bcc282c,Kerap Ada Promotion. Terbaik,5,2026-06-14 13:07:29,0
cb797aaa-05c7-40dc-924d-8af92fdef264,very good,5,2026-06-14 12:40:47,0
d6613a71-ed3f-4eb7-b499-faef13998256,"This app allows misleading and deceptive advertisements, including AI-generated hoax videos that falsely demonstrate product capabilities. Many ads show unrealistic functions that the actual products cannot perform. This is highly misleading to users and damages trust in the platform. Advertisers should be required to use accurate demonstrations of real product functions. Allowing fake AI-generated ads without proper verification is unacceptable.",1,2026-06-14 12:35:06,11
0c75aa53-6065-4a7f-a7c7-2e541f10404c,Convenient,5,2026-06-14 12:08:20,0
1d192d81-8767-4a3b-803d-57518a6eb159,good,5,2026-06-14 11:59:06,0
b0dbf697-ac79-48c6-8402-7d8fe2ef4a00,Bad app rate no get any coins more then 3 times I rate no get any coins at all,1,2026-06-14 11:44:21,1
4607a84b-4564-4eda-ac81-97465d9e7c94,"Why each time , we sent purchased items review with video and photo and added feedback text as if doing so point will be added ... So far as i did per instruction but NO point were added ?",5,2026-06-14 11:31:45,0
cfb2f07a-e1bd-49c2-94db-a6b41822aa75,nice,5,2026-06-14 11:21:39,0
cee6b502-c2d3-45bc-996b-e8f8201cfac3,"Had been a loyal user to Shopee, ignoring platforms like Taobao and Lazada. Not sure what happened (proly under pressure of the uprising Pinduoduo), Shopee chose to worsen their users retention by banning long-time users and I am one of them. They banned & told me I've used the voucher in a way that broke their platform guidelines - except the twist is I'm using the vouchers Shopee provided. How can I break the rules by using their vouchers?? Worse, I paid VIP to get those vouchers! Ridiculous",1,2026-06-14 11:07:38,1
3bf1ac20-00f5-4f13-8741-8ba965dee38a,proses pembelian lebih lancar utk setiap individu,5,2026-06-14 11:02:06,0
b6deea03-fc6d-4e45-aad4-60aaa0141146,very reliable and on time delivery,5,2026-06-14 10:43:52,0
327fa8f2-6949-4ad5-a0a6-77ce8b0a4a9c,good,5,2026-06-14 10:39:15,0
969cb393-93ea-4d67-8f8b-4b94427d7420,pilihan terbaik,5,2026-06-14 10:14:18,0
16fcc094-ff42-46f5-afd5-f9b1a447fa00,"I recently used Shopee and had a pleasant shopping experience overall. The app is easy to use, with plenty of product choices and attractive discounts. I especially like the vouchers and free shipping offers, which help save money. The checkout process was simple, and my parcel arrived in good condition and on time. Overall, it’s a convenient platform for online shopping.",5,2026-06-14 10:05:36,3
e04b638b-8b95-4866-afbe-2c12290e8556,"Terrible system. I received a counterfeit product and asked for a refund. Shopee took six days to review it instead of two (two is what the system promised). Then, they told me to return the item to China within three days, but never gave me the address. There is no time left to get the address. Never mind the money—I'm uninstalling this app. It's just full of cheap, not very authentic China products. Please double check when you buy.",1,2026-06-14 09:09:20,0
b9cb68bb-c69c-433d-9858-175c9ab6c9bb,Good,5,2026-06-14 08:22:06,0
3bdf7af7-d64d-44c4-a4b7-823791ecdb1d,good,5,2026-06-14 07:58:50,0
cef52224-3418-4dd0-a2e3-330a44d44351,5 🌟,5,2026-06-14 07:55:27,0
01b60bc6-119e-4799-97c9-475d2380559d,bagus,5,2026-06-14 07:32:41,0
9d3c380b-322f-4d63-bf50-01626bd6997a,"I don't know what's in dev mind. STOP forcing me watching videos on starting app! I will watch when i want! and please fix this bug where when i click back button, it exit the app. back means back to previous page, not exit from app😑",1,2026-06-14 07:06:18,1
69447b85-6981-4c1f-b27b-fb63614aaea4,Excellent services,5,2026-06-14 06:55:49,1
1e4f84f9-1b5a-44af-b647-45743c730a2b,"bagaimana saya hendak mengaktifkan spaylater motorcycle?, saya amat berminat .",5,2026-06-14 06:53:42,0
ca8d3850-c791-40ff-b1db-f8c16a956bf8,"this apps is good, but can be improved further, in my experience the promised vouchers don't always appear when we want to make payment, we need to search back somewhere to tick the vouchers, many times if I didn't check back the price at the checkout page I would have missed the vouchers.",4,2026-06-14 06:28:27,0
175e9fd9-5d3a-456b-8861-cb69f196f33c,nk buat payment sopeepay hang molekkk,2,2026-06-14 05:33:40,0
bedf70a3-6f31-463a-b3de-ddfcc2f6f437,10/10 rating ..,5,2026-06-14 05:28:08,0
d6002f27-280b-4b64-b193-55a337772c3a,Boleh dipercayai menerusi penjual²nya,5,2026-06-14 05:12:03,0
42c2b79a-015a-4ef0-a5de-6340b67e9fe4,this app so good 😊👍,5,2026-06-14 05:05:36,0
d30bbd79-848c-4e0f-93a7-9d420dc67fb1,"BAUCAR TDK DPAT GUNA, sgt mnykitkn hti.",1,2026-06-14 04:57:29,0
a9abe1ac-90bd-4296-8872-bbdbbd28f0f6,love the new update where shopee constantly notify us ( affiliate ) regarding item commission expired and suggest product replacement where the commission is available. Please continue don't remove this features as it really help us ( affiliate ) a lot,5,2026-06-14 04:24:50,30
cc617232-bf46-4088-a295-d42d39f600f3,mantap jiwa terbaik dan sangat2 memuaskan very2 recommended,5,2026-06-14 04:11:52,0
636f8030-e2c1-4318-ace1-454a47d34229,Often happens lagging. Grab coins get stuck always.,4,2026-06-14 03:20:55,0
6ecb8c5c-42a1-4c29-86b5-603f254cf062,nice,5,2026-06-14 03:08:53,0
820b6f8c-54c5-4d53-a876-f70f34d3b1ba,good,4,2026-06-14 02:34:44,0
7dae1a2b-143d-40c4-9941-5700b9a2389c,So far so good...make my life easy without go out for shopping...thank you SHOPEE...,5,2026-06-14 02:20:08,0
9e2f64d8-61a2-4156-a065-02262857630e,Sgt bagus,5,2026-06-14 02:18:40,0
fee64476-0c4b-4c6f-888d-a6fdfe381a91,gud³ yes²,5,2026-06-14 02:18:27,0
c48db1f4-d68b-4ec8-b48b-a1e0887a3e20,"teruknya app apa takthuler ,tetiba ban org ,padahal tengah beli barang , baik padam je app ni ,tak berguna langsung",1,2026-06-14 02:11:29,0
8c54b644-b877-4c7f-bc0b-1072558ff861,barang harga murah Dan Spay later mudah d guna kan,5,2026-06-14 01:19:21,0
a5accf2f-2b4f-4726-930b-732f44cd8707,can't buy things,1,2026-06-14 01:13:27,0
b6d8dbfb-7670-482a-bd43-ad71ead429f2,good,5,2026-06-14 01:09:20,0
b9559cf1-f314-4dd8-93ca-88281b7d7a2c,Lovely,5,2026-06-13 23:13:09,0
94ff5566-5726-42ff-a6e0-070e2d872484,Well informed during live session,5,2026-06-13 18:11:28,0
767b970d-d087-4236-b19a-ee2e4f196587,helpful,5,2026-06-13 16:44:07,0
c076e9cf-d047-4907-b486-553c6ddfcd55,amazing,5,2026-06-13 16:21:06,0
b8e8d8fc-2926-4fdb-b3fb-1767c5fc5ef7,bagus,5,2026-06-13 15:46:22,0
e010e617-13ad-4b07-91a3-2c72aab44147,Love shopee app,5,2026-06-13 15:04:19,0
1ea4fa6d-834b-40b8-9302-690ae050a1f3,"I paid RM200+ for a same day delivery product. The item is packed but never shipped out even after 4 days. The system says the order will automatically cancelled but it never did. I request to cancel it myself, instantly get rejected. I file a complain to customer service and the agent straight away marked my complain as ""resolved"", without actually doing anything. Until today the parcel is still not shipped out and I never get a refund. I made a report to KPDNKK and let's see.",1,2026-06-13 14:04:22,3
69003bc9-7abf-4fb8-a21a-3318f078e7ab,"I don't like that I can't turn off the indecent ""Discover Video"" section on the home page.",1,2026-06-13 13:21:31,2
3b446224-b0fe-4310-a0d5-ea3c32e5ee33,good,5,2026-06-13 13:16:04,0
a2fc0192-48b2-431b-b5da-80b6bd925f31,good,5,2026-06-13 12:48:41,0
4bf3cf91-462a-41fc-aef8-99833c00029a,good,5,2026-06-13 12:46:00,0
55e968f9-94ca-4fc6-8513-1c8ff05a6d32,"please shopee, if i go to shopee paylater, it said that something is wrong and bring me back to home page. How can i pay my spaylater if i cannot enter the spaylater??? please fix it ASAP!!! Why you guy not fix the problem yet??? The shipping so late, and the live agent keep telling the same answer... my rating will not go higher than this if you dont fix this prolem.. until now, the spaylater also the same, i cannot pay peacefully!!!",1,2026-06-13 12:29:21,0
2e894adb-86e5-4337-98bb-2a0a8aa4dde7,good,5,2026-06-13 12:11:03,0
32483249-12cb-48e8-88cf-d779ae73b9ef,Enjoy,5,2026-06-13 11:12:42,1
f6efc2d4-4f66-479b-b30f-4ab45e5edfed,apps dah semakin baik. user friendly sangat.,5,2026-06-13 11:11:09,0
ee6048c1-cc23-4271-b01c-5fd4d5b47e02,The service is satisfactory and meets current tastes.,5,2026-06-13 11:08:45,0
3013bc40-d319-4116-8f0a-3d4301c9e42b,"easy to buy anything, I've been using this app for 4 years and the UI and overall experience doesn't change at all,it's still the same and I like it🤩",5,2026-06-13 10:58:33,0
8cb0c528-0116-45f3-acd0-be8c04ae878a,hmm ads so annoy..high prices ..btw . Subhanallah.. appreciate it thankfully kindness good human..have a good Life 🥰,5,2026-06-13 10:28:35,0
073b1517-18e5-488d-b58e-3ba98dde8bf2,"Similar Product Review is a scam, ShopeeFood stackable voucher is another new scam",1,2026-06-13 10:14:31,1
37177ceb-b1f0-4399-8afc-571533462079,good,5,2026-06-13 09:48:40,0
a303cec8-29e0-4ec6-b724-28ca5163c246,The ads are very annoying.🙄,1,2026-06-13 09:40:58,0
6c320998-10c4-4f44-bee0-0ecfee393a61,good,5,2026-06-13 09:40:54,0
87d45b61-4c0d-4215-8feb-19f43cd565f3,nice apps,5,2026-06-13 09:40:25,0
797db4c0-014f-41cb-ae44-4c67d8f7298c,Good,5,2026-06-13 09:33:23,0
cedebc1a-65c2-4da8-bbfc-95ac405690cd,good service and marketing😁😄,5,2026-06-13 09:25:27,0
4faf6ad1-4284-4086-81d2-1ea6ecea6761,nice app,5,2026-06-13 09:23:10,0
67436f91-9e46-480d-b09d-108c99d968a2,"Shopee MY best,best and the best",5,2026-06-13 09:01:19,0
500cea93-6015-4a4e-9c3c-ad8b9759e43d,the best apps and shopping,5,2026-06-13 08:50:57,0
0f27c7ec-8605-40cd-8da5-9f0a5e60e2a0,👍,5,2026-06-13 08:38:57,0
d1e95cf3-b81e-460a-a50f-73bf835e00d9,"Dear Business Unit and Devs, It is extremely frustrating that the live videos or videos needs to be paused everytime loging in the app and unable to mute. 1.AutoPlay settings is totally removed 2.Mute button on video removed. For quick purchase during in public or while in office is not as convenient as it used to be. kindly consider a solution on this, thank you.",3,2026-06-13 07:59:48,4
15de185f-4caf-4f3e-b0fe-d5cb83573678,ay app is very good but i only hate that i can't buy anything on shopee and when i use another apps there's still shopee ads i hate it and only shopee ads instead others ads😭💔🥀 my name is chungus the keye🥶🐐,1,2026-06-13 07:27:04,0
fb696d01-3b65-4c45-82d1-450e91e7114b,good,5,2026-06-13 06:54:19,0
0e490322-1299-480e-ab8f-743c8c344d37,terrbaieekkk.. mudah.. cepat.. terkini,5,2026-06-13 06:38:07,0
201c4aa7-896d-4ba1-a64f-1ee3221b56fc,"iklan banyak tambah lagi pangkah 3 kali lepastu pangkah kali ke tiga tulis get ,kalau ye pun pangkah 1,2 takyah lah tekan masuk app shopee yang ke 3 tu baru masuk dahlah iklan belambak ,serabut je",1,2026-06-13 06:02:31,0
a0d70233-f1b5-4bd8-85b3-f4c0a46b5565,"Sy suka beli kat platform shopee ni..barang berkualiti,harga berpatutan..dpt diskaun berbaloi sangat.. recommend shopee",5,2026-06-13 05:28:40,0
a94b2c97-94eb-4bd7-881f-f22a526cd317,Very convenient online business & shopping option.,5,2026-06-13 05:20:25,0
147bee06-9207-474f-97b3-b43b28e14ebb,so much bloat,2,2026-06-13 04:59:43,1
42f08e9a-cbee-48d8-b0ad-ece1a5b267af,This interesting app that i always use to buy the item,5,2026-06-13 03:44:22,0
204ded91-6844-44c8-975e-ed92ab0da768,"Live videos have become increasingly annoying as they appear immediately upon launching the app. AI‑generated videos are getting out of hand, and product videos often don’t match the actual items.",2,2026-06-13 03:29:17,4
cdefda75-b0cd-4ef8-88f7-f6f5f3d78210,the self collect centre is so stupid,3,2026-06-13 03:01:41,0
57452036-26da-4df8-a856-c5b2475e3b3a,easy to use,5,2026-06-13 02:51:50,0
b30302d9-73a9-419b-babe-50e93a86fd2b,"Cannot use shopee pay on promotion day, then for what we topup shopee pay if cannot use it? Lost our voucher because of this issue. plus certain agent cs shopee sangat tak profesional",1,2026-06-13 02:17:04,0
8ab999bd-db63-4a65-85bb-ef99e5aaf2d8,Been using shopee for years and it serve the purpose,5,2026-06-13 02:00:55,0
48fd215e-0745-4110-a307-087c0f72c879,"Cuz every second i try to read on Wattpad or open another app—this freakin 'Shopee' always pop out and its annoy me to the core!!! It's get to the point that i think i should just email them to stop advertising using that way. I mean i will still use you but if this keep on happening— it's giving ""toxic boyfriend"" vibes.",1,2026-06-13 00:58:53,0
08617c88-f80d-4ceb-ac23-83d122608e52,good,5,2026-06-12 23:57:54,0
f14014db-25aa-40d8-a0cc-9184a4eef587,My favorite e-commerce platform & place to shop. The Best.,5,2026-06-12 21:53:19,0
e46a6d6f-81b1-406b-8c84-e3d415adfe29,"Shopee is and will always be my go to when I want to buy anything and everything I prefer at an affordable price, fast delivery by just staying home. Thank you Shopee.",5,2026-06-12 18:16:50,0
ad775bf1-b1cc-4e2e-8ce8-268fcc95a3f8,"great app, I've got so many free item😆🤣",5,2026-06-12 17:25:32,0
20613bf2-c607-4c8f-a58b-5c93070bb820,"shopee my mmg ok, tapi limit mmg x z cukup",4,2026-06-12 17:18:47,0
7881f515-fdfb-4e9c-9bf7-d391a0f96c88,Nice!,5,2026-06-12 16:40:49,0
8877f3c1-4f02-4684-b548-d7837077e75e,"shopee ada games pop bubbles to win coins, untuk game ni rasa setahun 2 baru daoat sekali redeem coinsnya tu pun untuk 1 coin berapa ratus je diamond tolak (sekali je redeem).. habistu yang beribu tu simpan untuk 2 ke 4 ke 6 ke 8 tahun lagi ke? please up to date semua games make sense sikit pleassee",1,2026-06-12 16:19:31,0
e5b82902-43ba-4b36-9a8d-b12023866d6e,why does this app keep forcing me to open it!?.. even though im playing games or doing work.. it keep forcing me to open it!,1,2026-06-12 15:56:35,0
75fe665f-40f1-4b49-aafc-5dd1c6b88279,convinced,5,2026-06-12 15:42:08,0
3270728e-f039-4c0a-a65a-753f03754fcd,semuanya mudah,5,2026-06-12 15:41:08,0
cb31a10f-99d9-47a1-a3eb-8f183bcc5523,"just ew . everytime i go to any website or apps , shopee ads is everywhere . and im so annoying with that bruh . ew",1,2026-06-12 15:14:57,0
1e000108-4a4d-4cdb-9817-6db076b18b64,I'll actually give this app extra 999 aura lol,5,2026-06-12 15:12:46,0
47755998-f049-4b42-878d-a9f8abf2dd59,"Many sell non-original items, for example electronic brands such as Makita, Bosch and others.",1,2026-06-12 15:11:52,2
64f535e0-2d8e-4272-a6bc-46fb30a614c7,Good apps,2,2026-06-12 14:17:20,0
d9feda77-3535-461c-ba63-4a509611bdef,hi so pls stop putting ur ads on unescecary places. its getting irritating,3,2026-06-12 14:05:20,0
d7b184f0-cf06-40d9-9309-782970d1befe,Pleasant every step of the way. Enjoy using it every time. Still the best online shopping experience. I love this better than Tiktok.,5,2026-06-12 13:51:57,0
c6150c85-6684-48c5-8af5-3e277687d64a,lovee sgt !! byk voucher sumpah membantu student yg nk beli brg 🫶🏻 shopeefood pun murah sgt byk potongan hargaa mak lurvee !!,5,2026-06-12 13:15:17,0
e5a5ac40-ced5-4b2e-bb13-a350488f4974,I do hope shopee will have better improvement on time shipping and free shipping matters.,4,2026-06-12 13:03:29,0
511ef0ad-68d4-4afe-bb3d-0bedbe5f4bff,Bad signal performance.. slow.. when enter to cheak my order.. its only show white screen.,5,2026-06-12 12:46:47,0
11bb26f3-946e-40b9-800c-0d1b614601b9,very bad,1,2026-06-12 12:22:52,0
a824f4fa-7c24-4ea1-a089-e61de23c3789,good service,5,2026-06-12 12:09:15,0
1356c94b-417c-4a5a-97ce-80c191edd721,"Shopee semakin tamak & kedekut. Dulu boleh kumpul daily check in coin & ""tap"", then after checked in for 6 consecutive days, dapat 11 coins on the 7th day. now dapat 1 coin or dapat voucher tak guna. Dulu when we do purchase review boleh dapat 10 coins. sekarang 5 jer. dulu coins boleh simpan lama. now ade expiry! dulu rajin scroll shopee just to kumpul the coins and most of the time i ended up shopping! sekarang malas nk scroll dah. dulu setia with shopee now dah banyak alternative lain. bye!",2,2026-06-12 11:42:47,0
b1e9c5f8-3282-43e3-a15f-fe36a505cf4e,So far so good 👍......suggestion: need to brain storming to improve and choce the great supplier in shopee.,5,2026-06-12 11:38:43,0
ac12b1fd-2e5a-4988-b809-26fcae747ed0,online shopping made easy,5,2026-06-12 10:50:48,0
058c225e-9abd-44c2-b2a3-d78739e9842c,good apps for shopping,5,2026-06-12 10:46:24,0
c07b18ad-2a81-45d9-a6de-32154b97a709,nice,5,2026-06-12 10:26:06,0
1fd54242-1e01-4085-ae5b-d7f5a83ec61f,"A wide range of products are available on Shopee. Reasonable prices, Fast delivery. Any issues are resolved in good time and amicably",5,2026-06-12 10:09:46,0
f40042c5-6c7e-43a9-97c6-a0ad57dd2820,Shoppe terbaik..harap Shoppe terus jaga kebajikan pengguna² shoppe supaya tidak di tipu penjual² yang Scam jual barang D fact atau barang yang tak sama seperti di tunjukan ..,5,2026-06-12 09:35:43,0
7411d663-1fc4-4dde-ab72-f3ba99bf80ab,Fast,4,2026-06-12 08:11:42,0
5f8382fb-7bd4-4120-b50c-bd60645aafcf,good,5,2026-06-12 07:56:59,0
c58fddd0-88d2-4901-8e7c-caa8a858d543,best,5,2026-06-12 06:52:34,0
6f024ed3-96d0-45c3-b939-c82be9208bd6,good service,5,2026-06-12 06:37:42,0
4b84bbb0-d958-441e-96b3-cab591def466,Feeling satisfied with products.Good experience.,5,2026-06-12 06:15:15,0
9e68a38a-039b-481c-a9b7-bb9fc92d25bd,makes it easy to communicate. return & refund is easy,5,2026-06-12 05:55:24,0
98d59901-e904-4174-ba7b-42287dfd0d3c,bagus,5,2026-06-12 05:52:59,0
e2294830-facc-49cb-ae07-eaea74213d28,very good service & receive on time,5,2026-06-12 04:58:51,0
9fc2a796-1b64-40bd-8562-d8ccf3b59984,Very reliable & efficient. Delivery true to the date stated,5,2026-06-12 04:43:59,0
9fccbfc0-5044-402b-936a-9a046645a033,best,5,2026-06-12 04:41:31,0
fdb8614a-051c-4dc1-aa75-eb4b2d2ce782,"fast delivery, many good buys and value worthy promotions",5,2026-06-12 04:02:01,0
35b8d842-eb04-4a40-8ad8-aa6173b65208,barang sampai dlm keadaan yg baik .. walaupun murah tp selesa dipakai,5,2026-06-12 03:57:20,0
e8f42002-8472-4e7e-8d88-88c21e9c3a2c,"verry Good, love it",5,2026-06-12 03:44:59,0
d34476be-6c81-4068-9983-d67b495b0f4c,mantap 👍,5,2026-06-12 03:18:06,0
8beda1d0-d6e7-43b2-a438-ced4c4113560,Excellent and Friendly,5,2026-06-12 03:11:40,0
9bd7f4fa-9338-49fc-9511-51237defe0bc,"for what I survey and collect feedback from different user, the voucher and coins are limited when you used it long term, they'll ban you from using it, And it gets expensive when you are regular customer or VIPs, for affiliate they will keep ban you for reason of nudity and sexual activity not double checking the content no matter if you have file a report for many times, shopee is going down for sure. and greedy.",1,2026-06-12 02:52:04,2
b6efce12-6fc0-431e-b98a-ea1730538a37,👍,4,2026-06-12 02:45:47,0
ba662a73-0da4-4060-a80c-293662ecb45d,wonderful app,5,2026-06-12 02:40:49,0
307140f1-e681-440d-9064-894535a4e346,super fast,5,2026-06-12 02:38:55,0
dd5ee2ec-23b7-486a-ab58-b80d1e01fc70,A very good place to shop online.,4,2026-06-12 02:16:42,0
5b1f8c19-e998-4306-a9ad-d444fb998bbd,terbaik. banyak Promotion,5,2026-06-12 01:57:05,0
85edac5a-0930-40b5-8692-e5083d17cfd9,"prompt delivery, genuine goods, good price for money.",5,2026-06-12 01:11:40,0
1b4544fd-5ea1-42c1-ad61-02cc28edddae,easy,5,2026-06-11 23:49:14,0
cde55291-6cb8-457d-a05c-d8d92f0825f8,shopee always my 1st choice to shopping...more cheaper from others...easy to delivery n easy to handle chat...,5,2026-06-11 23:35:39,0
72784077-cc9f-46e3-acec-ac78fde7189f,"paling terukkk di banding dengan tiktok, sudahlah penghantaran lembab 😡 dari tahun lalu daftar shopee pay sampai sekarang reject bodoh padanlah kalau customer semua larik",2,2026-06-11 23:03:12,0
0b9b84ae-5856-4430-bb48-34b344f3030e,Boikot shopee. Beralih ke platform lain. Shopee is scammer.,1,2026-06-11 22:39:06,1
5c884bbc-de84-4882-982d-6d05aacf9ea3,Good Service n Fast.. but can still get more higher then this to be_*1st*_shopping app to user choosing..like make a better choice n giving up a litter more coins to everyone funky shopping at the same time.. trust on it. 🌟🌟🌟🌟🌟😎,5,2026-06-11 22:30:42,0
552bc12d-004e-4b4e-a430-896de8bfd368,Worst service,1,2026-06-11 22:25:08,0
4f2a0445-d4b9-4143-a8eb-0b6d2b57feb5,i had no issue about the app but... the issue is that lately my order is extremely hard to deliver and already delayed like alot... and even customers service doesn't even do much... and no wonder most of my friends didn't like to order something in shopee instead and go to another services because it was faster than this,1,2026-06-11 21:48:41,0
b06495b9-46b0-4a14-8142-00088d080fae,the discover videos only shows big boobies. no new products to attract interest for something new,1,2026-06-11 18:33:52,0
fb6e3cec-266f-4a24-a055-565a8a25ab71,Make my life easy,5,2026-06-11 18:15:09,0
9da2f94e-93a4-4c2b-b335-bfc78282128b,I'm the one who get screwed so many time then I can't get a refund??? your team screw up and somehow it's my fault?? bull,1,2026-06-11 17:47:21,0
24238c22-faa3-4f72-bce8-e2a3b2124598,Very good in Malaysia shoppe and fast service,5,2026-06-11 17:39:39,0
31a60c8f-4a3d-41fd-a529-a98f1c77454c,their ads is annoying.,1,2026-06-11 17:19:16,0
ff529fd0-a400-4ef9-9143-ddffa485f47c,everytime when a app shows an ads and its always been shoppe ads and its annoying because everytime i click anywhere the ads i will bring me to shoppe,3,2026-06-11 17:11:28,0
2ccdde0d-2154-4af0-887f-110898ec8513,"Great shopping app with competitive prices, frequent promotions, and a user-friendly interface. Shopping online has never been easier.",5,2026-06-11 16:52:05,0
72e7dcc1-0090-4896-acc4-a0fef88c466c,it's so bad as no one use it adds comming cuz it's bad,1,2026-06-11 16:41:24,0
5c9dbe4b-12c4-46a5-9ba6-175713defb96,mantapp,5,2026-06-11 16:10:31,0
0cee7256-fa2b-40c0-bcee-a58695de70bb,"Its a very convenient app for online shopping. I like how easy it is to search for products, compare options, and read customer reviews. Overall, a great app that I use regularly.",5,2026-06-11 15:53:41,0
239d85a1-d9b2-44c7-9fc0-2592732dd9fb,Good Shopee,5,2026-06-11 15:38:03,0
78005f12-598e-445c-9879-96928b1859bc,terbaik membantu,5,2026-06-11 15:36:04,0
68e700ad-7b91-4edc-9278-b7f2b9a9c12b,good and trusted,5,2026-06-11 14:34:16,0
e2f2b0ba-99b4-43ad-a2e9-55dacfbb2a3c,"Good,Smooth and excelent",5,2026-06-11 14:30:20,0
a8efb260-6d14-4faa-b0a0-c3be7ffc36f1,kalau kesal tolong la fix...puluhan Kali install Dan uninstall app shopee kat Huawei Aku hah...dah report kat costumers service harammm langsung 1 hapa tak jadi..app error loading/problem server...malas nak layan cakap la.tak payah la nak menipu PENGGUNA suruh tunggu masa 24jam.1 haram tak jadi apa apa asyik keluar loading error/server problem.Dev shopee buat apa ?menjubo ke apa?...takkan suh tukar telipon baru pulak..?app shopee bermasalah,1,2026-06-11 14:10:14,2
6828fb98-2546-4d3d-abf5-05b6afb180c0,"I often use Shopee because it offers good deals, fast shipping, and an easy-to-use interface.",5,2026-06-11 13:51:46,0
e5de2482-34a1-4fd0-b799-4fcb01809920,excellent,5,2026-06-11 13:50:34,0
a3267e5f-d028-401c-a71c-8e68a1b121cd,"I enjoy using Shopee because it is very easy to use and convenient. The app is user-friendly and I can quickly search for the items I need. I also like that Shopee allows me to buy products from around the world and giving me more choices at affordable prices. The refund process is simple and smooth whenever there is an issue with an order. Another useful feature is SPayLater, which gives me flexibility when making purchases. Overall, Shopee makes online shopping easy and convenient.",5,2026-06-11 13:40:16,2
61d6c5fe-e285-4171-83be-a8572b9675bd,ok ok,5,2026-06-11 13:35:17,1
10d6e99c-8f8f-4d43-9047-f6a6a6db4064,So far all service is good👍👍👍...also seller & courier faster doing a job before shipping.,5,2026-06-11 13:24:11,2
18a320a5-e7fc-4778-86b2-14e517d0af3b,sangat selesa.,5,2026-06-11 13:00:41,0
a34656b9-9cfc-42ca-bc2a-8aea8dd5ad7f,shopee jom jimat is a scam i purchased it.. suddenly my nearest restaurant out of stock.. then it pick other nearby.. DELIVERY RM11.. Scam idioot shopee,1,2026-06-11 11:51:13,0
3013b8e0-23d6-4aba-af71-bc8ebb466daf,good app,5,2026-06-11 11:42:38,0
1c51e4ea-ff7d-4eec-a3b4-14dd3aa19880,terbaikkk 🫰,5,2026-06-11 11:38:40,0
3119bb33-9a77-4427-81c9-31a37eff1bd2,ok,5,2026-06-11 11:08:46,0
59d02fdd-1142-46f4-92a4-fd05adece486,bagus,5,2026-06-11 10:55:55,0
578b9c80-6b6b-42a0-a53a-d53bd71d10a4,"Shopping platform paling user friendly, pilihan paling banyak dan harga terendah.",5,2026-06-11 10:55:35,0
d5108305-417e-4045-82fb-97af5a75bea1,banyak barang murah,5,2026-06-11 10:50:13,0
76d9a2bf-edcf-4513-a39a-283e3086157e,Great job,5,2026-06-11 10:45:44,0
44649536-d148-454b-8813-39513ca26d50,good,5,2026-06-11 10:20:48,0
fb547474-00c4-43fc-8717-296131a75b42,best,5,2026-06-11 10:10:01,0
53279e15-6746-4d42-b50b-a5626b58ff82,good service,5,2026-06-11 09:36:55,0
df2671c3-285c-48c5-b06c-aab1e0dfd870,Please don't promote your advertisement when not needed.,1,2026-06-11 09:34:59,0
11365408-4d16-4110-b14c-ed590a591fec,SHOPEE app is very useful 👍,5,2026-06-11 09:25:02,0
382777fa-9ffb-49b5-89c9-06ef16ad8a02,The best👍👍👍👍,5,2026-06-11 09:23:58,0
cc959ee4-3e59-4ae9-a143-371e03e8da08,good,5,2026-06-11 09:15:38,0
ec567d69-5baf-43a0-8933-6c7418ad3094,"aku suka Shoping.. Lagi lagi online, Pehh",5,2026-06-11 08:41:15,0
cb2f5188-0f1f-4860-9412-2fe07434b9e3,good apps,5,2026-06-11 08:30:28,0
0bfbe909-5507-4650-ab84-ae8464eb4408,"A highly convenient e-commerce platform with great discounts, flash sales, and affordable shipping options.",5,2026-06-11 08:27:41,0
356b5e17-3de8-4453-bfd5-1379f5ff7982,I've been using Shopee for years and had a positive experience. It's a great online shopping platform. It's offer user many vouchers and promotion.,5,2026-06-11 07:53:32,0
1d231220-8fbc-43cb-91d0-0bee2643678e,"Good apps, easy and user friendly",5,2026-06-11 07:47:37,0
fc6c4136-0228-444f-bb46-753a940e3f29,I love shopping at shopee🫰🏻🫰🏻,5,2026-06-11 07:34:53,0
24649245-2b9c-4f8d-9d13-22a312734801,I DONT LIKE SHOPPE BECAUSE THE ADS SHOPEE KEEP APPEARING AT MY GAMES AND IT MAKE MY GAMES RESTART WHEN THE SHOPEE ADS TAKE ME TO THE APPS!!!! THATS SO DISGUSTING,1,2026-06-11 07:32:12,0
35ba4894-941a-463c-8b45-b3c8bba7527a,Very good apps and many utilities that are in the same place.,5,2026-06-11 07:24:56,0
fc1309fb-04c3-4425-a82a-e2db63507d1c,LAMBAT DAN TAK PERGI KE TEMPAT YANG SEPATUTNYA. SAYA HARAP SHOPEE TUKARKAH KURIER KERANA KURIER SANGAT TERUK DAN BERMASALAH,1,2026-06-11 07:05:26,0
575b90a6-8336-485f-a054-41db2a9f3b02,this app slows down my phone e like crazy. its the stupidest app I've ever installed and i hate it.,1,2026-06-11 06:55:41,0
b9b5125e-ace6-4494-8086-99edcd51ad20,shopee 👍👍👍👍,5,2026-06-11 06:49:01,0
fc5a1446-8330-4c19-997a-8d1c2d07f47e,ok,5,2026-06-11 06:32:37,0
5e72e26b-cf0d-4325-9463-c705a1711c36,"I'm not happy with shopee since they change the watch and track coins for 60 minutes into % capped cashback ,i hope shopee should return the watch and track coins for 60 minutes to give % make it cheaper . Secondly the 12:50 pm surprised voucher anger majority customers because always out of stock in 1 second,hope u all give baucer istimewa better than surprised voucher. If u dont return the old way,i wont used shopee anymore!",1,2026-06-11 06:26:22,0
401c56c9-21f6-4329-8c20-beaa280be7b4,mantap,5,2026-06-11 06:05:30,0
84a4aa2e-0a32-40cf-bc38-448357589484,👍,5,2026-06-11 05:51:51,0
ac31f185-0298-4a11-b7ec-bb5d6b972eb9,Puas hati,5,2026-06-11 05:02:39,0
32fb63bd-930f-4ae2-9c4a-0b154f762692,Shopeefood no need to put the jom rebut deal redeem in the selection if you cannot cover the distance. How would we know the shop is far awayor not. Not to mention the redeem cannot refund. Very disappointed,2,2026-06-11 04:47:08,0
6beb9506-6f6d-4447-b1f9-9a4827ed9029,SEA good produk n jenama terbaekk.. saya puas hati.. Tq Seller..,5,2026-06-11 04:23:48,1
a6677b27-f43b-4386-bb99-55e986f11e07,good,5,2026-06-11 04:12:20,0
32830d48-ee42-4765-8e28-6d1ef012311f,"""lagi murah"" can't be use the shocking sale anymore so how is it lagi murah should just rename the voucher to murah sikit jer",2,2026-06-11 03:09:39,0
f0ed5f06-67e1-4f60-b489-91751591093a,"This app has changed how I shop and living on an island it makes my life a lot easier anyway. It is a very safe way to shop, and eventual problems, which are rare, are quickly settled.",5,2026-06-11 02:58:01,0
26f8a6e7-623f-4e2e-b5be-dcc07ba463fc,wow I already withdraw 50 coins from shopee is it real I'm so glad just to know I have the chance to win and collect it thank you shopee 💕💕,5,2026-06-11 02:30:02,0
b8100bdb-6c75-4754-b266-d6b65ff6c56d,Shopee used to be a good app.Their recent changes had a lot of my friends irritated. Have been a long time buyer in a seller account & a good paymaster when it comes to paying b4 account due in spaylater.So later i decided to cancelled my seller acc and download another new acc as a buyer. But they ban me in spaylater saying i am using the same ic.Their customer service which is handle by a filipino doesn't even answer my query about shopeepay address which don't allow editing of address to buy.,1,2026-06-11 02:26:38,1
b12c5de6-f525-430b-b4a7-f5d8a1011521,"There's always something exciting in Shopee, however, it would be prudent to double check everything before you hit the order button.",5,2026-06-11 01:46:39,0
58dbc20b-a045-400b-872e-0f3443c5cbc9,"User-friendly app with competitive prices and a great variety of products. But as the longer I use, the less discount voucher I get from the app system.",5,2026-06-11 01:42:15,0
ed2dffa6-5ecd-4b59-91e6-88f06f256a6b,"Almost everything in my though to find, there is always in shopee and its comes with few choices.",5,2026-06-11 01:26:10,0
bd5b2b80-9a5d-4507-83e8-0920219d12d0,barang2 berkualiti dan berbaloi.. utk pembelian tgk dulu review customer lain sblm membeli bagi memastikan Pengalaman membeli yg berbaloi,5,2026-06-11 00:59:59,0
d3797961-3991-496e-a09e-18336bc88b1b,my account restricted many time request but not yet resolve😜,1,2026-06-11 00:35:45,0
75eac4c1-c555-476f-88bb-3b5c4a2e564b,Saya tak mau ad Shopee itu ok🤬🤬🤬,1,2026-06-11 00:33:40,0
dfd4518e-33ec-474d-8ce3-53e0566ff381,"fix your shoppee food, there are no drivers and always cancel my order after 1 hour making me wait for nothing.",1,2026-06-11 00:27:51,0
be979eb0-6b2f-4308-aff8-97228d8caa12,Good apps to buy a thing and trusted .. i love use this app because easy to use and have a lot of good quality and price,5,2026-06-10 23:47:57,0
1f4b72fb-49ab-4d41-8c20-3ce691060ec8,Good apps.,5,2026-06-10 22:54:30,0
393a8283-009e-4b44-907e-755464ebf1bd,sangat berpuas hati. barang yang dibeli sampai pada masanya. kualiti okay,5,2026-06-10 20:28:13,0
519ea4d2-5a29-4563-a03c-2556a1dd88b5,"I have purchased items through my Shopee account and I waiting for my parcel and pin number, but today Shopee suddenly banned my account without any reason or evidence. I wanted to create a new account, but Shopee would not allow me to create my new account on my device. From now on, I will put Shopee on my blacklist.",1,2026-06-10 19:48:38,0
196b0440-9668-439c-a080-bac2337341b0,ok,5,2026-06-10 19:33:14,0
476589be-6f02-4189-8e0a-fc5c0b2ce918,"The worst thing Shopee has done - Turning itself into a soft porn app, recommending nsfw item to male user (not even related to our previous purchase and search history, this was comfirmed by many user globally) - Intrusive pop up games, live, video or whatever it is. - Misleading pricing by making it appear lower price by showing installment price first. - Search results are flooded with endless listings of the same product, leaving very little variety. - Filled with AI SLOP product videos.",1,2026-06-10 19:27:24,2
ed48c7c2-4eb6-4e18-8414-902e36fde8ee,"good for shopping apps, trusted all sellers, all sellers sell products follow experience, you buy products follow more experience ring that, it very smart..",5,2026-06-10 19:24:34,0
ceed2ec8-9a26-4da0-975c-64848c795b3d,terbaik ⭐⭐⭐⭐⭐,5,2026-06-10 18:47:23,0
24ae0c14-e8a6-4f60-9f98-ff5e356142b1,good,5,2026-06-10 17:03:08,0
b82438af-1c63-4d9d-a993-0dce58b122a7,good,5,2026-06-10 17:00:59,1
d5bebf90-3902-4087-a064-a3c257caacd1,i become shopee maniac since long time ago. VVIP user Platinum,5,2026-06-10 16:26:14,0
f8fd4aba-c485-429a-b4a8-8f089f58fea4,excellent,5,2026-06-10 16:15:49,0
2f440a7a-57ee-4cc8-b540-877ee09a0751,spaylater tukar la tarikh ke 7 hari bulan.. ni letak 5 hari bulan. dah LA gaji 7 haribulan.. nangoi betoi sapa yang Noh tarikh tu.. nak makan duit LA tu.,1,2026-06-10 15:27:16,0
43f5bfa4-a73d-4249-a492-68331086131a,Best shopping app,5,2026-06-10 15:10:06,0
fbb33a95-00e2-4692-a7ad-09dde7597c5f,awesome,5,2026-06-10 14:40:34,0
3172977b-7519-45dc-b413-32287bb2b0c7,Live video on startup is so annoying can we please make that an options instead of forcing people to go to live video,1,2026-06-10 14:28:53,0
e0997bd0-f9b7-4461-98f9-7dd40cccb474,My fav app,5,2026-06-10 14:21:54,0
2f06cc8f-dc70-4dba-b404-7b6460540440,"good, except for the madness events, too many bots competition",5,2026-06-10 14:18:28,0
dc6d4b0f-3de2-43f4-96b3-840374407d43,"Shopee is excellent for online shopping. The promotions are attractive, checkout is easy, and deliveries are usually fast.",5,2026-06-10 14:01:42,0
233f495f-1521-4d6f-a363-9a9bbdd49a8f,"Mudah bersama shopee bnyak kemudahan dengan harga yang berpatutan,recomended...boleh hutang pulak lagi tu haha pandai2 lah ko kambus.",5,2026-06-10 13:45:27,4
7248e234-c1bb-428c-8c93-65697f4827e3,The worst delivery app.Take too long to load.jamming while loadin.Lag and always late delivery and scams likely.,2,2026-06-10 13:14:57,0
b8f6dadd-afa1-44d9-b0a9-7611dba2779e,"Shopee shipping is super slow, customer service was not helpful at all, close my case without solving the problem.",1,2026-06-10 13:10:32,1
efa71070-7cfb-4c66-8f89-7cbfe286e925,good experience. like the app n pricing.,5,2026-06-10 13:08:41,0
0808ab41-0922-43e4-82dd-b0ccd72b0560,excellent,5,2026-06-10 13:06:33,0
c0faf6bd-8fb3-45f6-95dd-1694e8558a3b,useless,1,2026-06-10 12:40:33,0
807b4ad7-ebe2-42b8-9187-416dc19c58b7,shopee shoping simple buy now pay later buy now pay later dapat gaji pun later,5,2026-06-10 12:29:07,0
078d8eb3-15ea-4380-a494-a4f3c648fd16,Recommended for the people that like online shopping,5,2026-06-10 12:00:57,0
00f03471-6c1e-432b-8cbb-70e11db607d5,All in one stop center for buying things.,5,2026-06-10 11:49:23,0
b8e1bccb-cef1-4f3f-9361-e9e8420f4e23,Petty shopee. Now watched all different 250 live and only get less than 20 coins a day. Wow. Wow. Wow!! How petty!!,1,2026-06-10 11:41:52,1
90f170f2-4a4c-4a04-8c73-40300898189a,Im so happy for shopping with shopee,5,2026-06-10 11:26:50,0
f79643ec-9764-4ad9-86c9-1cd337068563,kedekut,1,2026-06-10 11:25:09,0
681e6588-a64a-4a62-bc16-d9780ddef544,Good shooping place and moderate price and good service from seller,5,2026-06-10 11:21:22,0
db9e88da-2ad3-4717-8f21-8e6e46e1985b,good,5,2026-06-10 11:19:28,0
461b14b3-7f64-4763-9521-892619f525f8,Very good service 👍👍,5,2026-06-10 11:14:35,0
5f5e9573-713d-43c2-9999-7ff4ac79b955,terbaik...shopee memudahkan muamalat zaman loni.,5,2026-06-10 11:11:07,0
289a1ced-8d25-4cab-aabb-c937874c28d7,Very Good,5,2026-06-10 10:58:50,0
842bd8ff-aa6c-4031-b346-233874232b68,"One of my favorite shopping apps. Affordable prices, frequent discounts, and easy checkout.",5,2026-06-10 10:33:08,0
50cbc376-3566-4008-86b2-9f0865956355,"Shopee makes online shopping so convenient. There are tons of products, good deals, and frequent discounts. I love how easy it is to compare prices and read reviews before buying. The app is user-friendly, and my orders usually arrive without any issues. Definitely one of my favorite shopping apps!",5,2026-06-10 10:29:22,4
96e3eb7a-2e00-4399-99a6-06aeab90e03d,okay,4,2026-06-10 10:19:56,0
24f00fe8-f778-48cb-9acc-b94cebec47f2,very good,5,2026-06-10 10:17:14,0
d65e47e3-1fe8-4c1d-9416-5808889f9f34,beli di shoope murah dan berbaloi dapat cleam coins lagi terbaik,5,2026-06-10 10:02:00,0
2b78bacb-f85e-4558-aa96-7d3bfe6426af,"The app is working good. However, the review submission is bad. Follow the conditions to submit the review and never get the 20 cents. From user point of view, this is bad. Don't set the condition when the app has no AI to judge the content",1,2026-06-10 09:41:26,0
5dfd9563-06ff-4a9d-9162-ea8ed640ad15,senang berurusan tapi kadang shipping kayangan,5,2026-06-10 09:40:50,0
db32d7ef-f100-4b62-90bb-05fcd4efbe4a,User-friendly app with lots of discounts and promotions.,5,2026-06-10 09:33:07,0
920bab75-8e4f-4d1b-8a3b-5b5a47f063a3,shopee is getting better with their issues and the help center is aware with their customers problems... this is good...i like it..and always received something unexpected rewards...i love it..thanks shoppee..keep it up,4,2026-06-10 09:29:11,0
22af3d5f-c0c5-4962-8f54-eac4a4180088,dont subcribe VIP. its wont give you voucher and also no refund,1,2026-06-10 09:15:46,0
86c1f1fd-c954-4ab8-a591-66d4af8257a3,mudah Dan murah,5,2026-06-10 09:12:14,0
04e715ca-e289-48ab-80db-80e52887d1b6,"Shopee had reach the standard.its fun to shop..very trusworthy and reliable.Tq for providing the most convinient shopping online experience even there are still rooms for improvement.Great Job to the management,staffs and downline team..Deliveries team are excellent.",5,2026-06-10 09:04:02,0
d3d8de25-3f1d-4acb-af1b-28509a23e905,Wonderful shopping here.,5,2026-06-10 08:50:11,0
c079a0cf-94c3-49f1-994a-f4e57ee3a14d,difficult refund if not faster proceed to return asap no ?,2,2026-06-10 08:46:05,0
ec4f8c9b-029c-4e22-b582-31eb8745d343,My friend said comission too low. Ignore him lol,5,2026-06-10 08:43:46,0
fa575c4d-043d-4e49-a9fd-d62cbf7902da,Commission too low. Give me more for affiliate program.,1,2026-06-10 08:42:35,0
71ec7f7c-c779-46d3-9df9-40ee56d36085,good,5,2026-06-10 08:35:42,0
323d30e1-770b-42d1-a859-700c9079f0e7,good,5,2026-06-10 08:34:12,0
d8a6c964-a355-44b1-af46-b8ded36dc132,Exasperating because already done but they never full fill their condition of returning some items such prepaid sim starter pack.,3,2026-06-10 08:16:25,0
609e6c8e-9674-4eb9-8009-ec129cd52c11,"Nice app for an individual who is busy with their schedule, no time for physical shopping. Furthermore shoppe app comes with great offers and vouchers. Apply for the Shoppe Vip, you save a lot on delivery charges.",5,2026-06-10 07:59:52,0
82951ed3-d6f2-4543-9720-4c4beea224a4,I am always satisfied with the purchases from shopeee app. All my needs I can get it here. Thank you shopee,5,2026-06-10 07:46:02,0
e97b58fb-ce3e-4779-960e-c7501bf96382,"Stop opening Live/Videos upon app launch. It's annoying and changes the device audio volume for other apps. Let the user set the start-up page to the 'Home' page instead of forcing them to the Videos page, you're showcasing a crude underhanded way to boost video views statistics. I don't want videos to autoplay, blasting my speakers when I'm out in public.",1,2026-06-10 07:15:44,4
a0184d9f-9f3f-41f5-a09e-92fd4a76f1ac,good,5,2026-06-10 06:54:25,0
36cb6607-b607-44d8-880b-53903be84c0a,Not bad lahhh,5,2026-06-10 06:13:44,0
249ebf5d-297f-4728-8c31-409afe9ec510,good for shopping,5,2026-06-10 05:33:13,0
0730b13c-ed40-4b2a-9068-2116bf7d0197,Terbaik,5,2026-06-10 05:17:23,0
e6850b4c-b45e-4f58-a2ca-a8114071604f,good,5,2026-06-10 05:07:08,0
696b62d0-82e1-4e71-bd35-0e775280cc1f,I have a suggestion but idk if it is possible or not. maybe in the cart you can folders so we can separate the items according to the category. that would be really helpful,4,2026-06-10 04:55:56,0
a7c39132-999f-43b4-87a9-39382d5fdf0c,Its very convenient to use. They arrange door to door pickup for returns👍👍,5,2026-06-10 04:40:40,0
d2a44a78-3a07-45fe-b6b1-a56b64a48eda,too many ads it's very annoying,1,2026-06-10 04:18:39,0
66fd1db7-9bc5-4c9e-b384-45c3c293efeb,"shop at shopee.. convenient, fast delivery with easy payment...it's a no worries fingertips shopping centre",5,2026-06-10 04:03:47,0
03c7e736-d257-4d7f-be5c-1d3082a17bf9,Add new meaning to online shopping. Easy to use and item arrive quickly almost every time.,5,2026-06-10 03:59:55,1
ca785cd9-f8e0-43ad-a087-ef866e61cfec,Shopee is good but the only thing to gain coin in using template is really head ache since until now I can't get the coin. Very complicated.,5,2026-06-10 03:38:34,0
672b5fe1-ff53-408a-9839-3a44c9b1e379,OK very good,5,2026-06-10 03:37:41,0
52ba5e92-d193-4784-9e7a-0b1af64de7db,Stingy coin and game rewards. And many fake supplements and counterfeit items are selling. items displayed have no proper information. Shopee management didn't pay attention to all these low quality sellers. Very low quality control.,1,2026-06-10 03:37:23,1
1da13cd1-c71d-456f-b3ba-12ea0888d388,good,5,2026-06-10 03:31:01,0
3aa1ccfb-133c-4ce1-8df3-3de6c2c233b2,Helpful,5,2026-06-10 03:17:52,0
545232d1-f73c-4016-9821-ada212940c6d,enjoyyy,5,2026-06-10 03:11:31,0
c9e993e3-3b83-472f-ad12-a49725da01c6,tq shopee,5,2026-06-10 03:02:10,0
41db0806-8606-40fe-8f37-cc4fa2fe3d50,good experience buying online....,5,2026-06-10 02:45:32,0
0181215a-43cb-4258-88db-f368b69179d6,Baik dan memuaskan,5,2026-06-10 02:43:58,0
a5716da4-0ba5-470d-916e-0eb0691ad69a,Best app,5,2026-06-10 02:38:47,0
8c4867c5-7007-43f2-bdd8-82ef866f272d,"Been restricted account for shopee spay later. When i pay some outstanding, the CS told me, can be unlock after payment/settlement, but more than 3 months paid, still not unlock. Pls reply me Asap or share me the specific date.",1,2026-06-10 02:13:01,1
a942fbc6-1f79-4c97-bc41-13a1a376096c,loike it very much,5,2026-06-10 01:56:15,0
8d592bae-a3f3-435b-99a4-356d925779bf,👍✨,5,2026-06-10 01:19:06,0
fa37105c-e979-43a0-a8d5-514ac8cb8e06,to much ads 🫩,2,2026-06-10 01:18:52,0
7b6f28ba-9d16-4eae-b827-6bf30f91c2ff,"⭐⭐⭐⭐⭐ 5/5 ""Shopee's service is truly excellent. From placing an order to delivery, the entire process is simple, fast, and reliable. The customer support team is very helpful and responsive. My order arrived on time, and the tracking system worked perfectly throughout the delivery process. Shopee has become one of my favorite online shopping platforms because of its convenience and trustworthy service. Thank you, Shopee team, for providing such a great shopping experience!""",5,2026-06-10 00:49:04,0
7a9f9d48-890b-4038-b68a-0504588a884a,thats really good shopping apps 😍,5,2026-06-10 00:37:18,0
6cc34efb-6fb5-484d-bf9b-ad6cbc4f4ce8,best,5,2026-06-09 23:59:41,0
fb33c6b2-e337-45c1-ab34-1d8d73edd584,"Please allow an option to showing Home tab instead of default to Live & Video tab when each time app opened. As this stopped any music/video in background, plus automatic decrease device volume for sake of safe listening level. Then, begin showing random seller/promoter blaring showcast their product. Very annoyng. 😡🤬 Did follow Shopee chat support advise by reinstall app, the issue gone but only a few days before coming back.",1,2026-06-09 22:00:45,18
e02338fc-1fe7-499c-8a07-053ccc4eae01,Easy to survey the price. Convenience for buy things. Sometimes have shipping problems.,4,2026-06-09 17:25:23,0
5e80487e-6128-4e01-923b-1d1fbc8ef6fe,"platform shoppe tidak pernah mengecewakan, hanya seller yang selalu fail.",5,2026-06-09 17:03:55,0
b80a2986-b749-4b58-8070-5b3580d3de28,👍,5,2026-06-09 16:58:44,0
dd7cbaba-fb4a-45fc-a1d2-e0731577afe9,Shopee semakin up to date...terbaik..👍👍👍 Tapi tue lah kedekut coin.. 😌😌😌,3,2026-06-09 16:03:01,0
040ee5fd-a208-4640-9200-2e09b50310a0,I now feel more confident using the shopee platform to buy anything because shopee has taken care of the rights of users/buyers to Return & Refund if the buyer is not satisfied with the purchase. Because online purchases often happen that the item purchased does not meet the condition as advertised. Shopee must always try to convince users because the online buying and selling platform has been increasing.,5,2026-06-09 15:31:48,0
7301a096-be57-438f-9e26-7048724441f4,ok la (tak tau nk review apa baru download),5,2026-06-09 15:19:51,0
955c5691-13a7-4693-9efa-9ac2003fbed6,very good,5,2026-06-09 15:01:19,0
71e2ffc4-7740-4f27-b8bc-35a85c5d6bb9,best service,5,2026-06-09 14:46:39,0
9b1ff28c-87e0-4e6c-a795-fae05bbf6bb8,easy and safe shopping,5,2026-06-09 13:43:39,0
a3e37463-637a-4c5f-9d29-63186f792a4b,good,5,2026-06-09 13:35:07,0
74a6e4c4-531f-4ebf-87f3-230db30f9327,good,5,2026-06-09 13:32:55,0
7eeffa2b-a668-4682-a428-b90f858c277a,The delivery is very slow and they don't take care of the customer's goods and there are scammers too.,1,2026-06-09 13:09:44,0
0bc8f03b-32a6-4f1c-b5a6-08d1519240ff,just nice,5,2026-06-09 12:54:32,0
e04cde9c-5835-4205-91da-6df34bc013a6,terbaikkkk,5,2026-06-09 11:37:34,0
c2bd1b58-6cdb-4ec2-8ff4-b070412d8266,verygood,5,2026-06-09 11:24:57,0
32d18add-c2c7-484a-a529-9d48b045d7ad,padu,5,2026-06-09 11:24:31,0
00dd1d48-56c9-4635-8287-539964e6d67e,excellent,5,2026-06-09 11:08:04,0
03bd2981-e78f-42f4-a9fa-6ccaa8a3959b,"Verification id until now been reject, other apps didn't get any difficulty. How many times i need to re apply id verification?",5,2026-06-09 10:31:56,0
70ec6381-2101-4950-9230-519fe6d6518b,"Shopping convenience delivered to the door. Good deals esp during special sales. Fresh food both vege & fresh meats very fast delivery. Service delivery improved further, even faster now in 2025.",5,2026-06-09 09:18:30,0
1be3c938-575f-4d6f-9613-392fcee0cfe6,so far good.,4,2026-06-09 08:52:26,0
e68e1ecd-5f2b-4860-b94b-50946e59dff0,Parcel travelled from State A to State B & back to State A again for final delivery.....what a bonkers.... Customer service is a bunch of clowns,1,2026-06-09 08:41:09,1
26de8f39-3ab7-449d-a149-0b3b3c2a6a5e,"sangat berpuashati, terbaik....",5,2026-06-09 08:36:05,0
3671066b-9fe0-4a2d-850d-9b9cb7be4c92,"the coins thing are obviously a scam. Not only that, my package was late and they gave me a rm5 voucher that is only if i spend over rm50 on SELECTED items. Another scam.",2,2026-06-09 06:40:40,0
5202b476-c31e-4e37-9a64-6eca555fb9b0,ok...sometimes got good coupon,5,2026-06-09 04:48:46,0
7a0dfcf1-8f56-4725-817c-4faa7c2f6850,good and efficient,5,2026-06-09 03:43:16,0
a54c9082-def2-4015-b718-5088bf7a96f2,macam babi tiba tiba kena ban,1,2026-06-09 03:40:43,0
23895ce2-4332-4bdf-926d-00096b9d2752,shopee is the best shoping app what you want you have it in it.,5,2026-06-09 03:07:31,0
3fddd483-69bb-4018-95c2-4797ca594f73,Could you please stop showing that stupid girl in your ads while I'm playing other games? That girl literally gets to my nerves. 0/10.,1,2026-06-09 02:22:04,0
8ff1d433-48a9-4e47-b8c5-0c7bfaefed2a,Fast delivery n goods prices are affordable,5,2026-06-09 02:14:25,0
d11faa09-1a45-452e-bef5-9efb485aa296,useful app,5,2026-06-09 01:48:40,0
97afe49e-be0e-4147-87c4-dfb16e434769,"2 years ago, I could watch the live and video many times, get easy coins quickly. over half of live videos used to hold up 4-5 coins. at that time I would collect over 8-20k coins in 6 months when I only spend 3 times in that timeline then you only got that during date/month special. now the system also slowly erase more options than can give you more coins. it's harder to gain anymore than 1k coins even if I haven't pay anything in a month shopee has become more shameless greedy corpo bastard",1,2026-06-09 01:44:27,0
ebe733bf-aa9a-4407-b763-6ec2bdb98042,"Banyak barang.. Buli pilih2,. Murah2 lg bos...buli hutang2 lagi..haha",5,2026-06-09 01:26:15,0
543e5823-9517-42e7-a7c7-9f155a11285f,"Shopee is a popular online shopping platform known for its wide variety of products, affordable prices, and frequent discounts such as vouchers and flash sales. It is easy to use and offers secure payment options along with reliable delivery tracking. Overall, it is a convenient platform for everyday online shopping.",5,2026-06-09 01:21:56,0
d4e04bd3-4945-4959-8f92-bcd62c340e9e,good app,5,2026-06-09 01:18:34,0
3d6d33d2-a87e-4539-9a2d-635b8d67f037,"June 2026. despite reporting to support agent. The app still kept going to Live & Video instead of the normal Home page. As before, it automatically lowered my phone volume. PLEASE STOP DOING THIS. SHOPEE MGMT ARE YOU READING THIS App keeps going to Live/Video page instead of the normal Home. App also automatically lowered the volume of my speaker. leave my volume level alone. None of the help advisory can resolve my problem Dec 15 2025.",1,2026-06-09 01:05:43,4
d79c8c39-8eec-4a3b-a786-6906b6ef3667,terbaik,5,2026-06-08 22:31:44,0
347222e5-e5b3-406b-b030-23be4a826c07,"Seller yg mesra, cepat reply wasap dan cepat buat kerja..Ambil mse 2 hari jew nk siap & pos..",4,2026-06-08 18:05:05,0
ad590bd9-3d3e-4e75-90b6-10a7e5295c3f,"about ur ads systems, i dont understand the need for u to automaticly transfer me to your app. if anything it makes me not wanting to order from this app anymore. deleting it wouldnt make transfer me to your apps. i think u are excessive on ads. too much. can u not trick people? its only a matter of time before people start to drop more 1 star reviews for ur ads.",1,2026-06-08 17:02:19,2
1de14ff4-104b-4769-ac58-db56977c7942,"Navigation can be confusing at times, extra game features are unnecessary actually. Suddenly pop up live video and loud music on startup unable to disable it.",1,2026-06-08 16:12:11,0
5d178433-868e-4aa7-a3f4-c3bed4663df5,good,5,2026-06-08 15:54:45,0
908d9573-4c28-487b-b787-828ba73ee2d7,Why got error in topup shopeepay in shopee? Why so damn slow nowadays your app? aiyo!,2,2026-06-08 15:43:25,12
91c079c4-7d57-4a92-93bf-47a6ec668a8c,Good Application and good Servis,5,2026-06-08 15:38:34,0
c2ec9a75-4769-4a87-8d33-e966fe181544,"i have to wait 90 minutes for the everyday check in live?? who even spends that much time on a shopping app?? for what, scroll around live of people trying to sell u stuff?? bffr",2,2026-06-08 15:18:14,0
6aa5d5a4-a1b0-4e83-a7e8-d16aaec471b5,terbaik dan terjamin membeli dengan shoppe tq.,5,2026-06-08 15:01:00,0
26ecc1ad-96af-4f1f-86f9-5623439c757a,"SUCK DELIVERY！！！Very bad shipping, said will attempt delivery today , but wait until night 10pm not delivery!!!",1,2026-06-08 14:58:08,1
4a31403c-242a-4363-b7f8-a948fba3c7af,shopee always great price for buying things,5,2026-06-08 14:04:54,0
67f8adb0-b646-4967-a0d3-2ded61804794,dah lah sikit sikit ada iklan macam babi je 💔,1,2026-06-08 14:00:49,0
e79c9553-a099-449c-a355-fb761b5e7abf,pebende sia batak sangat nk iklan time aku tengah main game tetiba iklan bele ni astu tetiba dia auto bukak cam siel,1,2026-06-08 13:48:40,0
513a3c13-72e0-4fd1-95de-71cd29990cbf,they always changed my address without my knowledge for shoppee food,3,2026-06-08 13:47:10,0
9ae5fb6d-deeb-429d-b615-0342b075d9bb,"I had a good experience shopping on shopee. The app is easy to use and there are many choices available. My order arrived in good condition and on time. Overall, a pleasant shopping experience.",5,2026-06-08 13:18:43,0
134f827e-cd68-40ba-b311-952637068466,Shopee is good at selling and shopping,5,2026-06-08 13:13:32,0
7982eeca-9f36-4b63-9be5-4bb98c0a5060,"Coins collection getting more absurd. New update for daily check-in requires to watch 90 mins vid/live. If we stop after 20 mins watched, the duration will reset back to 90mins. Shopee does make customer like beggars. In-app games will make you addicted and making you wanted to purchase more coins to complete mission. Easy money for Shopee.",1,2026-06-08 13:13:01,18
9e8c09b3-8304-476e-b67a-abfeb63ca15b,very good shopping apps,5,2026-06-08 12:31:44,0
3a334966-8598-41ef-98bf-e18d68b99132,murah dan berbaloi beli di shopee.,5,2026-06-08 12:07:47,0
ea3188b0-b940-45b8-87ba-785d0717cd5f,okeyy,5,2026-06-08 12:00:52,0
d2aa441f-dca0-44e1-bdcc-2bf6dcb9660a,"clicked on product rating & review, but ended with lower part of 'buy' page with options chat now, add to cart, & buy now 👎👎",1,2026-06-08 11:44:41,1
a8cf0f77-f359-44ab-b64c-9f855570d294,Cool and Very Nice 👍👍,5,2026-06-08 11:40:05,0
aee859b4-5664-4ddc-9071-7816dd53f5d4,👍,5,2026-06-08 11:36:45,0
3023ed6b-6cc8-4c1d-9d59-efdbf73e8216,"⭐ 1 Star Several unauthorized Google Pay transactions appeared on my SPayLater account over a few days, totaling more than RM2,200. I did not make these transactions and suspect my account was accessed by another device. I reported the issue immediately, but Shopee only said the transactions were authenticated and valid, without clear details on device access or investigation. I expected better security and a proper investigation. My concerns were not properly addressed.",1,2026-06-08 11:18:35,2
654258ba-6b89-43a2-b509-45ea981f201b,Good,5,2026-06-08 11:08:25,0
8990cbd8-106d-4d5d-9346-7280ae8b2f24,best apps,5,2026-06-08 10:40:00,0
106d71dc-3fd5-4cb7-a3eb-dc164ade392e,makin lama makin best!,5,2026-06-08 10:32:55,0
a007a3b4-8c9f-402a-bf70-4e7b4894260d,very smooth,5,2026-06-08 10:11:37,0
3d345ae8-0e37-42dd-bbd5-8e526dfcfd3f,"I have had a very positive experience with Shopee. It offers a wide variety of products at competitive prices, along with frequent discounts, vouchers, and free shipping promotions that help me save money. The app is easy to navigate, and features such as Shopee Live, customer reviews, and order tracking make shopping more convenient and enjoyable. Delivery is generally reliable, and the customer support service is helpful when issues arise.",5,2026-06-08 10:10:55,2
4aaa7374-1eac-47b3-9e95-1cb0edb78459,good,5,2026-06-08 09:58:26,0
8e72cd55-baa6-4996-8e15-8e59100e3634,good,5,2026-06-08 09:58:07,0
9965b8b7-0654-4333-ad3c-8d2d1e6616c0,good service 👍 👍👍👍👍👍👍👍👍,5,2026-06-08 09:55:44,0
6cc9f7ad-fa25-404d-8b1e-2ef90c4018ac,terbaikkk,5,2026-06-08 09:44:43,0
216bfb38-9fe3-4cd5-a3a6-54c3571a13dc,very good service,5,2026-06-08 09:39:30,0
15051a17-df68-4257-8281-76037b37ef0d,Should add touchNgo To make uesy for every user bkz 99 don't want help to pay! and now user contest hight b8 vouche no more like past,3,2026-06-08 09:36:44,0
a48d37a3-78ff-4f45-b2f6-de2616def31d,"""Shopee is an excellent shopping app with many products, great prices, and frequent promotions. The interface is user-friendly, and delivery is usually fast and convenient. Highly recommended for online shopping!"" 🛍️⭐",5,2026-06-08 09:36:38,0
a7b99481-86a7-4ede-9404-7fcbc7afbc7e,Fast delivery and product also good as per described,5,2026-06-08 09:24:24,0
945ede2a-9112-4403-9a3a-d40736c3e1b6,"Always unresponsive to quires and there isn't a ""real human"" to answer when you need them.",2,2026-06-08 09:02:38,0
46de7c80-9b71-498b-8768-e33be98006b1,"this app has the most annoying ads everywhere making me panic sometimes when I'm rushing to pay or contact someone about what's urgent,everytime I missclick I'll have to go through the ads again and it takes me 5minuets .what an annoying app",1,2026-06-08 08:06:06,2
c998400a-32b4-464a-8944-7e832db72496,very good 👍,5,2026-06-08 07:57:38,0
dbd7e1f9-6523-4784-b8cb-0fbd97dbe925,"i already set my location for food one day before, When I opened the location the location changed this pissed me off.My money gone,food gone and need to order again not recommend for food",1,2026-06-08 07:34:00,1
a818dfeb-124b-4146-af2a-f00afb792f2c,good,5,2026-06-08 07:25:19,0
a0cf4a99-3dc8-4176-a43a-b571aabc3d98,why i got banned from getting coin in shopee video...already ask the shopee chat agent and they said developer problem they sent email to them but until now not sloved issue...,1,2026-06-08 06:35:13,1
b111120b-8332-4ec0-aba7-31e209964825,REMOVE YOUR ADS BC I KEEP SEEING IT,1,2026-06-08 06:25:52,1
8295cafa-4d7a-4e01-b7c4-419094f73571,bodo iklan,1,2026-06-08 06:09:26,0
8603df88-6c74-4835-9b3b-1faed1de497a,good,5,2026-06-08 05:26:57,0
4d3c836a-8fac-41f9-870c-a010c8177bfd,it very nice app to use,5,2026-06-08 04:46:04,0
238fea6e-5c4e-4e63-b219-79e41ebec67e,"Honestly, Shopee is probably the first choice for most Malaysians when it comes to online shopping. The app is easy to use, products are easy to find, and the prices are usually competitive. I also like all the vouchers, free shipping deals, and cashback rewards that make shopping feel more worthwhile. The Buy Now Pay Later feature is especially useful for necessary purchases when money is a bit tight. Overall, it's the app I open first whenever I need to buy something.",5,2026-06-08 03:53:07,1
81a7ab42-bfeb-4420-a065-d85a9a11d200,Penghantaran mahal... dan walaupun berbayar... tetapi proses penghantaran lambat,1,2026-06-08 03:42:13,0
6b86b3f3-dc6a-4dc1-a447-bd9d913204b4,Good online shopping platform with many product choices and regular promotion,5,2026-06-08 02:56:21,0
0e1acc24-6707-45ca-8efc-6356a20280bd,semalam Aku tgk BRG harga 350.00 games console mangmi air x pg Ni tiba2 Naik harga 441.00 jem harga cam sial,1,2026-06-08 00:39:40,0
ca198c27-86e2-44d3-ae72-8a80644be930,new update auto see live video is just the worst. please at least make a option st setting between to see live or home page when opening the app,1,2026-06-07 23:58:56,0
07f029bb-ab74-48ad-95eb-1c5f62c60856,"Everything is great. BUT I WANT TO START THE PAGE AS THE START PAGE AND NOT THE VIDEO FEED. Also, there is a bug where the video feed audio would still be playing even if the app is closed, but not clearly.",3,2026-06-07 18:49:30,1
fa7130be-a93a-497e-b305-bca674a703d2,"Best e-commerce platform! Great prices, massive selection of products, and an incredibly easy checkout process. Payment methods are seamless and secure. Keep up the good work! ⭐⭐⭐⭐⭐Five stars! Shopee makes online shopping so convenient. Tracking orders is super accurate, and the Shopee Guarantee gives me peace of mind knowing my payment is safe until I receive my items. Delivery is always smooth and reliable. 🚚✨Excellent shopping app! The user interface is very friendly and easy to navigate.",5,2026-06-07 17:00:45,0
40752f8d-fb44-483e-aeae-f6dd85203b2d,Best,5,2026-06-07 16:44:26,0
d8a42a07-fa7e-4af7-8a23-6d52396c884f,mantap,5,2026-06-07 15:48:45,0
d0692857-3bc7-4426-998a-b1e1448e2e5f,very recommended,5,2026-06-07 15:33:17,1
1dc10300-a40c-413c-8f92-5b5435e38e7a,"Promo voucher can be selected but can't proceed with checkout, even when the voucher is still available. This happens regularly. If the voucher is only intended for certain user, please make it transparent",2,2026-06-07 15:16:41,4
361eede2-83c0-4dd7-aa4f-69a4948b8a09,good,4,2026-06-07 14:51:05,0
e3b6acb8-8956-496f-8731-d8aef3a51bb3,untuk bayaran bill elektrik tnb tiada????,1,2026-06-07 14:13:42,0
477ab607-27d2-4f84-a53f-b60a26c04d92,"I like buying from shopee till today ,I feel safe trading, cos shopee is protected customer from buying including personal account and details.",5,2026-06-07 14:13:10,0
a54de3e3-f79e-410b-b143-e914c0c5e3db,nice🤩👍🏼,5,2026-06-07 13:08:33,0
9a6f1fad-644b-4741-83f7-e8c2cfd83660,"Terbaik barang cepat sampai ,murah,ada free shipping,",5,2026-06-07 13:06:11,0
3f21d67a-a8cf-44cf-834f-68b7a86ef8ac,👍,5,2026-06-07 12:46:00,0
52faf22d-215d-4e0f-89a9-51fc6864a315,terbaik. 9,5,2026-06-07 12:35:55,0
26bdb105-0591-4d79-a20f-796cadd5b598,Everything inexpensive. I like duitnow payment.,5,2026-06-07 12:34:28,0
d8383934-4ef6-4e48-8a74-e5eb97fc243f,Good Apps but Ads is so annoying is pop up everywhere,5,2026-06-07 12:16:02,0
e194fdab-b984-42fa-a7c0-d8eef53f6476,I'm sick and tired of shopee apps pop out I just want to join the game!,1,2026-06-07 11:52:52,0
093cb507-5adc-4254-9c4e-c34a53ee4de5,good app shopee,5,2026-06-07 11:34:42,0
d96405fd-643c-44e5-816c-80f01c10aca8,"even tho free shipping is hard to get nowadays, still shopee is the best app i can use to buy most items at discounted price at several lucky moments.",5,2026-06-07 11:00:05,0
672d8295-b688-4e6c-92e7-c020dee7b8ad,amazing app wonderful,5,2026-06-07 10:47:00,0
b61bde25-764a-4f7a-b50b-6e701364a0c1,"So many ads on the search results page. There is very little listing moderation. Counterfeit products masquerading as originals is one thing but worst of all, the amount of pseudoscience quack scam products (appearing as ads on top of that) are unacceptable! If you have gullible family, make sure they avoid this capitalist app. Buyer beware. Update: Enshittification continues. They're trying to be TikTok now, launching directly to Videos instead of Home. CS ignores repeated requests to revert",1,2026-06-07 10:23:00,100
ceceaa19-1681-409a-98ef-2602734d0c69,brg smpai ok..,5,2026-06-07 09:30:02,0
e84d8fd8-b4c9-4827-97ea-7bf9ccf0cb34,bare ni baru Tau pkai guano,5,2026-06-07 08:37:54,0
34c3651b-ce59-42a8-a2a4-47b46bd24f45,terbaik,5,2026-06-07 08:13:02,0
f258b76b-b9ae-4570-a0ea-123cf20c3474,ILOVESHOPEE,5,2026-06-07 08:12:57,0
1112eb95-19b5-4036-902b-5d84398eafd2,"when I want to search for food or anything, the search bug into xiaomi I did not want to search xiaomi but it switched up to xiaomi search. pls fix your bug shopee.",2,2026-06-07 08:07:31,0
6214963c-b754-48c4-8dfd-8464f0398971,very satisfied 😃& first time using shopee food.. it's not bad at all,5,2026-06-07 08:03:42,0
8d95bfd5-d7d7-4bbd-80d0-d4d63c270880,It's very good apps for buy anything. same like a market.,5,2026-06-07 07:50:54,0
9225da40-3592-4dd4-a543-c41bf042831d,Terbaik shopee,5,2026-06-07 07:45:10,0
7f8f25b8-30bd-4836-b83b-dd9833fe69a1,"Prefer Lazada...Hate Shopee. Every time when logging in, the app will auto load a video advertising a product. I have to click Home to get to the front page. Shoppe claimed it is beyond Shoppee to prevent auto loading of the ads!! Update: Issue still persists. Still have to press Home button at bottom left to leave the ad video and go to main page. Recent delivery took 5 days to arrive. NO UPDATE OF SHIPPING AND DELIVERY STATUS FROM SHOPEE. Had to log in to track order. SICK!!!",1,2026-06-07 07:42:10,22
3767bc2f-c833-4c5c-ad0a-a4fe3d9075c3,you just make it worst by forcing people to watch live bro,1,2026-06-07 07:21:17,1
31ae03f7-1e43-4924-b8c7-6913fc740a1d,"The developers have done an amazing job creating this application. It is well-designed, stable, and packed with features that are genuinely helpful. I have not encountered any major issues, and my experience has been overwhelmingly positive.",5,2026-06-07 07:16:40,1
3e8dd20a-c167-4003-bc1c-5157ff828739,"An excellent online shopping platform with a wide range of products. The app is easy to navigate, and the deals are often attractive.",5,2026-06-07 07:11:30,0
c7a6e225-be76-4b13-bc2c-a3918004438f,"tak menyesal kalau beli, dari segi ketahanan kalau lihat amat baik , mata yang tajam, pemberat pon amat2 sesuai. kalau utk main kolam air masin, air tawar, kelong, laut, sungai, parit, semuanya amat2 sesuai..memang tak menyesal kalau beli..lepas ni bole oder lagi utk gram yang lain pulak...saya bagi 10 bintang 🌟🌟🌟🌟🌟🌟🌟🌟🌟🌟...",5,2026-06-07 06:51:02,0
af3d2e24-af62-43a8-9664-de7c74a218da,convenience and safe to buy things by Shopee.,5,2026-06-07 06:31:17,0
fc3a04cf-84cb-4854-9e78-2294ec1901b1,"Been using Shopee for years and it’s still my go-to app. Super smooth, vouchers every day, coins cashback actually saves money. Minus 1 star because the ads + notifications can be a bit much sometimes. Fix that and it’s a perfect 5. Still 10/10 would recommend.",5,2026-06-07 06:26:02,0
e46a91d5-0f7d-433f-9915-70aa0412468f,stop telling us to take selfie,1,2026-06-07 06:18:42,0
0f501e6f-1f47-4751-875d-5e0d83510d81,good app,5,2026-06-07 06:12:25,0
cd8a2fc9-28cf-4e4e-a953-8eb1663b3ab1,ok,5,2026-06-07 06:11:40,0
7e4dd0b0-ca77-41c2-b01e-136dcdc443de,sgt memudahkan kerja membeli,5,2026-06-07 05:44:10,0
31aabca8-aca4-48c6-a61d-d78eedbd19c0,can you show the funny ad🤣 shoppe-pe-pe-pe,5,2026-06-07 05:05:33,0
208ef1e4-de69-4312-adc8-e219993079d5,I enjoy using Shopee,5,2026-06-07 04:45:43,0
2895c880-7841-4572-9570-106df3039707,👆👍,5,2026-06-07 03:23:34,0
a70b417b-02ed-4ace-815b-a9badf7bda9d,very efficient,5,2026-06-07 02:03:58,0
6ce9856a-5537-4545-9f75-57a94e84e929,24/7 good...fast ..7 day working...good for customer.. .that why i like shoppe,5,2026-06-07 01:48:37,0
d286b6cc-9fb5-4546-ac49-5cebd453dd58,easy n good platform,5,2026-06-07 01:44:18,0
53d9729f-d2c2-4a70-b460-a2af238b1a07,this app very good,5,2026-06-07 01:06:17,0
1e7082be-8910-48c5-a783-52a800a0632a,tempat saya membeli belah dan saya tak perlu lagi ke Mall sebab di shoppe saya boleh beli apa sahaja yg saya nak dengan harga yg berpatutan dengan sale dan return yg cepat,5,2026-06-07 00:23:35,0
ac1f11c6-4a23-4129-9837-fa9d67369f9d,saya dapat tgk live,5,2026-06-06 23:38:09,0
74e03ecb-219c-4330-9fa7-86ee6b82a5ae,"saya kna tukar dari 5 ke 1 bintang sebab bila buka app shoppe keluar live video dlu sangat annoying,saya taknak tengok live video tu sangat menggangu",1,2026-06-06 23:20:42,1
5355dda7-8685-4d4a-8c87-e11a2f3bea73,pembelian dan pemulangan amatlah mudah bila pakai apps ni.. setakat ni ok je,5,2026-06-06 22:46:58,0
fdfb831c-055f-468f-93b7-cd22b7d08041,😁,5,2026-06-06 17:59:55,0
b2adc0a4-2103-4a5a-b0be-89ddac9811e7,👍,5,2026-06-06 17:12:18,0
c1c3b429-3650-4f4f-89df-1f40549306c9,Stop my account for no good reason.,1,2026-06-06 16:54:49,0
61f1f7e9-634f-4d0a-9e88-ae74bf182872,nice,5,2026-06-06 16:49:27,0
ab468cae-b7e9-4592-a70b-96cd57990edb,An excellent platform for online purchases.,5,2026-06-06 15:07:17,0
2d183e8a-0278-4ccc-8977-18acf9011681,disturbing me,1,2026-06-06 14:35:52,0
c9450e8d-8eda-419b-85da-431b9407177e,best,5,2026-06-06 13:48:57,0
4110963f-04fc-48ee-bb24-90207d21a490,App lag. Spx delivery very slow. Excessive advertising. It's everywhere and started to get annoyed by it. I think its the downfall of lazada too so beware. I stop shopin n uninstall lazada bcoz of ads. So does my friends. Used to use this app a lot for shopping now only when necessary and i cant find the item elsewhere.,2,2026-06-06 13:27:25,3
c864056d-0e7a-469b-8bff-dbf7e010cff2,"Terrible experience with this app. The refund agent did not investigate my case due diligently and appeared to rely solely on the PIN status. I never physically collected the parcel because the collection point refused to release it to me. There is a loophole in the PIN verification process, but my concerns were ignored. To shopee, no need to post a generic customer service reply here, I already raised this issue and your team chose not to take it seriously. So goodbye, app uninstalled.",1,2026-06-06 12:14:28,0
3206ea11-85bc-4bf8-aa46-b2ccf1b00e54,terrible and useless customer service,1,2026-06-06 12:00:24,1
afb26409-1b45-4c06-ae9a-1fbd87b57694,Enjoy shopping with this apps... satisfied with the service..enjoy shopping with shopee,5,2026-06-06 11:40:39,0
8862d6b8-e4a0-4e1e-879e-84fa0384c322,The best platform to buy things..for DIY and spare part,5,2026-06-06 11:33:50,0
e720c54a-0a28-4a2e-ae34-8a803c3e21f7,"keep sending me unrelated notifications. (e.g., to collect my package when I have no package, have received some kind of rewards but no such thing (subsidies)), the app also keep starting by itself for no reason.",1,2026-06-06 10:46:54,1
a5f55ad6-8927-4592-8a45-86de2fdf7fe8,best... rega mur2..semua ada,5,2026-06-06 10:36:27,0
764692af-28cf-4288-8622-4ff8a7937f26,good n easy,5,2026-06-06 10:28:09,0
52b93037-f67f-45ef-b4f2-adc6e57d1078,"Aplikasi Shopee sangat mudah digunakan, penghantaran cepat dan banyak promosi menarik. Sangat puas hati dengan pengalaman membeli-belah di sini.",5,2026-06-06 10:13:33,0
93c3e6ca-ea63-4023-8215-1b8d7c4c0550,the best shopping app,5,2026-06-06 10:05:30,0
939e7c1d-2846-4240-8708-1845414f3811,Lambat update tracking macam xda pergerakan. Lama tersidai di satu tempat. Hmm memang lambat untuk penghantaran ke borneo(area saya) guna platform ni. Ni parcel sy dah masuk seminggu lebih x sampai lagi. Kat platform lain ambil masa 3-4 hari saja dah sampai.,5,2026-06-06 10:00:03,1
8eaa0fb0-257f-4f0d-9595-c9bdbcc42924,Meh,2,2026-06-06 09:51:04,0
20b2f3a5-5e8c-49f0-97a2-31f708190c38,to many add,1,2026-06-06 09:45:00,0
71f363b9-6a13-43cc-a229-dee99e2aaa93,good...👍👍 tip top service,5,2026-06-06 09:41:49,0
f866c896-94ae-43e0-9c1b-7ce71c037134,best,5,2026-06-06 08:53:29,0
94c4d955-62f3-49f5-80cb-3f2175707381,my honestly for this app its quite good..,4,2026-06-06 08:30:29,0
24078ca3-7048-494e-acd3-ec02863c0976,"you have too many ads almost literally anywhere and it's getting annoying, please stop buying ads space. Your service is not that good in the first place.",1,2026-06-06 08:12:40,0
1e4c6ec2-bbbb-4a8c-93c3-208d5883865c,terbarkk,5,2026-06-06 08:01:56,0
c2173a15-48cf-42c5-bb3a-8313d7409844,very fun. very good discounts. highly recommended.,5,2026-06-06 07:01:04,0
7dca93b6-9559-4a7b-9421-690e56a56c83,the best online shoping in malaysia,5,2026-06-06 06:37:17,0
2940ef11-cde7-4ac3-a532-1cdd69eaf940,osonong kopio,5,2026-06-06 06:35:00,0
807f8e5d-bf01-448e-a267-fba3a5ce40a7,"Shopee is my absolute go-to for online shopping. The variety of products is massive. Nowadays shopee offer incredible discounts, flash sales and free shipping deals for large number of products that save so much money. The shopee Guarantee gives me peace of mind since it hold payment until I receive my items. I have done a few return items/refunds and received my money back because the seller suddenly did not have the item in stock or the product not functioning as intended.",5,2026-06-06 06:02:39,2
bd4cff48-4288-4dee-9f4d-c9e64acca185,Nice..great...but please when open the apps please make it at home not video then auto adjust volume so annoying...,3,2026-06-06 05:54:21,0
d5342673-8107-40d6-a6f7-0ade9f7ebc8b,Easy to use low price,5,2026-06-06 05:48:19,0
dc607631-b367-419a-bef3-0e4406f52121,Memang terbaik laa .Kalau tahu pilih kedai memang best laa shopping kat shopee ni.Nak return ke refund ke pun easy.,5,2026-06-06 04:44:18,0
912686f4-f946-4960-9635-1e3134dfdfb1,very good,5,2026-06-06 04:36:18,0
8257279e-e91c-410d-837c-f24c750ef19f,nice,5,2026-06-06 04:30:18,0
387b1f37-904e-4926-8c09-53483525b6c0,nice apps,5,2026-06-06 03:22:21,0
743b524f-7433-4171-bf90-a7859333b44c,shopee is the top online shopping application,5,2026-06-06 02:49:14,0
8219ea9d-a958-479e-b201-731ebf03019f,Already paid advance for Spaylater but account still freeze,1,2026-06-06 01:39:30,0
b79a7355-1f9a-46b6-a606-460eee213956,"worst app ever, order keep missing from order tab. need to close and re-open apps for multiple times until the recent order came up. Lazada is better.",1,2026-06-06 01:04:09,2
932a8664-4b0e-49f0-833f-fb91dbbaa434,"Buyers should be allowed to cancel orders as long as orders are not shipped out yet, without needing seller's approval. Buyers have their own reasons why they need to cancel a certain order.",1,2026-06-06 00:57:57,0
1eb81017-d101-4e67-af0b-0c039d1fd80a,"Frustrating User Interface when open the app, it auto redirects me to the live tab, blasting sound without warning. Even when immediately change tab, the audio keep playing in the background. when i click on an item, im forced to watch an ad video first, and have to click again to access the actual item description. i think this is an unnecessary steps.. overall, i dislike how shopee has become an overly video oriented. i want a calm straightforward shopping experience.",2,2026-06-05 23:37:28,4
7be04178-6a4c-418c-bba6-40c40c0d8011,"The amount of click bait coming out of Shopee is unimaginable. Typically feels like they are hacking your phone and whenever the ads comes out it automatically even when you don't touch take you to the app. I have since archived the app but they now redirect it to Chrome. And it's always the same app, as if this particular ads are designed as clickbaits.",1,2026-06-05 20:12:38,3
c065dbdb-58bf-458f-b016-65e9c81d0633,faat and easy,5,2026-06-05 17:26:00,0
e607800f-3932-482e-bb94-45a24f975608,selalu bagi voucher rm 0 sukaa,5,2026-06-05 16:35:34,0
55753e29-012c-40c4-9b88-18c83a1163af,Shopee best 👌,4,2026-06-05 16:12:36,1
9e3bc91b-634c-4e41-a21d-a041a5c617c9,good,5,2026-06-05 16:10:25,0
97e0bc1f-2dc9-44c7-b545-faecc8a400ed,tak reti buat app jgn buat lah bodo menyusah kan org je nk beli org lapar berejam nk settle,1,2026-06-05 14:46:25,0
79042623-f7a2-4ac4-965f-fb715e125d56,good app shopee,5,2026-06-05 14:15:37,0
be3e91cd-46e1-4dfe-b7ee-663109428397,"(F00): Oops, something went wrong. We are looking into it. Learn apa masalah demgan shopee ini?",1,2026-06-05 14:07:39,0
2bd5270c-e250-45f2-9c63-f82a11e0db8f,Shopee Awesome! 💯,5,2026-06-05 14:01:23,0
b7bf3b3b-5d30-4f0b-a178-5098c5315a7a,very good,5,2026-06-05 13:53:11,0
1d90bf03-1101-4d8f-8474-3397dab9ed57,ok,5,2026-06-05 13:48:09,0
30f4dde2-8191-4b5f-b247-244d9a72823a,alhamdulillah so far so good..barang always received in good condition and fast delivery..❤️,5,2026-06-05 13:36:38,0
94ba4530-e2d3-4d88-a91a-c2e1daabff8e,very useful for us,5,2026-06-05 13:24:49,0
1ecd7ca5-2cb1-4165-9161-7b470ee12195,noob,1,2026-06-05 13:24:19,0
c2ca80ff-3687-4088-9083-f9899870a3c7,"so i force dark mode just for shopee right? and it is so awesome. come on, give us a dark mode. we arent all sgporeans, we mostly poor, we grew up on blackboards in school.",3,2026-06-05 13:24:01,8
84c2393e-d703-43ca-bc19-49af8c48737b,you need to improve ur tracking order update💔 I got latest update that should be appear 2 days ago,3,2026-06-05 13:11:19,0
6157e5cb-a1bd-46b2-a308-b656c034a228,good All User,5,2026-06-05 13:07:16,0
8fc519a9-0367-4bf6-94ca-2213feb1d592,Cannot turn off every single annoying promotion notification without impacting important notification,1,2026-06-05 13:05:58,0
634bbe07-983a-4fef-b475-365135339a89,Good,5,2026-06-05 12:52:11,0
a804194a-a985-4c9c-b5a2-df14b6640985,good,5,2026-06-05 12:40:00,0
c3b794e5-ac9e-438e-a194-55be838c3546,worth it 👌,5,2026-06-05 11:58:24,0
82d5703c-9714-4acc-adc7-a78016c811d9,Kaw Kaw Dinner voucher claimed but disappeared!!!🤢🤮💩,1,2026-06-05 11:46:55,0
d2d17867-4945-48c6-a068-ba176a19fcce,good,5,2026-06-05 11:30:50,0
66c42f26-d241-4eb4-bb58-c935dcde4337,Teruk! 1 saat pun tak sampai nak cancel shopeefood. Guideline misleading,1,2026-06-05 11:05:45,1
24d7d85d-bf7d-4ef5-8b88-397028900a47,"1) shopee prize games are totally scam. 2) why would u include reviews from other countries? why? update : loading of anything takes few seconds.. which is slow 3) many videos are made with Ai slop, most looks nothing like the actual product",1,2026-06-05 10:57:58,3
18a275d8-99b0-424f-a345-91678a015d85,wirst along,1,2026-06-05 10:54:03,0
a3d33903-3202-4d78-9f57-4549fc5a5993,few years have using shopee to purchase thing.shopee getting good in service and customer protection policy . well done and keep going shopee,5,2026-06-05 10:51:37,0
239f67ff-5a6e-4ea0-af2a-78101d8cd5fd,semua ok.,5,2026-06-05 10:13:28,0
118fe77d-7916-4d11-9d61-2b0d33801fe0,"⭐⭐⭐⭐⭐ 5/5 I am very satisfied with this app. The products quality is excellent and it works exactly as described. The packaging was neat, and the product arrived in good condition. After using it for a few weeks, I noticed great results and it has met my expectations. It is easy to use, reliable, and worth the price. I would definitely recommend this product to others and would purchase it again in the future.",5,2026-06-05 09:56:32,0
970810bd-ace8-4bb9-8a85-b30a5c1d3c26,"Some pictures can't be loaded, even review videos/pictures can't loaded sometimes",5,2026-06-05 09:49:21,4
17706c4a-8c04-420b-aa99-6fe0c1ae1c91,shoppe terbaik,5,2026-06-05 09:26:24,0
fe10a63d-9097-4b8c-a1bd-b85997404fa7,Easy and friendly user.. easy to refund and secure,5,2026-06-05 09:13:14,1
f2747e80-d750-41ea-a578-bbe978c83f1d,Anything you want search and can get it from shopee market. Fast delivery and friendly service.,5,2026-06-05 09:08:42,1
c24efe0b-6f11-4e28-a784-252d0dfa88b9,Not at all disappointed. Excellent performance. keep it up.,5,2026-06-05 08:56:07,0
d548f7fa-60b8-444a-9e18-4f860e283149,Always The Best..But Please Decrease The Shipping Cost..🤭🤭,5,2026-06-05 07:55:04,1
247f2fe4-888a-44d6-bcfa-3ea8dd80b06a,this app is so good I love buying things in this app... this is better than temu,5,2026-06-05 07:52:46,0
1acf5918-038f-4778-b149-ce2fc89a55b4,very good 👍,5,2026-06-05 07:38:09,0
0293bf96-d68f-4a47-8261-9d03ba9aba0d,your data has been shared or sold,1,2026-06-05 07:35:21,0
07ffb0a9-ee17-4621-b538-f0c6248cbc6f,"Shopee is a user-friendly shopping app with many products at affordable prices. It often offers vouchers and free shipping, making online shopping more enjoyable. 😉",5,2026-06-05 07:10:07,0
ed590189-de13-4fb8-848a-e03f04ef35d4,mantappp,5,2026-06-05 07:03:31,0
7ad851ca-529b-4841-a381-b0446f341fef,"new complaint. stop this foolish ""similar product review"" bs trying to trick customers. always have to think 1000 times when wanting to purchase using this app omg. stop treating your customers like this. your prev old ole versions were already good and straightforward. why.",1,2026-06-05 06:59:47,20
ba44faaf-62b2-4a86-bca7-e2e170820ca1,After my last review 5 years ago I see a huge improvement from Shopee in terms of delivery charges that include free shipping for self collection. Only issue I have are those LONG annoying adds in multiple sections while tricking us to redirect to their webpage everytime I'm playing my games. Make it short to the point. You don't get customer loyalty by annoying the hell out of them!,3,2026-06-05 06:19:34,9
6a7cce0b-c72a-433d-a8f2-d992a637068f,"Prefer beli shopee, lagi murah sebab ada diskaun",5,2026-06-05 06:17:43,0
fa4fb9f2-2756-4143-b206-1cbc9ea544a1,"Shopee app itself is good, but the advertisement and live video are so annoying. This is a shopping app, we expect products video. But the app management do not limit user from uploading the unrelated video. Most important , lots of it has misleading contain. Please do something about it.",1,2026-06-05 05:16:31,4
0fc8b022-05f3-4c6d-b009-9eabd53332ff,Good,5,2026-06-05 05:05:53,0
db4a0d29-8726-4251-b351-157f6426c15c,sangat membantu,5,2026-06-05 04:52:27,0
1861d057-c715-4435-842c-c7d4c1de80ae,nice,5,2026-06-05 04:32:14,0
0199ac3a-919d-4cfe-a2be-4a5e2db48a31,good fast delivery,5,2026-06-05 03:27:08,0
f515650e-d722-4a24-8f3e-f1671fcccf02,simply stupidest shopee app ever on no setting to off the live video loading....why are the main page keep going to the live video section????? this is freaking annoying!!!!! fixed it which I don't need the 1st page to the live video!!!!!!!!,1,2026-06-05 03:00:54,22
6e8f4314-2cec-4e98-9a5f-251a76a507b1,Shopee is Best shopping App In malaysia Thank you Shopee,5,2026-06-05 02:57:39,0
aa16a2eb-92d8-43af-be7e-22eff8d84c67,overall okay tapi takde bayaran tng.susah nak byr.harap shopee add la payment method tng,5,2026-06-05 02:51:53,0
410ecfb4-ab96-4c50-a516-2e867f03cab1,"ease of use, purchase. fantastic offers and value. wide range to choose from.",5,2026-06-05 02:46:04,0
4c935a1c-d6fe-4629-b4e9-6329a538d26d,"i hate ur shaking video (hint to scroll video)...it need to happen only once to guide user bro...not every time i open video, it will shake automatically telling it got scrollable feature im so mad this happen so long...ur bos ask to release update faster ah? it already a lot of month and u still not fix this ""one time guide only""...instead u guide user to scroll video every single time i open the apps zzzz...just remove the shake thing bro, we already know tiktok and we know it can be scroll",2,2026-06-05 02:32:48,1
59d5c228-02ef-4f8f-aac7-7d3ebee2df8a,"Voucher system terlalu bodoh. Dah hantar barang lambat, kau bagi voucher. Voucher pulak rm5 je. Nak guna voucher min spend rm50 pulak. Ada quota pulak. Quota dah 93% used padahal baru claim tak sampai seminit. Nak bagi voucher bagi elok elok lah.",1,2026-06-05 02:29:21,1
cd5fb27f-041f-475a-9cd6-913939e3f910,good to order,4,2026-06-05 01:14:29,0
27f9aedf-043f-423e-b652-546f1be2f32b,this Apps so good to me ..for buying all the thing here and very cheap!!!,5,2026-06-05 01:04:01,0
68435800-257e-4a6a-a398-f71a2f517cfe,i feel safe when buying,5,2026-06-05 00:44:44,0
a0444e75-6c10-4654-a4ea-b69ee814f440,"The platform allows Shopee Mall sellers (like Anker) to unilaterally cancel valid, paid orders under the excuse of ""failed to arrange shipment on time"" just to avoid honoring low promotional deal prices. Shopee customer service provides zero assistance or protection for buyers when sellers breach fulfillment timelines. Poor platform regulations. Do not trust promotional sales here.",1,2026-06-05 00:42:18,3
d9937396-7d1b-4ede-9b9c-f80c850dfbf1,shopee ni dh la murah. harga berpatutan.,5,2026-06-05 00:36:05,0
0910d361-6722-430f-807c-430b2e3b5237,GOOD EASY FOR COMMUNICATION,5,2026-06-04 22:55:35,0
d82f574c-360c-4618-9589-5087c12b9dd3,good,5,2026-06-04 22:55:14,0
55efb278-306a-40ba-897b-c7875692a940,"Love using Shopee for the great prices and low delivery fee. However I'm leaving a low review coz I play phone games and Shopee ads on these games are SO annoying. Even when the X appears after the ad to close it clicking on the X doesn't close the ad but force opens the Shopee app! And the app sometimes refuses to close until after several attempts! No one is going to use Shopee more coz if your annoying ads, just let the ads close when people click the friggin' X!",2,2026-06-04 22:05:24,78
3397aee8-6deb-49ee-b104-f86a041b4429,Shopee is a great online shopping platform where it is easily accessible and have a wide range of products available. Not only that but they give out tons of coupons for free delivery and cashback which makes it even cheaper if you buy it on Shopee rather than physically buying the product!,5,2026-06-04 18:48:21,0
f5911bc1-bb4b-4a03-858b-7e4dc0a55971,"ape masalah eh,kejap2 nak muncul dkt setiap web/apps? beria tau tak. tau le bile aku nk beli sini bile perlh tk payah nk muncul setiap masa. serabut tau tak. kalau mcm ni la gaya nye nk promote delete aje le shoope ni,serabut kacau hidup org. tak tenang. plis jgn jadi batak customer sgt.",1,2026-06-04 18:32:15,0
50cf8bf4-b1c8-48b2-b9d3-6d1de1a54bad,"I hate this app. it's always come out when I want to download something, it's annoying. I swear, I don't like this app",1,2026-06-04 18:07:27,0
e714cd11-6ccf-41ed-85bb-1ec69dc69c49,Fast respond and excellent service,5,2026-06-04 17:19:35,0
ddbe9628-1fa7-4aef-8032-b38b737cb30b,nice,5,2026-06-04 16:54:22,0
6e774b1c-7347-439c-b08b-0553a7c0fa80,"Definitely no 1 in Malaysia. It's almost 2 years I think the last time I'm using the one that syart with ""L"". Since then,, I've never look back.. 😅",5,2026-06-04 15:17:10,0
afd23286-aea5-4a67-b4f2-76559f3bfe4a,much better then before,5,2026-06-04 14:31:23,0
02528258-921e-4794-85e3-71d3abf756a8,BRO THE ADS ARE TOO LONG AND ALSO FORCING PEOPLE INTO ADS,3,2026-06-04 14:23:48,1
874c2688-12cc-4415-a0fe-b92ec784c99f,Stupid Ads You better Stop Showing me your Stupid Useless Ads!!! All products im not interested in it!!!! showing me these ads are no Big Deal! its not worth anything!,1,2026-06-04 14:14:45,0
0329466d-7bdf-407b-8dbe-95bc0c3c5313,it's too good 👍😊,5,2026-06-04 14:08:17,0
732a3e27-b068-42f5-aefc-fbee68b00d85,"i just wanna log in to my old account in my new phone but the face verification keep saying face doesn't match, and when i wanted to use other method it keep asking for verification",2,2026-06-04 13:58:02,1
46b83ac1-19a0-4760-878f-91ab384baa83,terbaik mantap,5,2026-06-04 13:50:31,0
1f0c248c-0508-4136-bf42-0ea92e183002,Lowest price you can find in the market,5,2026-06-04 13:50:13,0
d0c4e195-db8d-41f5-bfae-e1612e45e791,to much adss,4,2026-06-04 13:39:36,0
1ccddf44-9f08-419e-9901-4281265581c1,mantap,5,2026-06-04 13:34:29,0
67265b77-b093-48c0-b64e-a8a56c0df0c8,murah..cpt & pantas..,5,2026-06-04 13:10:44,0
5fbf5dc9-076d-4ada-89fc-b3ba12baf7df,love it,5,2026-06-04 13:03:20,0
2ef74fc9-cae4-4697-b982-368e044b0477,"shoppe is very useful to my specially if don't have time to go out for shopping, everything i wanted here already and no hassle",5,2026-06-04 12:47:42,0
ef6b0a85-bf5e-4dbc-a134-83a2f53b15b7,good,5,2026-06-04 12:25:51,0
bcedc9f7-ee51-42e5-b4cc-a13aa2041609,Easy and trusted shopping 😊😊😊,5,2026-06-04 12:07:09,0
d3808d69-87e2-4f97-92af-608698c80027,good,5,2026-06-04 11:35:12,0
15458a29-1e81-4273-9232-4f0b200b7c1a,good,5,2026-06-04 11:20:22,0
9ea7b565-7cc9-4e40-b80a-413d21fdd4ae,"good experience shopping online, price also cheaper than physical shopping.. more choice to choose..and like consumer is the king",5,2026-06-04 11:17:48,0
20257e30-c2b6-43dc-9171-61fc0fa49922,"the most ads seen in different games, makes me have a headache that much.",1,2026-06-04 11:07:37,0
a6d74b98-0e80-48ae-9382-6a15ba12e001,"good, easy to use n buy something.",5,2026-06-04 10:09:46,0
1d38c8f5-f4d3-4f1c-bb54-76a6638428b9,Terbaik,5,2026-06-04 10:08:58,0
824e0fe0-20a9-46f1-9138-204c7ab76090,*****👍👍👍👍,5,2026-06-04 09:43:35,0
edce9fc6-334a-4b13-8591-67c39924e652,Good 👍,5,2026-06-04 09:43:10,0
93c2cd8e-128b-4b12-9dde-66505339b3ee,oklah..masih boleh diterima dr segi service,5,2026-06-04 09:26:56,1
2589e0ed-bf8c-454d-bb76-5ad8aef2ae16,Stop Ad I Am Trying to Play a Game Chicken gun you stop there😡😡😡😡,1,2026-06-04 09:22:43,0
d5d96409-b09f-4102-9290-47c1c6b80dbc,banyak produk yg free,5,2026-06-04 09:04:47,0
70dcaef5-670f-47f1-bab3-1de799134043,"User-friendly platform with excellent deals, vouchers, and a huge variety of products. Highly recommended.",5,2026-06-04 08:18:17,0
c3f2e61f-230f-4da2-aa32-4c7335c74999,shoppe is the best app for order item and have much voucher,5,2026-06-04 07:30:27,0
6f10a3b5-babc-4e3d-a932-34de552efca0,I love this app because this app helps me to find the product that I want easily and provide me a lot of vouchers.,5,2026-06-04 07:26:32,0
65e303a3-ce24-49bd-8e42-5d872ae7fa56,"very good, very cheap and good products. Best online shopping app💗💗",5,2026-06-04 07:19:48,0
c448b766-8fb9-4bd1-9e28-e3909ecb4b15,"Shopee – ⭐⭐⭐⭐⭐ Shopee offers a great shopping experience with competitive prices, vouchers, and secure transactions. The app is user-friendly and provides excellent value for online shoppers.",5,2026-06-04 06:35:34,0
f445d15f-2558-4c12-8d8e-c5ce19b9b29e,wonder what apps going to above u soon..huhuhu.. the best for now,5,2026-06-04 06:16:20,0
04dc15b8-1503-4939-90ef-a43f702e319d,"shopeefood hantar makanan lambat, melebihi waktu yang dijangka. kemudian, waktu dipanjangkan lagi. sepatutnya shopee memberi pampasan seperti voucher sekiranya makanan lambat dihantar. voucher yang sedia ada pun sering mempunyai masalah. aplikasi lambat untuk memberi update sekiranya voucher telah habis. selalu glitch.",3,2026-06-04 06:12:43,0
d3c93164-0603-49b5-ae52-4437515ffe79,"stop keluar iklan, kacau org je.",1,2026-06-04 06:07:45,1
e254054d-f5ea-4587-98eb-9659e00005f1,"can turn off the annoying, background sounds",1,2026-06-04 05:54:21,0
169ef47b-6244-4b05-b224-b0e3d3e9f652,👍👍👍🤲,5,2026-06-04 05:40:56,0
752b0e99-8d62-4bf2-8b63-996f089c3b21,ok sng nk gna,5,2026-06-04 05:36:27,0
6204b092-9454-4c4c-a417-c86aaad272b1,good,5,2026-06-04 05:12:58,0
703fb249-c6bc-4602-ab7c-057ec611bfbd,terbaik,5,2026-06-04 03:50:33,0
5d43b888-aec3-4c2d-b693-e78d692dbb82,"I want to say, #shopee is good. Dont expect anything. Dont compare your account with other people account. ( I am talking about coins ).",5,2026-06-04 01:12:22,0
f34defe7-9bbb-4709-b588-5b308ea74b21,THE DELIVERY IS ALWAYS DELAYED!? I NEED MY ITEM AND SHOOPE CANCEL IT?! BRO ITS JUST A NO NO FOR ME,1,2026-06-04 00:19:41,0
20b09baf-48f7-4008-8d71-1fe4e4c27d6e,"Saya senang berbelanja di shoppe kerana mudah tak perlu keluar rumah dan boleh shopping bila2 masa. Semua benda ada dijual dishoppe, harga pon reasonable. Shoppe juga mengadakan kemudahan beli dulu bayar kemudian melalui Spaylater. Walau bagaimana pun saya tetap bersama shoppe. Sedikit ketidakpuasan hati utk return and refund kerana pick up gagal dlm urusan return good, dan kedua kelewatan menerima parcel kerana kegagalan curier menyerah brg dlm tempoh yg ditetapkan. Over all shoppe still good.",5,2026-06-03 23:28:20,1
fb178a40-4585-4c08-ac39-6636a88d7e76,very good quality for baby I'm very happy now,5,2026-06-03 23:22:12,0
2fea401b-71b9-44a4-9d9b-a0dc4c2c6e0d,great place for shopping,5,2026-06-03 23:05:47,1
5e388b58-9d2a-4000-8b4a-3bf2be52fa83,ok,4,2026-06-03 20:29:18,0
6a3e20a0-0b51-4c1f-a965-73b8ea99c54e,Great online shopping platform.,5,2026-06-03 20:24:40,1
651640b8-9dfa-4850-b655-723440e9bd03,if you are not gonna fix my problem in paying then i think its better to stop forcing ads into your app :)))) annoying so much!,1,2026-06-03 19:55:16,1
5772f1c9-d961-46d7-a727-630ebfa918bb,well,5,2026-06-03 19:51:40,0
e0f25fbd-3ff3-41ff-9339-3dc04389d315,easy,5,2026-06-03 18:32:51,0
98f276ee-1d22-4a13-870d-fbd6a3c752b9,more interesting,5,2026-06-03 18:25:19,0
7aea4b90-bc5e-43c7-a639-ee3d9ca86ffc,Thank you Shoope and thanks to your team for creating this amazing shopping app... Deserve a 5 star rates 🌟 🌟 🌟 🌟 🌟,5,2026-06-03 16:27:47,0
8545fdf5-af14-4bd1-a5f8-e66652715298,"they say it have been refunded but the money still did not receive in my tng acc. and went I ask them they answer it like very angry, they say its still pending and need to wait for 3-5 days. then why they write refunded or refund complete? that mean they have been refund because its write Complete. it make me think if refunded money before this, actually go to my bank acc or not because I trusted shoppe so much until today, suddently I want to check and the money still did't receive in my tng.",1,2026-06-03 15:13:29,0
4bb9c1f4-92a5-491f-937b-6eb39432ff21,you should add tng E-wallet for the payment method,4,2026-06-03 15:10:53,0
fcf1e5a7-c5e2-4512-a6a9-f593d0453750,dislike due to girl with inappropriate video dancing,1,2026-06-03 15:09:40,0
f7420f7c-7842-4edb-a661-c65209b8c31d,good,5,2026-06-03 14:41:32,0
6f16d35c-3ed7-42d8-bad2-b60f9b0e155c,Susah benar nak register. suh letak ic dah buh ic. pastu mintak gambar muka sebelah ic. dah bagi. pastu cakap alamat tak sama pulak. mintak bil elektrik pulak. apebende la. 1 star kira cukup dah tu.,1,2026-06-03 14:31:40,0
349d5ac8-70f0-4a54-8e8c-f07e684419ad,good,5,2026-06-03 14:15:13,0
a7455ef6-af54-422b-908e-87345a8f9bd3,Shopee App is App that I like To use to buy Many Think. Very User Friendly and Cant Track the Shipment Over Time.,5,2026-06-03 13:39:03,0
fc5794e2-abcd-4bb3-9649-dd59731ba6b1,okey..bagus saya suka.senang buat urusan pembelian dan yuran bayaran balik yang senang penguna..mesra penguna.,5,2026-06-03 13:13:05,0
44c6caa7-0d6e-47bc-b21a-24bc57c39f8c,Very good,5,2026-06-03 12:53:06,0
d5f62c4f-270b-4fd8-bd61-756064b9c04d,best bnyak barang boleh beli,5,2026-06-03 12:29:38,0
1ee62857-b48c-4735-abb3-44fb484fb959,good 👍,5,2026-06-03 12:28:15,0
9cd13c17-2478-4328-9526-51b6e5c59f53,very easy to use it,5,2026-06-03 12:08:39,0
b29344a2-e733-4b3b-87bf-5c5f08167297,ok\,5,2026-06-03 10:49:44,0
4f101ba2-0110-434e-8d98-7dd4452d7466,Highly recommended online shopping. Superb app that's you can be trusted. The easiest and smoothie for purchase and others options that offered by Shopee 👍⭐⭐⭐⭐⭐👏💯,5,2026-06-03 10:35:33,18
96f67f0a-01c1-41ef-b631-a5fd17a44b33,love it,5,2026-06-03 09:15:38,0
4c21c1ca-0485-434d-90e9-1d2681d4cb43,"So good app,many usefull things we can buy",5,2026-06-03 08:55:31,0
d4b42001-6a7d-4c98-b712-594df952f7a5,"Aplikasi yang sangat bagus untuk membeli barangan yang diperlukan, keselamatan dijamin dlm setiap pembelian.",5,2026-06-03 08:49:31,0
3b89f0bd-664d-4858-81f6-e6aae436fd73,trash I can't even use my shopeewallet to pay and I been verifieing for 130 time give me my money back!!!,1,2026-06-03 08:48:22,0
3464bde4-e22f-42b6-ac9a-7bc9059bb722,nice,5,2026-06-03 07:06:21,0
58acecc4-7369-4210-86e6-e3de379c0399,Shopee should punish seller or video promoters who used AI video to promote product. Isn't that a fraud? Actual product differs greatly than what's being advertised/portrayed by AI video.,1,2026-06-03 06:55:46,6
b842a108-4e0b-4d1b-a42f-c8eb07f8a9b9,ok,5,2026-06-03 06:28:35,0
d6995d67-6e31-4358-85b3-287bf597a8a8,memudahkan walau pun mahal sedikit je,5,2026-06-03 05:55:05,0
0cf0d7fb-1191-48f2-9b80-13908e9d13bd,Good,5,2026-06-03 05:49:52,0
4718a1fa-a6ce-453a-9835-f2a40fab1766,"Shopee is an excellent online shopping platform with a wide variety of products at competitive prices. The app is easy to navigate, and the delivery process is usually fast and reliable. Overall, it provides a convenient shopping experience.",5,2026-06-03 05:28:37,0
2afffbd9-c517-479d-925b-ef5a0ee94ee1,nice 👍,5,2026-06-03 05:18:22,0
5bfeb44f-64d0-413b-9d7a-64ba6fd861b7,💕,5,2026-06-03 04:49:12,0
b6e02e34-227c-45bf-be6e-bf1a625d1d48,Good apps,5,2026-06-03 04:46:10,0
722cfafd-884a-4af0-b46d-04871ff75c0e,mantap,5,2026-06-03 04:40:50,0
7b9ca32d-dd30-4a89-a2af-5dda023183fe,nice,5,2026-06-03 04:38:05,0
bbb9bc1b-541c-439c-977a-5d0173f5ffe3,the best 👍👍😘😘,5,2026-06-03 03:46:07,0
a181ac0b-18a7-42a3-982b-59ef4a0d1d4b,Magleg...,5,2026-06-03 03:35:11,20
e4830ca8-d6a9-4caf-87f3-533434e6ec91,Nice,5,2026-06-03 03:21:27,0
29949558-2af8-4d5d-8c13-d7a7c4b6b877,very bad shopee 🥵🥵🥵,1,2026-06-03 03:07:16,0
9314dc76-c6be-469c-9235-32bfe79b49e3,ada vaucher tak boleh guna,2,2026-06-03 03:02:53,0
ac98b307-077a-448f-8819-fe1867c6e70f,There are scam that Shopee can't do much. Not reliable. Not trusted,1,2026-06-03 02:21:14,1
f23a079f-7db7-4ea2-8806-270f10a2923a,baik,5,2026-06-03 02:10:02,0
1e8ac58d-7ff2-4134-ba6e-0d6f2ee8fc9a,KEMBALIKAN PILIHAN KURIER,5,2026-06-03 01:12:28,0
5ace18df-7682-47e1-ab8a-71761139d2ba,"terrible delivery rider , don't knw how to read map and don't knw how to listen to human language speak Malay don't understand speak english don't understand , sudah bagitau belakang U parking punya motor , still don't understand , still want play blame , if too stress , don't work as delivery rider , and shoppe don't filtered their rider quality . very rude .",1,2026-06-03 01:09:17,0
8cf952eb-f3d7-4497-8030-3685940b2c06,annoying ads keep opening links to this site without my consent,1,2026-06-03 00:14:34,0
3089d7d8-de3d-4252-8bd1-eb19f966d610,good,5,2026-06-03 00:05:37,0
6139dab3-513e-486a-8924-85b30fb61139,"Shopee is one of the best shopping apps with great deals, vouchers, and a user-friendly interface. Shopping online has never been easier",5,2026-06-02 22:56:25,0
d4ea96f3-7986-43c7-b3ba-f6573a632831,I love this app,5,2026-06-02 19:26:41,0
f0adf003-b15b-4521-b51b-8ce85dbedbb7,-lags so bad. -99% of the vouchers are unusable,1,2026-06-02 18:29:05,6
741308a8-3216-465d-bc4b-271de22bb278,Good Shopee. Plz Try Apply Shopee Car Driver Same Like Grab Car Driver . This Good Busines,5,2026-06-02 17:50:37,0
852b4c0a-df59-4244-929a-5fecd653a3d7,"Tolong sediakan butang ban seller. Sedia maklum platform shopee lubuk fake product. Report berkali² pun tiada tindakan. Dan algoritma pula suka menganjing naikkan produk2 dari kedai jual fake tu... Jadi tolong sediakan butang ban seller atau butang ""not interested"" supaya algoritma berhenti cadangkan produk dari kedai celaka tu.",1,2026-06-02 16:34:59,0
3a7d757f-e8d1-4dbe-8c55-02a1d516c8b0,best & good,5,2026-06-02 15:59:39,0
892e13c2-d519-4675-8c3e-06fc2e16b750,"The app is good, all the items are of the same quality, there is no delay, the goods are being sent in two or three days, the same delivery boy who comes to our place comes when he is sleeping at night, this is too much bad",1,2026-06-02 15:25:25,0
d1c31ac0-bcc0-4088-a116-41975205502b,"gliching , upon start alway on videopage not home page.. have try to fix but no option @ toggle to switch of @ change. some time overlaping..",3,2026-06-02 15:09:52,0
0eb6e2e3-8658-4a9e-abbc-84a7590f1711,"THE ADS IS SO ANNOYING, I HATE THIS APPS I JUST WANTED TO PLAY VIDEO GAME BUT THE ADS KEEPS POP UP AT MY SCREEN!!",1,2026-06-02 14:56:52,0
95f482c9-7d18-45b7-802d-7f0ed8b2e7f1,"I have ordered several items from this platform in the last few weeks. All products arrived very quickly and were exactly as described. The quality is good, the price is fair, and the service is reliable. I am very satisfied with my purchases. Thank you. I will recommend it...",5,2026-06-02 14:31:50,1
8a16585e-7db1-41af-9f8f-0ed0321d7367,Shopee is a convenient online shopping app with a wide range of products at affordable prices. It is easy to navigate and makes buying items fast and simple.,5,2026-06-02 14:27:46,0
d0e9dedc-1fd7-47b4-8036-3f1f288cf767,nice,5,2026-06-02 14:15:34,0
d7d2050a-8881-41fb-89b1-341bf9d5a856,sesetengah produk tidak mempunyai diskaun tapi saya suka shopee ni,4,2026-06-02 13:52:22,0
d42b6739-3a21-4213-a969-328eeda2b509,ty shopee sayang shopee,5,2026-06-02 12:13:44,0
6106db26-d7b2-47ea-a2e3-a25f67be2176,Love 🫶🏻,5,2026-06-02 11:42:55,0
ec458839-d887-4ce5-9ef5-2f28507af09a,great,5,2026-06-02 11:15:22,0
edc12c95-f279-47f3-a59e-18c0e0c43b76,feels like the ShopeeFood voucher are CHEATED I cannot claim voucher and even so the voucher is fully redeemed within 1.5 second I try my best😂 the voucher are kaw kaw 10 off BULLSHITTT,1,2026-06-02 11:12:35,5
95bfb2ec-f40f-491d-b01e-596e7cc593d8,very food apps market and food,5,2026-06-02 11:12:05,0
c5e06319-dab9-4786-9f50-c32b9741c457,Fast delivery and easy to order,4,2026-06-02 10:27:52,0
f2aa3645-a651-41fc-81d4-f31c92081095,bagus dan pantas,5,2026-06-02 10:15:53,0
13bbacf4-20e1-45e9-a4c3-64f2abc7b26a,lembab logistic partner 4 kali pickup attempt unsucessful sampai kiamat tak sampai sampai.,1,2026-06-02 10:07:12,0
a53b1cf2-72d3-4830-b95e-0a2ebdaa68b2,"this app is so annoying, because there is to many ads",1,2026-06-02 09:05:26,0
3a16276d-c851-48e6-8e9c-21b4ab152a59,good vaucher,5,2026-06-02 09:04:15,0
887188e5-73dc-4807-868e-c0a74c8897bb,Great shopping app across ASEAN,5,2026-06-02 09:03:01,0
2c2e92da-beb9-4c69-8a81-0c0cb9de0edf,app yang paling menyakitkan hati...timbul dia semua iklan walaupun tak tekan masuk ke iklan tu....sebab iklan app ni la punca tak minat nak download games....betul2 mnyakitkan hati...,1,2026-06-02 08:59:25,0
598443f5-877a-45c3-80c0-57e652db3d3f,"simply the best. but one thing I'm wondering why, sometimes points are not awarded?",5,2026-06-02 08:49:53,0
f94e1236-ff17-4356-8fe0-e37d0aeaee1b,i have ordered my desired item and all the items are perfect as my desire. thank you shopee.,5,2026-06-02 08:22:00,0
579921a0-9f0c-4689-a784-3fd52d235de4,good,4,2026-06-02 08:18:52,0
c8c2deb9-e0a2-435b-86b1-53e900c9d62b,i make payment spay later for 12 months but i got to pay in 6 months. i have complaint twice but no action taken,1,2026-06-02 07:44:20,0
fbe90890-467e-45d9-827c-25fc5183aa28,Verry Good,5,2026-06-02 07:38:23,0
f9606830-f904-4f85-8880-1a697080a7dc,Thank you,5,2026-06-02 06:59:09,0
20d11883-29a0-4516-abe8-df7ef92ec809,"The Shopee app provides very poor and terrible service. I am personally a victim of it. I live in SS15, Subang Jaya. They brought my parcel and just gave me a phone call, then left without delivering the parcel to me. Their behavior is also very rude and unprofessional.",1,2026-06-02 06:46:53,0
24f9da29-1e7e-4b44-bde9-620d36f3f88c,easy to track..multiple payment methods ..,5,2026-06-02 06:11:35,0
acb3d8eb-56f2-414d-8628-1f33f3cbacd8,v good experience with shopee💯💯💯💯,5,2026-06-02 06:00:24,0
848c976c-1124-44d9-b4ee-af542c29db57,Hub keep my order for 2 days even though I already update i need the parcel urgently as I need to use it today.Order 5 days ago and didn't expect it wouldn't reach me in time even though just from local shipping.,4,2026-06-02 06:00:13,0
ff1ca424-2089-4108-8f08-7c822c0dfda4,good,4,2026-06-02 05:52:28,0
5e235223-678f-4d7b-9c1e-8d603d346483,Why doesn't Shopee PayLater offer a minimum payment option like Lazada PayLater and TikTok PayLater? Having to pay the full monthly installment at once can be challenging for some users. A flexible payment or minimum payment feature would make it much easier to manage finances. I hope Shopee considers adding this option in the future.,1,2026-06-02 05:15:54,1
c5f344bb-8128-45ea-a57e-e4daa84e99a4,Mantapp segalanya ada di Shoppe,5,2026-06-02 05:11:57,0
363986e4-0b78-4f73-a82c-08f7d44bd752,"Please consider adding feature such as remove viewed item, option to stop recommending selected item.. also i dont really mind AI but but its a horrendous way to highlight a product.. its often look inaccurate in how it look and performs..",3,2026-06-02 04:51:54,4
b9a5a979-900d-4822-a303-545f0a9d883a,mak bapa je x de jual dlm ni,5,2026-06-02 04:35:08,0
403f129b-aeb0-4945-aa8d-7d913ca78707,"No security against scams, fake sellers, fake products and unsafe products. I had to do more digging than I should before buying things here. I had to search for the exact product model online to cross check against the one sold here and also to double check the sellers and reviews made (if I am lucky). Please make product image as a must, by forcing sellers to take photo of their own products rather than allowing upload photos.",2,2026-06-02 04:29:01,2
68179c42-3d26-49d7-8e4d-78826d06a04e,shopee tak cekap. penghantaran ke collecting point selalu gagal. sampai waktu maghrib pun masih belum sampai dan sekarang dah lepas tarikh ia sepatutnya sampai. nak kena tunggu lagi SEBULAN kot baru akan sampai.,1,2026-06-02 04:02:47,47
055d982b-1382-40c8-b41b-917b4b6fbf7d,good,5,2026-06-02 03:15:08,0
71f3fb0f-24fc-461e-8b2a-ddc8b21d6098,"Mantap!!! Sangat murah, banyak diskaun. Dapat jimat lebih banyak! Shopee Lagi Murah! Penjimatan Unlimited!",5,2026-06-02 02:48:05,0
ea96a2fa-87c8-4ffb-ab44-180279caa42e,good service 👍,5,2026-06-02 02:31:43,1
00c56b23-97e8-422f-baef-5c1481824d71,very functioning,5,2026-06-02 02:18:34,0
182a9764-45d5-4ff7-9d41-64d88b86c0cc,"great, best platform to shop online.",5,2026-06-02 02:08:03,0
9c350df1-d031-4808-a1e5-ca6e8c4901da,MANTAP,5,2026-06-02 01:00:45,0
6c924792-8e1d-4884-9bf3-b27d61666eba,I feel very disappointed with this app.i just try to check out my item and this app accused me for doing violated against system and restricted my account.when I try to fix it this app decline too.i m very frustrated and decided to delete this app and just use TikTok shop instead,1,2026-06-02 00:55:26,0
54ddff78-8222-4db4-9ed3-77ecba69562e,love this app so much,5,2026-06-02 00:31:36,1
759b6189-5b21-49c0-b14c-4aaeeba9fb95,"no landscape mode?! when my tablet is on landscape mode, the app appears tiny in the middle of the tablet with thick black bars on both sides of the app. so disappointing 😞",2,2026-06-02 00:29:16,1
61c0359b-8363-42fc-870a-009379be000b,WHY DOES EVERY POP-UP ADS LEADS TO THIS APPS? Good apps to buy things but don't dream to be a seller as you need to pay for your product to be advertised otherwise your product will be hidden/shadowbanned when someone search for it. Reducing the amount of vouchers used also a scummy tactics for buyer.,2,2026-06-01 19:43:49,3
3bd0aa19-e8ca-4934-8b30-7d24943de4a3,Amazing. I really like shopping in this app.,5,2026-06-01 18:06:23,0
ed3439ff-7f67-49d6-a5a9-4d5d10a1cc2c,"For goodness sake, stop using the Live & Video feeds as the default startup page! It's crazy annoying and disturbing! FOR THOSE READING THIS, only solution is to uninstall and reinstall the app. The auto startup to live Video page happens if you have selected the live videos, even once as you'll notice the app installs an ""add-on"" the first time you watch a live video. DON'T use the chat request method as you're basically giving Shopee authorization to gather unnecessary personal data!",1,2026-06-01 17:43:34,5
82dd0cde-4e8b-4c6d-a1c0-10f497bb2c82,i get shopee ads often and it forcefully opens the app regardless. giving bad rating because shopee ads from google are so long and bad and forcefully open the app several times per ad ruining my experience everywhere else.,1,2026-06-01 16:36:29,0
67aea736-bf82-4b7a-9fe8-00306aef20e7,"can make like tiktok, can make early payment(can put amount, pay little)",3,2026-06-01 16:11:50,0
13fcb6bd-9801-4f51-a326-5011923678aa,Your ads are annoying.,1,2026-06-01 15:54:58,0
a3d3456b-98e5-4bae-ae67-ffdae871614b,good,5,2026-06-01 15:44:05,0
1c90a502-bd7c-4cc7-bfe3-bda475521db9,good,5,2026-06-01 15:27:37,0
31170642-552f-4422-8bc6-3efa8fa3ea49,"apps ni mmg best,tapi kalo beli handphone atau barang yg mahal dri 1k dgn spay later blh sampai 36 bulan mcm yg aeon gitu lagi best..harap shopee blh timbangkan benda ni👍👍",5,2026-06-01 15:11:09,0
09bcda42-78eb-4f39-bd27-c0786fe4eb3f,Ok,5,2026-06-01 14:38:12,0
fd6124b9-9032-4381-9faa-ca2a7151b2dc,good and easy to use app,5,2026-06-01 14:28:35,0
80eca440-a254-428d-9e0d-289787d7db2a,Notifications are too far down the screen and very hard to read and you can't tell if there are new notifications until you click on the tab.,3,2026-06-01 14:23:07,4
cace6364-06f3-4b4a-a10c-ec5ad6082396,Trusted platform.,5,2026-06-01 14:05:43,0
7aff1041-fbb5-4ff0-847d-769757f171b9,ok,5,2026-06-01 13:55:04,0
de11400f-19c5-457b-b9f3-7f3b1c0e7d3c,why this app put many ads in another app. It's very annoyying to me,1,2026-06-01 13:50:51,0
47c27ae8-f8b3-485c-9a16-ee7926b22df3,Very good,5,2026-06-01 13:19:49,0
2c1358b4-1942-405e-b2b0-35a2ce2b597c,"fast delivery good quality a lot of discount, couch and some good deals this is a best online shopping app I like this very much",5,2026-06-01 13:10:44,0
efcdda8c-9d56-4d81-81ad-280dce126a30,the best shopping platform ever!,5,2026-06-01 12:42:57,0
7b2a6f84-2fcc-4d02-a092-c2576235b00f,want to upload video evidence keep displaying connect cannot submit,1,2026-06-01 12:26:14,0
e4521345-ee79-428c-acf5-bf7e76a9073c,useful,5,2026-06-01 12:10:35,0
7307f40d-bfdb-4e18-9150-9464e91566c9,a great experience with shopee,5,2026-06-01 11:34:09,0
83f894ca-e117-416b-bd25-bbe81881f04d,easy to buy buy buy,5,2026-06-01 10:46:24,0
ebf93281-1182-48b5-aa7a-d24107e03c94,All item can find here safe app even purchase The devices. Love to shop here.,5,2026-06-01 08:54:03,0
7817ac9f-7402-4d75-a495-5931a87d455a,An easily accessible application for searching products & price.,5,2026-06-01 07:46:15,0
c200fe11-ce2b-4e46-b2a2-df5865a0e32d,"as usual , competitive and reasonable pricing but a lot of scammers seller in it.",5,2026-06-01 07:31:41,0
16b8abde-027b-40ca-b5f8-9f6378ca0e7c,ada yang murah cantik lagi,5,2026-06-01 07:28:30,0
4d4094fd-c8c9-48ea-a316-43b375489ccf,"Return has become worse. Nowadays have to have multiple videos and pictures of packages before opening to address wrong item sent, change of mind and so on. Then will review for 2 days before telling if need any more information or not. Then within that day if their assessment u have to reply. Otherwise u are stuck with them item that is of no use to you. Because everyone is sitting by the phone and item at all times.",1,2026-06-01 06:41:57,13
b967ae11-5cb3-41ce-a760-693b6bbbdbb1,"Shopee is an e-commerce platform where users can buy and sell a wide variety of products online. It is known for its large selection, competitive prices, promotions, and convenient shopping features. People use it to shop for items like electronics, fashion, beauty products, home goods, and everyday essentials.",5,2026-06-01 06:37:59,0
33f39e98-44ef-4701-a090-f3f1fa41c8d5,lag and sometimes it said 4.30 but when i want to play its 6.70,1,2026-06-01 05:20:28,0
28dcac1c-9646-4601-8277-a1bc98305686,good👍,5,2026-06-01 05:05:47,0
4818a14c-c2ac-408b-9380-96b72aab96b8,Yayyy more ads plss,5,2026-06-01 03:45:12,0
a237f12e-c232-4c55-a70d-6e359248c88a,good,5,2026-06-01 03:08:07,0
dbad679e-cb81-43d7-a143-80ae9136b607,"The latest version will force you to go to Live video upon launch. When I contacted the Customer Service, I was informed that this is the new deployment and cannot be changed. Now I have to make sure my phone volume is on mute whenever I need to launch Shopee app. Based on the reply below, it looks like you're going to send me in a loop. I have contacted your Customer Service before putting in this review. How disconnected can the app developer be from your Customer Service?",1,2026-06-01 02:21:57,1
9576b9c8-d617-4f4f-b822-05db84db84ad,thanks you bast of the Bast 👍,5,2026-06-01 01:11:11,0
6d9b2cd2-65b4-419b-9444-1c56d529c0e2,"shopee express ko mai problem, kasi bagus dlu shopee express ko tu mai",1,2026-06-01 01:04:10,0
9b79f0cd-075f-4e1e-9ddf-effc0c517a31,very good apps,5,2026-05-31 20:10:02,0
fbf9dca9-3922-4698-8893-db0e3e6869fd,simply block me from collecting coin,1,2026-05-31 18:45:55,0
fdf04586-8759-4fc8-b582-2290bf1f9664,What's the whole purpose of giving a voucher to new user when they can barely use it? Guessing that the first come first serve resetted every 12.00 a.m. I made my account at 1 a.m. and I'm about to use it but it's already out. Please add a % of how much the voucher has been used if it's a first come first serve voucher.,1,2026-05-31 17:18:06,0
227ce05b-a55f-437a-ac5c-8004a06678d8,good 👍,5,2026-05-31 16:59:35,0
15fc9c7f-4ede-4f45-bb88-98f218d678b5,thanks but can you not forcing me to open your app each time?,5,2026-05-31 16:46:26,0
4b893e5a-756d-4a90-9125-6141840b7845,sampah,1,2026-05-31 16:12:26,0
04cafb0d-2734-4324-8020-3abe49d42d5b,I love shopee,5,2026-05-31 16:02:19,0
b4f5e43e-a650-4612-8457-b2cafcf3a968,"Same as other, when you open it default to live and recently there is bug where the video keep playing at background after you click home or exit from apps this cause high battery usage",1,2026-05-31 15:50:23,0
4ebd730f-7e10-4f89-99b9-a9bf10cd8bfe,"good,easy,👍👍💯",5,2026-05-31 15:01:01,0
4a55eaea-4bfb-4dfd-919c-649869a59a14,best doh pakai shopee ni,5,2026-05-31 14:15:13,0
00e255b6-2d00-457b-8ae3-860af90cb961,Why suddenly this apps blanks when I looking product delivery???? 👁️👁️😏,1,2026-05-31 14:05:50,1
c20b9881-e81f-4537-a503-f9c6f44833fb,"best shopping app ever, got so many voucher's, really love to use this app",5,2026-05-31 13:54:27,0
0f089b1f-e0a2-45e4-9fe8-4ab883dee4cc,nice,5,2026-05-31 12:52:18,0
0c51e37d-6868-4803-80e8-656f5ac0daa3,"⭐⭐⭐⭐⭐ 5/5 Shopee is one of the most popular and reliable e-commerce platforms, offering a smooth and enjoyable online shopping experience. The app provides a massive variety of products ranging from electronics, fashion, beauty, home essentials, groceries, and many more, all in one convenient place. I really like how easy it is to search, compare prices, and read reviews before making a purchase. The interface is simple, fast, and user-friendly, making shopping accessible for everyone.",5,2026-05-31 11:31:52,0
4ccc7d63-b36b-40b1-9f1d-215cb4708524,kecewa dengan delivery..dah tau kenderaan rosak kenapa tak cari back-up... menunggu barang yang sepatutnya hantar tapi tak hantar..da la emergency nak pakai sangat...sila upgrade kenderaan...,1,2026-05-31 11:30:45,0
4d8d777b-0216-4c44-b520-91908abb69c9,Very good product and proce also good,5,2026-05-31 11:25:07,0
8fc6aae0-a22f-4861-a86f-b28a567a4068,shopeefood 👍🏻,5,2026-05-31 11:17:18,0
5aa61d53-eba0-4bf7-8fba-209118615191,very good app,5,2026-05-31 11:03:49,0
b99faf41-7888-4fdd-ab89-d33a6bf151a1,Cool,5,2026-05-31 10:50:06,0
334e8e62-539d-4ba3-9beb-831f9263c59e,I love it....,5,2026-05-31 10:33:34,1
50c8e984-3619-43e2-b024-dd23b2394841,Sudah lebih 5 tahun guna app ini dan semua aman,5,2026-05-31 10:21:05,0
076c5c52-34b4-40e7-86bf-e7cef2e639e0,best ever,5,2026-05-31 10:07:11,0
8ae0efd2-23ba-477f-a08c-047b6df960bd,easy and fast delivery,5,2026-05-31 09:34:40,0
c06da413-5140-4c2f-8fa7-a54185017f7a,i feel happy because buy online shoppe,5,2026-05-31 09:25:35,0
111a3a44-4bd2-4d5e-9410-b53eb871bab9,all good,5,2026-05-31 09:11:49,0
13d6f7ab-0c48-41d5-b197-5cc8bdf33ff4,"“Great app for online shopping with many deals and vouchers. Easy to use, but sometimes delivery can be slow. Overall, a convenient platform.”",5,2026-05-31 08:03:02,1
16eb8dc2-07a3-4ded-88cf-4cd68d715313,nice app,4,2026-05-31 07:52:20,0
2772c83b-7d83-403f-ae80-9626acec5858,# 1 brand online seller provider,5,2026-05-31 07:33:10,0
adddabb4-aa8f-4475-bc3e-64574855b85e,terbaik,5,2026-05-31 06:50:20,0
cc5a61d0-396f-4b55-b5af-c0763767de90,Best experiences purchasing with Shopee,5,2026-05-31 06:49:20,0
eb62cb99-a82d-43d2-beb3-0426af4bbab5,don't like,1,2026-05-31 06:15:20,0
e45edc78-53b1-420f-9caa-ef408ac096d4,the best super app ever,5,2026-05-31 05:29:28,0
4d7a6658-9cea-42cd-9664-fcee5b0175cb,GooD,5,2026-05-31 04:40:43,0
eaa3d3a2-e2b9-4050-9292-ed80703395c9,good,5,2026-05-31 04:37:44,0
b2eab050-d386-43c2-8d06-fa120110dd94,Convenience to use,5,2026-05-31 03:37:37,0
3f915a8b-67c4-4338-be4c-01a7b25258d5,"penghantaran ok. cuma kadang kadang kalau ada kupon diskaun tak dapat pakai. apa point nak bagi kupon tapi tak dapat pakai langsung untuk oder barang. dan yang aku tak suka tentang shopee ni, asal aku buka apps j e mesti keluar video annoying. cringe banyak ai. dengan benda tak senonoh nya. ini bukan tiktok ini platform shopping. stop la jangan adakan shorts video dalam tu.orang nak buka apps terganggu dengan video tak guna.",4,2026-05-31 03:29:09,0
15b6ea6f-56f7-4937-982a-31884e5e0b0f,good service..,5,2026-05-31 03:09:50,0
a26bed9a-af75-4e82-a532-4cce362f43da,"worst app. shows up in every pop up ad, forces me to download it and the ads are just terrible and low quality. i hope this app gets shut down soon",1,2026-05-31 01:26:31,0
0e250e62-0119-4e4a-b61c-13fca7217333,"Been using this app for years with my mum's card but please add Touch n go as a payment method, it's hard for me to buy anything from this app since I only have TNG",4,2026-05-31 01:19:44,0
3df47c33-4bed-432b-922b-99f1be755604,nice app,5,2026-05-31 00:59:55,0
0fb5b56d-3671-4868-902f-adf762bb517e,my favorite app,5,2026-05-31 00:30:03,0
14e0ef61-d3b9-4e1f-94a6-1b0312b9ab73,1. Benda yang saya tidak suka setiap kali buka shopee adalah anda disajikan dengan video terlebih dahulu. saya nak agar home page jadi utama. selain itu juga setiap kali saya klik item yang diiklankan akan disajikan dengan video yang autoplay. 2. shopee sepatutnya ada dark mode kerana kebanyakkan yang melayari shopee adalah pada waktu malam.,5,2026-05-30 20:08:28,2
6a19831b-2a55-450d-82dd-976b5adfd6da,mantap,5,2026-05-30 17:55:54,0
d35e36d4-9270-4c31-91db-6e2758a102c5,stupid ads,1,2026-05-30 17:25:55,0
5042dda4-68ee-422a-8a8e-d4a5e50664cb,Good,5,2026-05-30 16:51:48,0
8ab67b45-ef6e-4d0f-a707-ca94b6938341,"I hate to see live & video automatically every time when I start to open this app, this keeps happening recently. It is totally not fun and very annoying!! I want to buy what I am looking for, not to waste time watching live videos.",1,2026-05-30 14:24:30,5
179e5a45-9737-4472-a4f7-ff6654f89702,"Hi, Shopee apps on my device keep on crashing whenever I wanted to checkout my food order, specifically from McDonald's Samarahan. Please advise on this issue.",5,2026-05-30 13:21:39,0
d47082f1-6080-4b9c-a9b2-19ea6f5b9874,barang baik Dan berguna,5,2026-05-30 13:16:22,0
078e9bc9-936a-4b63-ae3c-3c8d14c5a1fd,Good 👍,5,2026-05-30 13:13:41,0
baa72f2d-7896-4ba3-a4e8-61b09c087967,"akaun saya disekat,saya telah cuba seperti yang diterangkan tetapi akaun saya masih disekat. sangat menyusahkan saya.",1,2026-05-30 12:44:29,0
e7b75014-b6b6-4ced-ac00-7e4047d639b1,Well i change my mind.I feel free of hacker when i buying things in this app even the ads is rage baiting.,5,2026-05-30 12:38:33,0
8a5effdd-df44-4a62-b692-ca4f6c83af23,Well done shopee! Good apps for all. Keep it up,5,2026-05-30 12:24:02,0
0f02e394-7669-4607-95e2-48f61092a1df,ok,5,2026-05-30 12:19:05,0
bc412e16-94c7-4c36-b049-47b4807d25e3,"I have been using this app for a long time, but recently I felt disappointed as I suddenly cannot claim the Shopee Live's coins and system shows I was eligible to claim the coins without any reason. I already complained to the Help Center twice but still haven't solved this issue. I am mad and disappointed because I use one Account, follow the Terms & Conditions also can be banned by Shopee! I hope Shopee's technical team can solve this issue. #If this issue is solved, I will rate 5 stars.",1,2026-05-30 12:13:42,6
f4fa7031-b013-4f33-b1b2-e36d6565f2c7,shope is good Shopping app very affordable Price nd quality good shope. better Option rather then tiktok Lazada,5,2026-05-30 12:08:28,0
77750e0b-c114-45e0-bc1f-6f4bad90b29b,"Absolutely, very good app for Indoor shopper like me.. 🤙🤙🤙",5,2026-05-30 11:58:00,0
10f9ed77-0239-4387-a7ad-289761f640d2,sangat bagus dan murah,5,2026-05-30 11:30:30,1
fb3bed46-7cf2-448e-a1e6-4d7a55c1530f,i hate the ads the x button is so small even a microscope cannot see it,1,2026-05-30 11:25:55,2
b196e2ce-2d98-4dfd-91fd-662101234f19,mantap,5,2026-05-30 10:25:05,0
f606e0a2-b00b-4ab0-800b-c7f7d7952d48,good 👍🏻,5,2026-05-30 10:00:13,0
13d4f99b-fb9c-498c-a302-b440cc3135e9,The service and the item is very good at reasonable price!,5,2026-05-30 09:27:05,0
db8233a3-7021-437b-9c9b-1a1fe4a01f2a,Excellent service.,5,2026-05-30 09:23:34,0
9a5ca114-9bd3-451b-8fa0-b244ac41481f,lagi murah lagi jimat,5,2026-05-30 09:14:57,0
51588357-98b9-4ad8-85c6-d36b6a9aef57,"satisfies with the drill, fast delivery. all in a good condition",5,2026-05-30 08:41:20,0
4936ff04-5dec-4665-a9ca-1cd9229b3eb3,"buka shopee terus tengok video, amende la aku nk beli barang bukan nak tengok video, masalah betul la,banyak bug iklan tibe2 muncul apahal",1,2026-05-30 08:37:11,3
9154a794-b087-47da-a810-7ab42c1216ce,berapa kali nak kena contact agent shopeepay.. semua tak selesaikan masalah,1,2026-05-30 08:07:59,1
67eba046-8ade-45d0-9455-15a928ca33be,"Shopee Malaysia is my first choice for online shopping. The UI is very convenient and user-friendly, it offers a wide range of products at competitive prices. I can easily find almost everything I need in one place. The shopping experiences are great, the app frequently has discounts, vouchers, and free shipping deals. I also like the secure payment options and fast delivery service in most cases.",5,2026-05-30 07:59:55,8
18b721d2-2600-48f8-bf54-4446e4be4164,"ok semua, sistem yg bagus",5,2026-05-30 07:50:20,0
482a58bf-bfa3-4270-b483-85590b684282,Prompt delivery.,5,2026-05-30 07:36:41,0
b0481e1f-482d-4c3d-9c3a-7a59e5efe907,very good 😊,5,2026-05-30 06:34:50,0
09727ddf-fe20-4e5e-b242-1aed94507d70,memudahkan,5,2026-05-30 06:29:17,0
585e5749-02c4-463c-b076-e308f7455aed,terbaik,5,2026-05-30 06:26:04,0
95999914-c79c-4158-8c7d-72d7238f5f05,"I use Shopee Food delivery quite often, user friendly Apps and because of discount vouchers availability👍",5,2026-05-30 06:23:31,0
50926770-2fef-4817-9850-c726e06b5972,best sangat dan senang,5,2026-05-30 06:12:51,0
1964982f-fd2b-4210-803f-a964cc32c7c4,good,5,2026-05-30 06:03:31,0
ab617412-a907-4fe8-9d8d-3d20f31e8f83,aku dah hilang sabar dah ni. dah lah aku order shopee food sampai lambat. apatah lagi koyak-koyak makanannya bila sampai,3,2026-05-30 05:43:26,0
fbb2ee1f-f34e-40a3-ac52-ef6304310af0,"App is a mess. While browsing to shop, different small little popups covering the screen, with things like Shopee live, Deals. Is the app discouraging shoppers to shop? Now I recall why I prefer the other platform Lazada more than here all these while.",2,2026-05-30 05:25:42,1
b8a2bcc7-6bc7-40f5-8f52-271caf4a5cbc,best,5,2026-05-30 04:11:48,0
6b5a47f1-70a9-484a-9b11-88da519cdf90,good,5,2026-05-30 03:19:34,0
cdb0e142-f68e-4559-97a6-87fac371405e,best,5,2026-05-30 02:58:53,0
4caa1fe4-d8b7-4b50-ac81-48813f4bb101,satisfactory.,4,2026-05-30 02:30:14,0
e243d9e2-8283-4967-8a29-e7e0da4eb209,"Shopee’s Live coin reward system is a total failure. Every time I try to claim coins from Live video, it says ""claim failed"" error. It never works! Customer service is useless, offering the same “clear cache” response that does nothing and claiming it is system-based BS. This issue has been ongoing, yet Shopee refuses to fix it. It’s misleading and frustrating. If they can’t manage simple features, how can we trust them with real purchases? Total waste of time!",1,2026-05-30 02:07:48,5
817a44c2-8b6e-47d9-ab59-b0ed0abe8f30,convenient UI,5,2026-05-30 01:49:05,0
cadbba3c-b97a-47af-b58f-af4045227f67,Easy to choose and buy.,5,2026-05-30 00:55:52,0
c37d16b8-d651-46fc-8d75-118325871f15,i wish they can make the coins & review system alot more rewarding than just depending on us to keep spending and spending money.,3,2026-05-30 00:05:17,2
6b58fd7c-bfff-4098-87c5-5ab3c1c8794e,"I wouldn't use shopeefood in this app... the reviews,ratings and complaint system is useless",1,2026-05-29 21:30:27,0
fb6cd880-af9b-4979-844a-ac5311d2e1c7,okay,5,2026-05-29 17:03:14,0
363d6c48-c851-4b64-83c5-b5f8c41563cd,Trusted and the best platform for shopping literary,5,2026-05-29 16:22:26,0
c27ad1c7-fd03-4042-a062-b11cc0515448,"I really like shopping on this app. There are lots of discounts, and you can choose whether to have your order delivered tomorrow or in a few days.",5,2026-05-29 16:06:33,0
1663f284-eac8-4d87-af48-7d03e1b5e907,good,5,2026-05-29 13:37:30,0
f2a10bd1-1a59-4c9c-899e-7ed42646fc6e,terbaik,5,2026-05-29 13:31:19,0
75169e92-44e2-4320-ba36-5c7c1c8a7b6d,Its Best aap for shopping in Malaysia,5,2026-05-29 12:40:24,0
2fedd2b7-3571-4c0e-8550-162194869eed,terbaik shopee👍,5,2026-05-29 12:33:48,0
812c1c68-61b4-47f1-bdca-c4ae9e4b0cc4,Good to use. But sometimes response from app side is a bit slower,4,2026-05-29 12:27:56,0
323bc055-8b6f-404f-8eaf-0ee2dbcac943,Nice,5,2026-05-29 12:20:56,0
23122040-5198-42a4-a88c-640f72a62be5,good,5,2026-05-29 12:18:39,0
f7fec69b-6bf0-414f-b6c3-0ae40c9bb0ba,"I like using Shopee because it is easy to use and offers a wide variety of products. I enjoy browsing items, finding discounts, and shopping conveniently from home.",5,2026-05-29 12:00:05,0
d3ecd946-74df-456a-9d10-c1da2299db40,Shopee is one of the best shopping platforms.. easy to use apps with vouchers and a wide selection of products,5,2026-05-29 11:53:18,0
fd55389d-4470-4bed-9cd3-261694c7838a,so far so good.. cheap and many choices..,4,2026-05-29 11:52:56,0
7a1a53d9-69f1-4dba-9e33-fba4b78fe356,selesaikan masalah spaylater sy...bnyk kali sy call operator terangkan hal ini..tp Masih xselesai lgi...,5,2026-05-29 10:39:57,0
76496e02-f68a-4b9d-9a75-8a6a0b7eecb5,tip top,5,2026-05-29 09:39:30,0
d371ddc9-4138-4dbe-bb3c-afd6d6f901b7,"damn stupid, why do you make me watch video everytime I launch the app?",1,2026-05-29 09:25:21,0
06e5edda-4fc2-4ea0-a294-5126e53ad768,this app is on of the best online shopping app,5,2026-05-29 09:06:03,0
2f30c42e-17aa-40e0-b403-b9c16d344577,Good,5,2026-05-29 06:25:16,0
d94d9451-3e09-4adf-b5fb-f109e4d55b48,good app shopee,5,2026-05-29 05:56:53,0
298c9fad-6ac1-491d-b430-8d9cd775864d,Good and very easy to purchase.,5,2026-05-29 05:40:06,0
b880005d-7958-4bd0-b943-398bb211c885,I hate the advertisement or notification whenever I Click on other icons. very disturbing .,1,2026-05-29 05:33:44,0
daf144ba-f709-489b-ada3-d420ba9585a2,"so far shopee is the best Shopping apps but Setiap kali saya buka app, terus keluar video/live secara automatik di halaman utama. Ia agak mengganggu dan kurang selesa untuk pengguna yang cuma nak terus cari barang atau check pesanan.",5,2026-05-29 05:28:46,0
308e4ade-21a5-473d-8f1e-eae51d33bcf0,I use this app regularly. delivery on time,5,2026-05-29 05:09:08,0
444984ee-176b-46ab-84b5-e5197fe34b9c,search is dumb,1,2026-05-29 04:32:34,0
26591b9b-2daa-4a15-9936-93edfef6e39d,the recent update forcing to load video page is really annoying,1,2026-05-29 04:04:42,1
1dd788ce-b09f-4905-9fb4-d12f0b3d7f7c,Awesome 👍👍👍,5,2026-05-29 04:03:38,1
3090dd87-6450-4832-b84d-881210ccee71,i just want to say i love to shop on shopee it's take so much discount when i buy here🥰,5,2026-05-29 03:59:58,0
4163bf55-42c1-4735-a2ca-46eeb12ccfa0,really tired to deal with shopee poor service... how come other app doesn't need to constantly reassuring ur address. So what's the point at first setting our address.,1,2026-05-29 03:54:38,1
7dfa96a4-3d2c-495d-9c20-9823145c58be,lubuk barang murah,5,2026-05-29 03:50:16,0
a44cb266-79b6-45d9-a71c-7ea2698e89e6,Marketing push notification cannot be turned off!!,1,2026-05-29 03:44:39,1
d3aa4eb5-2a8f-40b6-9343-e1dce162fde3,"Beware of new Shopee 15 days free return scam, now have quota 2 times per month. Seller can purposely send wrong item even after confirmation text. Already contacted Customer service will keep repeating new policy that implement Without informing every user. Item below rm5, now totally not worth to return bcos need pay somemore. Their logistics cost for collection only 25sen, delivery only rm2, few ringgit can makes millions a month....Please read careful",1,2026-05-29 03:38:52,1
fa7406d6-e5ad-4f0d-8913-0757fd4abaf3,good,5,2026-05-29 03:10:14,0
9d976836-67d4-4aa4-a2b9-8ba2826cc12d,I asked for refund because the rider misplaced my order without contacting me but shopper won't give me back my money,1,2026-05-29 02:49:08,0
7bfcd3ea-490f-4321-b5e8-b616d72bea65,very bad,1,2026-05-29 02:37:58,1
7540e571-a61e-477f-85bf-b5513e6f918f,Let us disable videos in the app. I don't need videos on my shopping app. It's not social media. Stop defaulting it to the Live & Video page!,2,2026-05-29 02:31:33,3
846e1fdb-ceb7-4ebc-91d5-4a5c975b69c1,Good,5,2026-05-29 02:13:59,0
f9f0dc75-759d-4951-b54f-a0db13e9996a,(A)/all good condition.,5,2026-05-29 02:12:58,0
db728280-206f-4ef7-853e-8fc42ff66548,banyak murah dah la boleh guna coin bila nak beli👍🏻👍🏻,5,2026-05-29 02:11:45,0
c2a5e130-ed3f-4bc3-9c9d-7eebd7008a7a,trusted cuma bahagian refund agak slow sikit janji kes settle mantap,4,2026-05-29 01:19:45,0
453db70e-7575-4fb4-98da-211239be0b4f,baru pertama membeli di shopee ini.terbaik.dengan tawaran tawaran yang istimewa.yang mesti bijak mencari dan membaca review pembeli lain.sangat membantu.shopee jua menyediakan potongan harga dan voucher yang terbaik.,5,2026-05-29 01:18:21,0
133ddd78-3337-474e-9530-4dd7febade2c,very good,3,2026-05-29 01:11:21,0
543608ae-2be6-462b-8f74-bffb9ae80eb5,good,5,2026-05-29 00:50:49,0
a3c553c2-5e93-46b6-ac4e-bf2763f0ad8d,"The ads are annoying. it keeps popping up when I'm playing talkie, YouTube and Almost everything. Like when I touch a microbe on it, it just sends me to the play store.",1,2026-05-29 00:50:04,0
ce72ab3a-e688-4297-9791-da8a20ca8592,"Very convenient for me. Easy to buy anything, even buy a food.",5,2026-05-28 22:58:20,0
00b5ce34-b406-4742-9c0c-5da86b333382,Thank you for the rewards and satisfaction for it,5,2026-05-28 22:54:23,0
17adfa04-6026-4b20-b4b6-6cbf29ddd122,SEMAKIN LAMA SEMAKIN TERUK!!!! BETUL-BETUL TERUK!!!! TIDAK DI REKOMENDASI SEBAB BARANG SELALU SANGKUT! BARANG REJECT! BARANG PALSU! BARANG HILANG! BARANG ROSAK! LAMBAT PENGHANTARAN! KURIER TERUK! PENGHANTARAN TAK PERNAH SAMPAI KE RUMAH PELANGGAN!!!! COD ATAU BUKAN TETAP KENA AMBIL DI PICKUP POINT! TERUK DAN MENYUSAHKAN!!!! MEREKA CAKAP TAPI TAK SERUPA BIKIN!!!!,1,2026-05-28 22:32:56,0
93c3303a-9c97-4836-8df1-636ff40dbc53,always direct to video playing page. nowhere to disable,1,2026-05-28 22:25:09,1
106218a3-ab77-473c-8718-9aff2df350d9,good,5,2026-05-28 22:13:40,0
a60964eb-bd84-4ea1-bb49-49df5d2021c9,new update sangat menyusahkan,2,2026-05-28 20:15:10,1
df7865c6-2f6d-4b5a-9feb-faf9abced424,Been crashing alot when ever I use shopee food (I'm so hungry and the app crashing just makes me cry in frustration),3,2026-05-28 17:08:27,0
2dbab8bb-f572-4d91-a6e7-ec590bf1f2da,too exaggerating. Everywhere your ads are disturbing me.,1,2026-05-28 16:35:16,1
18ce239e-afe2-4240-8e7e-20278dcd92cd,ডিলেক,5,2026-05-28 16:07:06,0
f0a2e0e9-20cd-4c24-a1c5-4e15264f7cfb,"This is the first time I encountered a double charge of a transaction issue while using FPX payment to Shopee. However, it took almost 2 weeks for the refund and is still yet to be solved until today. The team is not communicating, new cases are kept created but the follow up is dragged from time to time. Will consider uninstalling this app because it is no longer a secure shopping app for me.",1,2026-05-28 15:59:41,5
04da34bd-789b-44d2-8fde-8f1ba4302a1c,saya tak suka SBB selalu keluar iklan tapi plss bolh buat iklan tapi buat hanya di YouTube Dan di tiktok Dan jgn bust dia g google karna serial saya ingin download app CIA google selalu kuar shoppe stress saua,1,2026-05-28 15:37:40,1
beb4a0c7-72d3-4792-ba62-3c69093922fa,shopee can't play the spin n so slow n worst..so so worst app so hard to collect coin n need to restart so many time so slow n video coin also take time almost 5 hrs abv ...need to out n in so many times...worst worst n worst plz upgrade,1,2026-05-28 15:03:03,2
ac42b134-8e45-4069-83f9-2f4be6bc95bd,"Shopee's google ads are bad, clickbaiting users by putting fake ""skip"" button on their ads. About the platform, there are lots lots of scams, counterfeit products and fake products. I've submitted many reports and yet its (the scam) still up and going.",1,2026-05-28 14:31:33,4
812e785a-b413-4f1a-a801-c32b25473ed0,easy to use,5,2026-05-28 14:30:07,0
fd4ecb0a-22b5-4324-8122-c94f4850d8f8,better dari temu & pinduoduo,5,2026-05-28 14:29:23,0
2cd8a6f5-e197-4e02-9e8b-9e8592415ab2,so easy to order the thing I need it I love it,5,2026-05-28 13:19:13,0
c944bc7b-1282-4cca-ac6c-8cc13b2d8dd5,good app,5,2026-05-28 13:13:23,0
50585824-c7c1-438b-84d2-2022ff46cfef,You said you fixed the bug. It is still there for me. I can't even use Shopeefood like I usually do. How inconvenience. Useless 'update'.,1,2026-05-28 13:03:50,0
656c3588-5f06-4685-aa44-65fc5d42a319,awesome,5,2026-05-28 12:59:26,0
c5565242-c1fe-48e9-a903-c703539176f2,Very convenient shopping app with affordable prices and quick delivery. Love the vouchers and discounts.,5,2026-05-28 12:43:17,0
67e34ef4-9f3e-4f9b-b2a6-2e487e64afff,Nice 👍,5,2026-05-28 12:27:56,1
2d041bef-9ce2-4201-a9f5-4aa725c865d6,OK je,5,2026-05-28 12:07:18,0
f6f7df52-0608-49f6-a098-8b673ec84fae,memuaskan untuk belanja²,5,2026-05-28 11:55:20,0
3cdee9b1-5537-4e20-af4a-2cae3145f238,terbaik,5,2026-05-28 11:17:22,0
842a4928-73f7-46ab-9bcb-f72872a7c017,You'll never be able to get a driver for shopeefood by the way... over the course of 2 months I've ordered twice and waited for an hour and there's no driver. and I had to wait 30mins before I'm allowed to cancel. so it was at least 30mins of wasted time.,1,2026-05-28 11:10:14,200
2dc19b5e-ee09-4cb7-8ea9-e7360dd350ee,very good,5,2026-05-28 10:59:03,0
7b69e2c8-c946-4a31-a7d6-afd77ef36121,i love used this online shopping trusted so far ni issues at all all transactions very easy to be made from phone,5,2026-05-28 10:51:29,0
f050e811-ceb4-4521-9342-e4eb7a5c0e05,good job 👍👍👏,5,2026-05-28 10:38:59,0
50631e9e-7bd9-44e6-9c9b-0dd6347b095e,awesome,5,2026-05-28 10:21:15,0
3e336a8f-a977-43cb-9689-6d5f5cc88b45,good excellent,5,2026-05-28 09:57:31,0
8ddbb2dc-9535-45b8-8e27-2e2df7750e0a,never ordering from shopeefood again. Changed my address after I confirmed my order. Luckily it wasn't far and the rider was kind enough to send to the correct address. Then find out the order was incomplete so I asked for refund. Didn't get the full refund for the missing item. Avoid shopeefood.,1,2026-05-28 09:46:09,3
cb199307-06cb-4416-82a5-66dd8ddcf77c,Good,5,2026-05-28 09:30:21,0
3c858b9c-6f2f-451f-adc3-6b6d780a9701,shoopee suka block orang dari beli barang kat app dia,2,2026-05-28 09:22:04,1
03f06aca-ffb6-4d55-ab5e-554ef9453e71,"""WATCH & EARN"" is a total LIE. When I noticed the coins earned redeem options are 1, 2, 5, 10, 50 & 1000 coins, immediately I sense something is not right. What happened to 100 or 500 coins? The gap is too big. So I used about 5 days to collect all coins above 1000. And when I try to redeem 1000 coins, it says ""UNABLE TO REDEEM DUE TO SYSTEM UPGRADING""!! but when I try redeem 50 coins all is good. Can only redeem 1 time everyday!! Why put 1000 coins if you expect us to redeem 50 coins everyday?!",1,2026-05-28 08:28:57,1
7ba9d4b6-095e-41a3-b659-a94e60b8d480,"im no have no money but i can buy, yeaaa",5,2026-05-28 08:06:08,0
e0278512-e317-4d20-b2bb-2a8b3c2b745b,nice app,5,2026-05-28 07:58:06,0
341645d3-dce8-4300-aae3-b4668928c14f,Banyak barang dengan harga yg murah dan selalu dpt free shipping 🙏👍,5,2026-05-28 07:08:43,0
385b1f01-d178-4bc1-9432-3e86c88b10b6,COD disappeared from the radar,1,2026-05-28 07:02:09,0
7e7145d8-458e-4ee0-a82b-5fe0248857d6,nice,5,2026-05-28 06:56:19,0
c8dd3609-28dd-49aa-b269-7c4b5457fed2,ontop,5,2026-05-28 06:45:15,0
d6aa8842-7b64-465d-b5c3-8e8ef39abb9d,many issues and not easy to report ... to which email address can I send my issues to get the attention of the management?,1,2026-05-28 05:55:22,1
a70db9b5-f7d3-40e4-8c9d-c2212bdf6a8e,"saya kasih rating 3 sebab banyak betul masalah, gagal login lah, password tidak sah tapi waktu tukar password pakai password yang sama bilang password tidak boleh sama lah anj, padahal saya login pakai password yang sama dikatakan password itu sama",3,2026-05-28 05:40:08,1
ec3cddd9-0422-4938-aa3a-97ff88ee97fe,very poor,1,2026-05-28 04:59:51,0
a7e7c3e9-6a0b-49ed-ab1a-40f0ffb20fc7,Im never using to order food from shopeefood again. My food got stolen and the driver have serious attitude,1,2026-05-28 02:40:53,0
dc847dd9-db3b-441b-988c-fb210df045f1,"The latest version is terrible. Its slows down my phone, the app open by itself after i am not using for sometimes. My phone is getting hotter than before, and the ads also not friendly, its suppose to open home page, not ads and video page, very annoying. What are you all doing... After uninstalled app my phone speeds up back as before, no overheat issue. This is worst version.",1,2026-05-28 01:49:16,2
25ec42a2-e85c-4966-9b32-11c7c67d6b16,the best place to go shopping to find anything is near this shop,5,2026-05-28 01:47:06,0
8fe53fe8-89da-46a4-ae73-559f2d2728b5,"This app have some software bugs and also quite power hungry. Kinda of harder to recommend become a seller due to new update of mandatory package size in shopee, before old days don't have this issue. Get worse every day.",1,2026-05-28 01:30:50,1
b07d0ab7-6267-489a-9203-bbdeb1462ffc,"Barang sampai memang puas hati! Packaging kemas, barang berfungsi elok dan kualiti lebih baik dari yang saya expect. Seller pun sangat responsive dan penghantaran laju. Dah cuba guna beberapa hari, memang terbaik dan sangat berbaloi dengan harga. Confirm repeat order lagi nanti. Recommended seller! 👍🔥",5,2026-05-28 01:18:06,0
73bb24df-93dd-4975-ae76-af1caced0887,Nice,5,2026-05-28 01:06:02,0
ca2c6183-dbff-4cdc-9e49-6328835bdbeb,"Berbaloi sgt2, xprlu keluar rmh hnya tkan2 fon je..sy selalu bli time jualan murah sbb puas hati.. Senang pilih2 je, cod blh bg yg xblh online.. Luv app shopee",5,2026-05-28 00:38:23,0
20cd1601-2946-496b-be4c-87f520e94a01,why can't turn off live and video. if i open shoppee its direct to live and video. its been annoying me. shopee is not tiktok haiyaa.,1,2026-05-28 00:24:22,0
b6b0d197-fc69-4dc8-916c-0bd6fe87f727,"Shopee mmg bodoh, tak tekan pun keluar..Iklan jelah xyah auto masuk app tu.",1,2026-05-27 20:48:43,1
b0ae664b-5735-4790-886b-3d1ddae5e999,the most worthwhile and very affordable shopping page,5,2026-05-27 19:56:53,0
bb45dfd3-c574-4147-991b-4210c17b1520,good 👍👍👍👍👍,5,2026-05-27 18:22:39,0
13507e51-1a0f-4913-b5b3-25be8ae21d2b,"Dynamic pricing through the overuse of vouchers. Too many AI videos (slop) featuring fake products/reviews. And Shopee Video... let's say just fire the one who voiced the idea. A shopping platform can't function as social media. I can create a profile right now, post some gelek vids, sell some drop shipped items, and make money without consequences.",1,2026-05-27 16:20:41,9
e53ffa74-e76b-4a9a-be2b-8627e26fe726,ok terbaik ...,5,2026-05-27 15:15:55,0
60a3c17c-1531-49fd-9b91-dfdbb806ad2e,Pinduoduo servis lagi baik. Tiada penipuan harga. Tiada seller inbox untuk membuat tempahan baru pada harga yang lagi mahal. Aduan pada cs juga tiada tindakan. Big scam. Promotion off is capped to certain amount. Eg 50% capped at rm1.,1,2026-05-27 14:38:48,1
7884c957-fec7-4625-9546-1c9747141902,I like all the features and how it show me the trending items. All things in this app just very lovely,5,2026-05-27 14:27:38,0
26c14af6-05b6-49da-a3c3-2790e231dca5,super nice app,5,2026-05-27 14:22:12,0
a0847429-06b9-45fa-b6f5-b029f55ffa5c,good,5,2026-05-27 13:43:07,0
cffb868b-081e-43f5-b8d3-c18f050b2f07,"ini platform pembelian yg terbaik, dan terjamin.",5,2026-05-27 12:48:46,0
41545c27-c71b-48d6-8fd9-88345f8c7d1c,good job,5,2026-05-27 12:06:14,0
485c41dd-5ecc-4e06-84f9-94dadf996bf7,very nice,5,2026-05-27 11:57:15,0
49ecf7c5-c695-413c-85ab-179271639ba3,I'm enioy shoppe,5,2026-05-27 11:46:50,0
2898aaf6-1958-40e7-ba53-3501bec5d29e,"Shopeefood teruk. Time system haywire, semua tak dapat tekan butang refund. Customer, Tuan kedai dan rider. Dah la penyelesaian lambaf makan sejam. Kesian rider yang kena sidai.. Emosi terganggu teruk kat rider dan customer sekali. Tunggu reply lambat solve. Buang masa rider kena sidai sejam lebih. Customer plak dah naik marah sebab tak dapat cancel Order",1,2026-05-27 10:27:53,15
318b0faa-917a-438d-b55f-2f5a36988ba1,"i love to buy at this platform because majority price is cheap, affordable",5,2026-05-27 09:07:30,0
6f43d99f-7858-422d-a5ed-5d730edc583b,dude.. wat a scam the X button was.. u intterupted me while I DOING THE ANIMATION AND LOOK U TOLD ME TO BUY THAT CUTELY THING EVEN I DON'T HAVE MONEY GARRR😡😡😡😭😭😭😡💔😭😭😡😡😡😭😭😡😡,1,2026-05-27 08:37:16,0
151236d7-97c1-4e30-bbc1-f0e2be5d4180,good,5,2026-05-27 08:32:42,0
b16a9d28-7ef9-4d40-9a7c-2da8f026e241,The certain date deals are not worth it. There is use limit to vouchers. People can just create bot accounts and farm vouchers.,2,2026-05-27 07:30:13,6
ad7808e5-482a-4e88-8443-5f0bde78d06e,Shopee food refund is not fully. Just now i got refunded for RM10 instead of RM13. I can see shopee make money like this now. (edited) they even cancel my refund.. scammer..,1,2026-05-27 07:15:45,0
c84055e5-092b-434e-9f93-5e2c906d4be0,👍👍,5,2026-05-27 06:55:46,1
8e93e30b-0926-43ce-bbea-62ecb2088e39,new user have vouchers 👍🏻,5,2026-05-27 06:50:07,0
5c9872b2-1364-4f58-9b01-72db0be46fe5,"The app is ok, but can be pretty slow, even with great Wi-Fi and/, or strong data connections. Not at all happy with Shopee's shocking returns and refunds policy. Buyer Beware, traders on Shopee are generally very reasonable and cooperative, but Shopee fails to protect customers using its own questionable rules.",3,2026-05-27 06:20:49,4
99757cbc-907f-40fd-8926-ff5511c96630,recommended,5,2026-05-27 06:09:46,0
05ffae02-633f-4a4c-9de1-6ca9ea9cd26d,padu,5,2026-05-27 05:17:25,0
f9150eb7-5d5d-4cf4-a5b3-a5b94c334cba,Landing page vid clip have explicit content. Bad shopee,1,2026-05-27 04:58:05,0
d753b577-67cb-43a8-ae06-7ceb04e0f296,mantap,5,2026-05-27 03:38:59,0
16e5d4fa-be52-45b1-be47-6d7b700f73f0,Coupon at Shoppee Food can't be use eventhough I meet all the requirements.,1,2026-05-27 03:08:00,1
1137448b-1350-44da-a6a7-012719e26eab,good app,5,2026-05-27 02:49:17,0
fa634a24-f6ff-4beb-8ca3-8e6a7c9b2346,I am not interested this app. I hate you shopee apps.,1,2026-05-27 02:30:13,0
27f6e946-cff5-46e6-8d01-734fef52537e,Quite reliable and many things available for purchasing,5,2026-05-27 02:22:40,0
237b0c65-98ca-4944-8fee-0dea508da459,good,5,2026-05-27 02:22:09,0
fcc7535d-5793-4a3b-b1f5-f2f1e05ad0e6,"please put the tng payment method at shopee, I really need it since I don't have a bank account yet, please please",4,2026-05-27 01:30:34,0
1907a2c8-bfa7-440d-a6c0-6fe314c558b3,ok,5,2026-05-27 01:16:34,0
b6a3ec5f-713f-41c6-9301-5e2f10635cb3,good,5,2026-05-27 01:11:40,0
3323ef79-cba6-4b9f-b33e-dec77248511f,the best,5,2026-05-27 01:00:45,0
73f4c9e3-6b94-4a78-bab0-32f4ee88ab8b,Is good there's some my favourites There Soo I will give it a 5 star,5,2026-05-26 23:37:26,0
ab30a3c3-b1d2-4406-8312-cc8294c1ac50,macam macam ada,5,2026-05-26 17:50:26,0
dd661aba-884b-4411-a8a3-66652c68ad49,terbaik,5,2026-05-26 17:46:05,0
b03b5c1b-aa20-40fa-a8bc-3c298fcf8c05,"I mostly buy things from Shopee, and it is a really incredible platform compared to Lazada. I find better deals on Shopee mostly, and also a lot of discounts. However, there are a couple of things that could be better: 1. The UI/UX needs to be improved in some areas. 2. Users should be able to update their reviews at any time, rather than having a one-month expiry.",5,2026-05-26 17:13:02,2
f72ed803-d671-4a6f-9b4e-4f8595cfc0ee,shoppee food sucks,1,2026-05-26 16:19:14,0
e2ce6e86-64f8-4cff-9a62-3d0ce746f164,Terlalu banyak video yang tidak berkaitan dengan jualan. Siap ade drama pendek pulak tu. Sampai keliru ne Shopee ke TikTok. Dahlh banyak video yang tidak elok. Harap ambik perhatian n tindakan. Kami dtg singgah nak membeli bukan nak tgk video,4,2026-05-26 16:14:16,0
d4bd662d-0680-48f0-8c37-36276687e7b6,Excellent!!,5,2026-05-26 15:51:15,0
f5711da5-b690-42bc-a0dd-96f70536ef54,SEMUA YG DIINGINKAN ADA DIDLM SHOPEE. DGN HARGA YG HEBAT. MURAH. SAYA YAKIN TIADA BARANG2 FAKE SEPERTI SETENGAH FLATFORM LAIN.,5,2026-05-26 15:44:10,0
cb7a5eba-3508-4e3d-a34e-5431b6fcaced,good apps,5,2026-05-26 15:26:06,0
81abd227-70c5-4f9f-9165-c586314a943f,"Shopee is my absolute go-to for online shopping. The variety of products is massive, and you can always find incredible discounts, flash sales, and free shipping vouchers that save so much money. The Shopee Guarantee gives me total peace of mind since it holds payment until I safely receive my items, and tracking orders is super easy. A fantastic, user-friendly app!",5,2026-05-26 14:52:53,5
e7921677-d465-40ac-a407-d5511ea7f1df,cant wait for more voucher 🤑,5,2026-05-26 14:46:26,0
e7821ffc-6697-437b-8224-a7f07ab293e6,⭐ 👍👍,2,2026-05-26 14:36:24,0
381eb8a5-a5ac-4546-aa0d-59085be1397a,nah satu bintang sebab tak bagi coin lepas bagi review siap dengan gambar video btw hanya sebab 'repeated words'.,1,2026-05-26 14:33:51,1
e75b8aa8-f330-4380-b4cd-6b3e1e048f75,"hi shopee!,tolong mudahkan untuk saya bayar bill tnb menggunakan spaylater/shopeepay.. dah beberapa kali mencuba tapi cuma ada 3 pilihan Nur power,sabah electric dan sarawak electric?..pilihan untuk TNB tiada!",3,2026-05-26 14:28:11,0
cde4cf37-622b-4a4c-af20-65ace620655e,"Recommended. Good service, Taste delicious Hot Good enough",5,2026-05-26 14:16:19,0
9aeaf8f9-0bef-41fa-af16-2662e5111f6d,"Shopee memang tempat utama aku beli barang harian. Harga murah, banyak voucher, dan free shipping selalu ada. Seller chat cepat balas, kalau ada isu boleh settle terus. App stabil, tak pernah sangkut masa checkout.....",5,2026-05-26 14:07:52,0
960a1cac-a460-4c54-9693-981d1d3ada53,good app,5,2026-05-26 13:36:21,0
8aec0d71-7655-472a-b333-1f8d64557fe6,good,5,2026-05-26 13:30:08,0
ca75f73f-ea2c-4dc1-ab6d-482eca2b3fcd,best,5,2026-05-26 13:21:01,0
5e09d57c-0991-494c-8cd9-8af0c3912ce4,"rate 5 star for good product and service, add video and picture as per request for more coin, but sadly no extra coin as per ads.",5,2026-05-26 12:01:58,0
23442df0-c83d-4aaf-8935-b61518e7026f,nice,5,2026-05-26 11:58:33,0
c2c1c731-10bc-4066-806d-e2502ea9a1a2,"Plenty of choices can be overwhelming. The irrelevant video clips are annoying. Browsing an item, many sellers ads will be compiled, easy to compare prices. Cheap doesn't guarantee the quality or a best bargain. Trust the seller reviews rating more than the promotion, vouchers or discount. You as a customer or consumer decides your needs to purchase; not the ads to create the ""needs"".",3,2026-05-26 11:55:43,5
27619f32-4774-480e-9c43-61ae9fae2d92,Perfect & Nice,5,2026-05-26 11:06:43,0
ced9c453-50c7-4465-9e94-793c4853c97e,good,5,2026-05-26 10:51:59,0
bf3cfe1d-5133-45eb-851a-5a89dfea0252,"If management not honest, App will be a tool for money and dishonest.",3,2026-05-26 10:49:21,0
80487c00-2ce2-407f-b230-4c5fc24db703,very Good,5,2026-05-26 10:23:53,0
c88e291d-5396-4557-b753-c4beaf22346e,Keeps crashing when I'm confirming order,1,2026-05-26 10:23:25,0
d709a878-407c-4006-aaf9-38a287cc1055,Convenient shopping app with great deals,5,2026-05-26 10:11:59,0
285dfa49-3410-460f-b785-60c2abac6338,good app,5,2026-05-26 09:36:48,0
2afc7796-2c04-4431-905a-37617a0dcc90,"this app is so reliable if you have any needs to buy stuff but on a budget, there is so many good products and items here that you can buy anytime anywhere anyway with a very cheap and low prices",5,2026-05-26 09:06:40,0
aef6691a-9f55-4c1a-93e7-a86deec2280e,"Misleading advertising and terrible customer service. The advertising for this is highly misleading. They promise great quality but deliver garbage service. To make matters worse, their refund process is painfully slow and unnecessarily complicated. Dealing with them has been a massive waste of time and money.",1,2026-05-26 08:02:12,0
cb2cb662-53e2-48c3-827d-152fc0521b76,nice platform for shopping,5,2026-05-26 07:55:04,0
410aefe1-2930-4a22-92d6-1c0a35583f2d,no sutified answer if your parcel is cancelled by seller you ask shopee no good answer very bad experience bad very bad I ask for refund but no good reply,1,2026-05-26 07:35:19,0
d2c3e872-db0f-4b7e-9214-76f5afc36896,worst app ever and annoying,1,2026-05-26 07:32:52,0
1b81a9a1-831f-4643-b933-a328df608088,if you can't handle delivery in 4 hour's from your side don't give your voucher as cover.. wisting time.. buyer hanging for wait and supplier waiting money and shopee not do anything,1,2026-05-26 07:30:54,0
bade28a7-070c-461a-ac8f-0371aecf9701,cam gampang,1,2026-05-26 07:28:12,0
68c65cd2-b520-4922-8089-d840b4d8553b,"Very fast and on time , items reflect the true representation",5,2026-05-26 07:15:53,0
ffc3d0f4-ea40-43d5-80ab-186822bdcf8e,good and cheep.,5,2026-05-26 07:12:20,0
1361d8ca-d587-4e8c-b758-9d654689f264,Sorry but this is a little too much ads,1,2026-05-26 06:35:50,0
698a11e6-156c-4e65-8c24-4de662b8bccf,best,5,2026-05-26 06:01:40,0
a2ff741d-600d-4d55-9d9c-e4169c43f89c,excelent services,5,2026-05-26 05:27:25,0
e78ebebf-ef3e-4325-b5da-a9594181aa65,oi bodoh boleh jangan buat iklan prangkap lain tak?,1,2026-05-26 05:06:05,0
794724fa-4b4a-4ca0-a476-14221aab605d,good experience,5,2026-05-26 04:09:40,0
be1f70be-d5b4-4893-a1d8-9b42055d0116,usefull! love it,5,2026-05-26 03:27:43,0
be030dee-a6b5-4986-8ea0-ff7150359a21,When opening the app it will bring you straight to live feed with volume maxed out instead of home page,1,2026-05-26 03:27:40,1
65017cf1-e5f4-4eca-88bc-6d228ef81813,The shopee app mainly use to order things from local or overseas and also can use to order food and pay bills,5,2026-05-26 03:03:59,0
1481ba83-5ab8-4a00-afc6-187872703f01,happy can earn daily coins in shoppe,5,2026-05-26 02:22:46,0
5937aaf0-d39f-4f97-bb0f-6de6dc70c691,"“Shopee is a very convenient and user-friendly shopping app with many affordable products and attractive discounts. The app offers smooth payment options, fast delivery, and an enjoyable shopping experience. It’s great for everyday online shopping.",5,2026-05-26 02:19:13,0
1a7a3eac-94b2-4a37-a345-0a93c4cc7f43,"Shopee ialah aplikasi membeli-belah dalam talian yang popular dengan pelbagai pilihan produk dan harga yang berpatutan. Aplikasi ini menarik kerana mempunyai banyak promosi, baucar percuma dan penghantaran yang mudah. Namun, terdapat juga risiko penjual yang kurang berkualiti dan penghantaran yang lambat. Sesuai untuk pengguna yang suka membeli-belah secara online dengan pelbagai pilihan produk.",5,2026-05-26 01:03:20,0
64e65b63-98ba-4595-8db6-5aa6949e01f1,fast and fair for return goods,5,2026-05-26 00:44:31,0
a2e0d904-0215-4946-b32f-d88c5236f6e1,The shopee is all good. But review system is not good as it's apps. It says repetition wording & symbol. I don't see any repetition on my wording but it says the same. Repetition.. Repetition.. Repetition... Please highlight which wording. So i can know which part need to adjust.,1,2026-05-26 00:42:31,5
21da7da6-4a00-418c-9f81-805cd44b7b39,Easy to use and reliable.,5,2026-05-25 23:47:07,0
3b029c3e-574b-4315-ab5f-d6076dd616eb,seller sent different item i requested refund provided all evidence shopee not solving issues. no more shop on this platform. will shop another platform!!!,1,2026-05-25 23:34:01,0
9f671c72-81f3-44e8-83f9-320a3538cd61,I hate this app is keep appear on my phone ad is annoying me and pissing me off is not like I wanna buy something in there and is keep forced people to install like stop is pissing me bady,1,2026-05-25 20:32:44,0
8ad6517d-62fb-419f-85be-b52bcccb9f82,good,5,2026-05-25 19:59:30,0
37621e11-cf36-4c26-9dde-442d5e1d52e1,Shopee very smart. I liked shopping in shopee,5,2026-05-25 15:23:19,0
f42027f0-2084-4940-847e-e565a95d25cc,just no,1,2026-05-25 14:39:32,0
35e5ad42-dd9b-40b8-a437-f5e7a4cf7161,"Shopee is a convenient shopping app with a wide variety of products at affordable prices. The app is easy to use, and features like vouchers, free shipping, and flash sales make online shopping more enjoyable. Delivery is usually fast, and the secure payment system helps users shop with confidence.",5,2026-05-25 14:24:25,0
3ebbb070-c59b-46e3-976b-3dbc60397036,"#1 Malaysia online shopping app, the deals are the best and i love the vouchers here too",5,2026-05-25 14:16:55,0
6f2b5d15-1294-4cf9-aa61-d4d41e87598f,"Stop the video auto play or home page with video auto play. Already few years, even stopping the video from playing, the audio keep playing even exiting the app. Trash! Don't force people to watch or listen to the video!",1,2026-05-25 13:54:46,5
f1fde311-4159-4942-ae9c-d96648d29b6e,"User-friendly shopping platform with a wide variety of products, secure payment options, and reliable delivery services.",5,2026-05-25 13:14:36,0
74142065-0319-45b8-a03e-f122c8f43415,menepati citarasa dan pesanan,5,2026-05-25 12:49:34,0
8b90d8a2-939d-4f3f-b603-68f5874f39e1,"this is very annoying, when open the shopee app. it will turn my volume down. everytime open it will at live and video. Lazada and pinduoduo app is better and cheaper...",1,2026-05-25 12:44:55,1
448bd7a3-0949-4d92-8ebe-c7636e1675ca,👍🏻,5,2026-05-25 12:33:19,0
7c66bcd4-f06a-47cf-afe8-131c67a36c59,Good place to shop,5,2026-05-25 12:12:34,0
10494cb3-7a77-4a53-a302-41b884e38b62,One of the best app when i want to shop online! the shoppee coins was a great idea especially watching the shoppee video to get it! 1 coins = Rm0.10!,5,2026-05-25 11:45:50,0
c244e7e0-7f94-46d1-9bc4-f71b3e4fdb34,why is my shopee food crashes when i want to checkout? when i want to order from McDonald's?,5,2026-05-25 11:24:43,0
0d6fd8b1-d804-4094-8818-adaf4961cf39,Stop defaulting us to the live and video page whenever I open the app. Sometimes the audio keeps looping even if I go out of the lives and video tab lol Is your developers shipping ai generated code without reviewing? Is that why your app has gotten a lot worse this year?,1,2026-05-25 11:07:07,0
b0512d03-1d39-410d-9c41-8065dce99ab4,good,5,2026-05-25 09:44:04,0
4a984e68-6756-4800-befb-c089175dadb2,How to cancel VIP subscriptio ?. I dont need that.,1,2026-05-25 09:36:27,0
5f7f3c40-fa47-4054-86f6-48bb5bf27845,kedekut,2,2026-05-25 09:08:09,0
5176d4ae-7b1c-41bb-8c5c-726956b7623d,Ok la 👍👍👍👍👍👍👍,5,2026-05-25 08:52:41,0
b1558d3c-fa6f-4131-8c68-375a2261d258,I can't use my vouchers,4,2026-05-25 08:50:09,0
46185471-aaf8-474b-a765-3e62c1fcbe2b,senang order on9..,5,2026-05-25 08:45:45,0
b09921d7-133d-4889-ade5-685d1184004c,terbaik....,5,2026-05-25 08:39:36,0
2f35a92c-4808-4a94-bbbb-10767914c733,good,5,2026-05-25 08:16:36,0
372afcb4-5a6a-48ab-8702-2badc9193a26,easy payment,5,2026-05-25 07:53:19,0
05ca9d26-ef5e-4125-ba91-669f707db2d8,Shopee makes my life so easy and I enjoy every single one I spend. It's worth it. 💕,5,2026-05-25 07:47:05,0
a77903ed-0c00-4585-b4b1-b9add7a69c97,good,5,2026-05-25 07:46:25,0
6f461d07-e223-401a-9c95-847bacbb5dff,"BAGUS AND SELALU BANYAK BUAT PROMO🤩,FREE SHIPPING PUN SELALU SANGAT😘 W shopee",5,2026-05-25 07:39:54,0
31eedbef-15d6-4774-bb79-ef463a3ade4b,gooood,5,2026-05-25 07:31:01,0
b836a35c-1b9a-4e0c-b814-cce3406a2cca,AKU NK MAIN GAME DOK KELUAQ IKLAN PA HAMPA NI. TK DK SAPA NK BELI.DOK SPAM IKLAN PA.HARITU AKU BELI BOW MEMANAH. PATAH HABIS. HAMPA HANTAQ MCM MNA,1,2026-05-25 07:31:00,0
170a1cb8-c57d-475f-95db-9d64f1a7c540,too many ai for promote no matter if good promote or bad promote but pls remove with ai content it's too much worse,1,2026-05-25 07:16:25,1
b4e9e2d1-54fb-4d05-870c-6201905b2312,tq shopee thanks 👍👌👌👌,5,2026-05-25 07:15:26,0
bb2cf143-4e78-45dc-a1b4-d2e558ca6046,permudahkan urusan.. in shaa allah,5,2026-05-25 06:53:56,0
c5c76d2d-f4ba-4191-82b2-e77ae15fb2e6,shopee is the best online app for purchasing,5,2026-05-25 06:47:51,0
852a52da-7425-47c7-bec0-09937031b406,ok...servis baik dan mudah kendalikan pesanan.,5,2026-05-25 06:21:10,0
460eb6cd-8dfa-428f-bf5d-9010bcbe7497,good,5,2026-05-25 05:48:55,0
f97349bb-9f52-4a09-8151-71da673126c7,easy to buy anything jz like a b c .. really appreciate who's come with this idea tho,5,2026-05-25 05:26:31,0
d4c79ae3-816c-45f9-b584-e02f60197c8a,nice,5,2026-05-25 05:19:23,0
4cf5dd96-b382-4eaa-aa80-e728f3291f94,can improve a bit,5,2026-05-25 04:33:39,0
3dd8cabc-d6fc-418d-8901-2c739343a552,Lebih murah berbanding platform lain.,5,2026-05-25 04:11:39,0
008dfeb0-bef5-4dab-b4a1-3d0dc607fc22,good,5,2026-05-25 03:22:34,0
affc7606-b9ac-4808-bf84-cbca52cd6d18,gooood,5,2026-05-25 03:14:01,0
59e419a3-bcb3-4718-8063-fb6603bbf395,nicee appss🔥🔥,5,2026-05-25 02:53:20,0
0d1e7cfc-f063-47b0-8511-d7a9a3e9494d,★★★★GOOD,5,2026-05-25 02:34:44,0
a33ec515-b72d-4e1b-9a55-5fbe50c16bee,"i have very good experience with shopee just need to be carefull with some shops where they selling low quality goods but its fine for me , the only thing that i want from shopee is give a darkmode please sometimes my eyes feels uncomfortable with light mode",4,2026-05-25 00:36:02,1
43d5ec79-71f1-432e-9866-8f034ba62fb3,Kenapa shopee sy tak boleh buka..dah update tp tak boleh buka jgk..selalu ok ja..ni 2 hari dah stuck tak boleh buka,5,2026-05-25 00:35:49,0
1488ed1d-c8f7-4bf6-a116-2dcd4d0feaf5,"very cheap, good quality and easy to purchase",5,2026-05-24 23:29:05,0
6a48c8bd-4909-498f-95dc-55f707f78d68,"cannot withdraw my own money, kept failing, it's me and it's me the actual owner, the face recognition thing is so stupid la...",1,2026-05-24 22:38:41,0
3a4658a4-23be-46f6-8e9c-aab44c4a44a4,sbb beria,1,2026-05-24 22:13:45,0
be2dffe7-add7-41d4-ac34-5039e368a744,why is it that i suddenly cannot received coins through watching shopee videos daily ??,1,2026-05-24 21:59:53,1
cabe5e85-131c-4a9f-944c-4494a891d77f,look I love shoppe but the ads are pissing me off,3,2026-05-24 18:48:16,0
a16b3a82-a3ab-40c4-b04a-afec137d332b,coin stuck when watch video,3,2026-05-24 18:42:46,0
33cc8ab8-b0cf-4007-905c-7b749cc72304,kenapa my number phone tak boleh pakai bile dekat acc lain? Lol,2,2026-05-24 18:11:51,0
a5360e74-0a31-4617-a30f-680e68a93c6b,good experience actually.. moreover can simply find the thing without knowing actual name also,5,2026-05-24 17:32:31,0
4f999ac4-f5ff-4294-9d39-3cfccf901cc7,Paid Shopee VIP subscription fee for several months and now they disabled all my voucher benefits. Now totally unable to claim voucher. Reported to their customer service yet they act stupid keep delaying and doing nothing. Paid subscription yet they deliver nothing. Total scam,1,2026-05-24 16:39:43,0
38add692-46f1-479e-b6ac-6ce6760bec58,"easy to use, for app no issue, but for company, i got empty package from courier, luckyly its gold plated ring, suggestion if want to buy pricey or valuable item, better walk in to shop,",5,2026-05-24 15:38:10,0
11633c02-92f3-4011-ba8c-cdeb5e1b080e,Good.,5,2026-05-24 15:12:00,0
eec91747-f286-4827-85ba-cc0bee0c7f26,Shopee has become my goto app whenever I need to buy anything. The vouchers and coins cashback make every purchase feel worth it!,5,2026-05-24 14:49:03,1
11769ae9-a011-48f7-9c3d-a867b52c7906,🫡👍,5,2026-05-24 13:45:59,0
5c24be02-fc2c-4b3a-8b55-66e3074fde97,cant use vouchers. always fully redeemed. lousy app in my opinion.,1,2026-05-24 13:32:47,1
19fe5ac3-7771-4e33-9505-bf1c8fa0b875,Very good app and a lot of vouchers.,5,2026-05-24 13:15:05,0
15d9ae53-4450-4f80-acfc-0d4758bca13f,video is to long to boring,1,2026-05-24 12:52:32,0
cb5eaac6-1520-4018-8aa5-b8dc86522f83,good,5,2026-05-24 12:24:57,0
bf089405-9446-4076-8b52-c703a530c6ec,sangat mudah untuk membeli belah ☺️,5,2026-05-24 12:23:40,0
dab3d3a5-933a-4e4e-bb2b-201aefcd6c1c,"suddenly cannot earn coins while watching live and video, the earn coins feature is removed after I reinstall the app for troubleshooting, pls help 🥲 then I'll change the rating to 5 stars",1,2026-05-24 12:16:25,1
523b62ca-a52f-4675-aa16-0c15f78e1609,"Been using for a while, so far it has been good. only shipping to East seems to be longer then before and less free shipping already.",5,2026-05-24 11:53:50,0
9d9b9951-636e-47d4-9b40-a095061d0d2e,"I like the app but im banned for promo abuses, im not really abusing i just didnt know so i got device banned. I hope you can help me unban my device shopee admin. Thank you im deeply apologize for breaking the Tos i promise i wont do it again.",4,2026-05-24 11:32:14,0
9ad27713-2bcd-4bd1-a7c4-b9812da93b9e,Shoppee always distract me when i'm playing games.It is very boring,1,2026-05-24 11:10:16,0
24dedcc3-9ac4-4337-a9bb-d2ef579590b9,"Shopee is one of my favorite online shopping apps because it offers affordable prices and many useful features. The app is easy to navigate and the checkout process is simple and fast. I really enjoy the daily vouchers, cashback rewards, and free shipping promotions. There are many sellers and product choices available for almost everything I need. The live streaming and review sections are also very helpful before buying products.",5,2026-05-24 11:02:28,6
a1c41c23-de7a-470d-b6cc-ce6269873f1f,good service,5,2026-05-24 10:51:32,0
ac8451ed-ac9b-4139-958a-97157db666bf,Good & Reliable App,5,2026-05-24 09:57:23,0
7347eb04-94c1-4f35-acc0-2c85d9941823,Very good service,5,2026-05-24 09:40:08,0
c33ac886-0d52-4e34-b706-29a19a30a0ce,nice app,5,2026-05-24 09:23:05,1
6b86a99d-5b27-48dd-b919-349fa5e0261c,good,5,2026-05-24 08:45:11,0
c7981248-a8b5-4aba-a07e-2897e3a1f611,shopee is full of AI generated video now... doesn't even make sense with the actual product AI slop,1,2026-05-24 08:44:07,2
e8f21995-d42f-42e7-900e-496841c6b59e,I like,5,2026-05-24 08:08:27,0
d0824bc6-fe75-4529-868f-f9c12045a17d,"why do sometimes I want to search something it keeps changing my search to xiaomi. I could type something like ""paper"" and the search bar change my search to ""xiaomi"". This happens multiple times while I want to search for something. If you want to promote xiaomi items this is not the way, this actually makes me prefer other platforms than shopee because the search doesn't randomly change.",1,2026-05-24 08:07:18,3
dca58fa4-6a8e-4a8f-aebd-23ce4e7fc82c,Easy shopping experience with good deals and fast delivery.,5,2026-05-24 08:04:42,0
f087e06d-8006-4011-a022-119cbbcd2aad,I hate shopee .. shopee problem,1,2026-05-24 08:03:39,0
f9e89409-abf8-4267-9ce9-72105a4f3ee1,Best,5,2026-05-24 07:24:16,0
3bf0aeb9-fd2d-4410-8048-df80231b94ec,"Very good on the delivery , goods are on good hands , affordtable products",5,2026-05-24 07:00:18,0
e46abe42-076a-4146-a454-1e5813c92bd7,Very reliable and secure purchasing online platform including safe delivery. Items arrive always as promised time frame! Payment can easily refunded if receiving wrong or faulty/damaged items! Loved shopping at Shopee!!!!,5,2026-05-24 06:50:42,20
6d220526-0116-44cf-82c7-659c8d2aa0a6,nice app 👍,5,2026-05-24 06:19:12,0
d3043899-72b9-441c-89cd-537f37526078,good app ..very recommend for anyone,5,2026-05-24 06:13:35,0
3eb55a04-0015-44f1-8a80-36ca9771eed8,super good app!!,5,2026-05-24 06:13:27,0
c07a9a2b-bb3f-4968-b5b9-7809e47c81ca,fantastic,5,2026-05-24 06:01:14,0
f4f29ab4-d1a9-445e-8f7f-4be9bf3db181,bbbbbbest,5,2026-05-24 05:49:28,0
758fc178-5956-4bee-9821-0157c5d83467,Good,5,2026-05-24 05:45:59,0
21a41ab0-0b9b-4e69-89f8-e9d5f2426a84,good,5,2026-05-24 05:07:41,0
37b976de-c9d0-466a-b83d-b0682460d482,very good app,5,2026-05-24 04:42:00,0
4f05f6de-54df-443e-8822-5419343c81c4,I try to log in it won't let me and says Max verification but I only try 2 times,1,2026-05-24 04:28:00,0
571c76b9-6a1d-4682-950b-f7c95c569145,nice and good app,5,2026-05-24 04:19:56,0
2537db73-7a9e-4d18-886d-5e8e25cc6716,awesome 👌 👏,5,2026-05-24 04:05:21,0
9b0ca3ab-9a31-4e0c-9bea-7d9e21e5776d,I love the payment security part.,5,2026-05-24 03:48:03,0
d6c9a3eb-2e58-44ca-a4ca-e8c42a08f6b5,So convenient,5,2026-05-24 03:33:56,0
2391eae9-d9f1-4e12-8844-ef8c78e41a21,the App is dishonest/fraudulent by displaying low prices of an item.When click the low price is for an accessories not the main item.User or customer experience is damaged by this.Also many fake items of low quality n function sold.,2,2026-05-24 03:28:13,0
05483037-aa5f-4a7e-a517-4ff72088e832,"shopee should definitely do better on their delivery team spx express, took longer time from the original stated time to deliver the parcel,but bot still stated it's still count on time, really disappointed, and my parcel was stranded in one place for over 1 week for a parcel that is not using sea shipping is unacceptable, even my parcel from tik tok arrive faster",1,2026-05-24 03:06:39,5
ef702fa1-f2cd-4bec-a163-8094c45e4c35,Memudahkan urusan pembelian harian,5,2026-05-24 02:27:43,0
ca3117c8-47d1-4968-ac59-793edd0f6043,Is it just me or the watch & earn task section doesn't refresh even after 12am?? I can't get coins anymore,2,2026-05-24 02:10:12,0
fc37f9ff-a3cf-49a7-b19e-4120fcc4b11f,lopyoushopee🤍,5,2026-05-24 02:03:16,0
e0e4dd32-d005-4e8c-a648-70fd5082d6e2,This app customer service is terrible. Item stuck at delivery which was supposed to arrived 9 days ago but item still haven't arrive. I am unable to do anything as my account got locked and I have cooperated with them but they still kept my account locked for close to a week. Careful buying from them and using their services as security issues is also a problem with the app.,1,2026-05-24 01:29:47,17
40a780f8-0d30-4898-908a-78f208bb73a3,Easy!,5,2026-05-24 01:04:29,0
7c3b3db7-8668-4aec-9003-c325b53583da,good app,5,2026-05-23 23:26:54,1
9893e045-0805-4197-b1ad-8845589f6a1f,I like shoppe so much the app helps me so much..,5,2026-05-23 22:50:35,0
64729e38-fd17-4b1a-9214-ed3e4b92a2b6,"this app has ads EVERYWHERE that no matter that I do it would oop up every 5 seconds,I don't care if this app has great service, products or whatsoever. it is ruining my time, experience and mood every single time their ads pop up out of no where",1,2026-05-23 22:05:01,0
671196a1-b892-4713-b013-89b37cded785,"akaun kena block, dah buat rayuan tp xselesai masalah. asyik minya selfi dengan ic sampai abg jamil mampos",1,2026-05-23 21:47:55,0
521c4b98-d7ca-4c5c-9794-f7208c0c89c4,good quality product and mesra B40,5,2026-05-23 20:24:58,0
aa25315e-28e1-4846-9800-60841759be7d,"Boleh la, kalau boleh tambahkan sekali apps touch n go, kat dalam shopee.",5,2026-05-23 19:08:38,0
344a1e42-e241-4096-8ad2-8d7f200ec09c,GOOD APPS,5,2026-05-23 18:42:58,0
f54738e9-76ad-4829-89ef-7cb92b3618ce,"those damn ads are everywhere barua, aku nk tengok cerita sial kau pop up cam gampang",1,2026-05-23 18:39:52,1
14a99394-d599-4c82-b841-211b52216b26,5 star saya bagi .. admin berikan voucher untuk membeli barang2 rm 00.00,5,2026-05-23 17:07:38,0
cc6ba253-2a51-4619-8ddd-aa9425738203,good experience using this apps,5,2026-05-23 16:53:31,0
2a5f28bf-be46-4215-a97c-e203668838c0,"I hate shopee short video. Video mesti bug. Bukan dekat video pun tapi masih bunyi dekat background. Pastu video tunjuk produk ori. Tapi bila tekan link dia, produk fake yang keluar. Baik tak payah.",1,2026-05-23 15:27:09,0
c2c28bf2-ec96-44f5-b401-3a27b999a73f,Good,5,2026-05-23 14:24:46,0
51385ada-d581-48af-a357-e9a17b9a5529,reliable and trusted,5,2026-05-23 13:32:17,0
c7560a19-6a5f-4f23-af37-44033cbc0231,Shopee food voucher is dumb idea.,1,2026-05-23 12:59:54,0
5496e065-4fbc-4edd-8d0c-5baf32cef184,Bad experience in live chat with agent,1,2026-05-23 12:21:00,2
50142a1f-5084-42f1-962b-846b60d2c8ce,kadang ii kena scam😭🙃🥺,3,2026-05-23 12:20:10,0
5facc370-3357-4d48-bc4e-7741c785ce00,good,5,2026-05-23 11:51:43,0
bc6c3c02-6da9-4172-924d-b1a1b4cb9f12,good,5,2026-05-23 11:28:54,0
fb02f13d-c851-42b0-a106-6cc58969654e,good HAHAHAHAHA,5,2026-05-23 10:39:34,0
0e90bc75-28f5-4874-9b02-2650ae52f1be,nice,5,2026-05-23 10:37:16,0
d2dd2bb2-8960-4761-b495-c454a2b45787,very easy to find,5,2026-05-23 10:29:08,0
8e222230-cf5d-463e-836c-ef27ea8921fa,good 👍 okay,5,2026-05-23 10:19:55,0
d295b916-f9db-41b3-ab24-7ee967935ebc,"bro, can't read the review, fix please thanks.",1,2026-05-23 10:12:16,0
a86ddb00-566c-438d-a1b0-06890910d966,"Hai. The app is great but i hve suggestion for improvement of service: - off the option for COD. Not worth it. Seller rugi & delivery person rugi. - return item within 6 months should be limited to 3 items. Coz i saw several viral videos, buyers buy take item and return brg lain. They actually get plenty stuff for free.",5,2026-05-23 10:06:46,23
beb0e65d-966c-407f-92bd-7864904f923f,shopee ads😡😡😡😡😡,1,2026-05-23 10:02:48,0
75f4bdcd-ea8a-472b-819e-c07c6568581a,"very convenient, delivery always fast",5,2026-05-23 09:30:59,0
e6ad8497-8b41-42e5-86d2-3211dc0e52c2,it is disturbing me. please remove it,1,2026-05-23 09:23:51,0
97477ead-2fd6-482c-a2fd-0b7d27090eb5,ok sangat..memudahkan urusan saya,5,2026-05-23 07:46:42,0
325f7130-38d2-40c7-b0d0-c794a3c4ddd8,I always choose shopee 1st as o line llatform to do my purchase,5,2026-05-23 07:23:06,0
002b19dc-f573-4136-b603-a28870a1c650,I love this app so much in this app get so many free gifts tq shoppe😘,5,2026-05-23 07:22:33,0
0a85a509-bb7b-4465-8076-c68dd71c358f,the best choice to find a part for electronic project,5,2026-05-23 07:20:55,0
8c09ca34-6c6d-4b81-8a8f-06271f86d774,Always reliable as expected,5,2026-05-23 07:14:33,0
52290a33-24e4-4227-afe5-b30ac48003a3,Nice,5,2026-05-23 07:00:40,0
9d743cd4-838b-4ed0-83f7-7ea8e8b2a967,"Shopee is probably one of the apps I use the most for online shopping. Shopee has many choices, cheap prices and fast delivery which makes shopping easier for me. I also enjoy collecting coins and vouchers on Shopee. 5🌟",5,2026-05-23 06:35:52,0
c58dd6f3-5f80-4706-a9d2-d27ebf421cae,sangat berpuas hati,5,2026-05-23 05:40:46,0
562e0ee5-fcc9-4c43-89ac-263f2bcba731,THE WORST APP EVERRRR.......I just want to change a phone number but why they put somebody email that never existed 👎👎👎👎👎,1,2026-05-23 05:16:41,0
04afe9f0-5346-406c-a89c-17e11e12e9d6,very murah time sale... byk dah expense kat sini.. :),5,2026-05-23 05:00:13,0
05de0138-a204-44a3-9acc-5dea857dc35e,"Please delete the inactive account that is using my phone number because I want to register my number for a Shopee account, but I can’t. Both numbers are new numbers, not my old number. I just registered them recently. So please take action, thank you.",1,2026-05-23 04:10:53,0
9fff8806-aa3c-4306-95d6-e078916e5d85,perfect,5,2026-05-23 02:19:29,0
5a95197d-d341-4ab2-a06f-980c4c114722,Good best,5,2026-05-23 02:17:36,0
848f040f-70ad-45fd-9d14-3e2520e50ebf,Amazing platform to shop. Delivery is top notch. I received my creatine monohydrate in 2 hrs after ordering.,5,2026-05-23 01:52:22,0
513c6e9c-0aec-49cf-9916-b346d98af073,"remove ""similar product review"" sebab tak membantu pun, malah menyusahkan. ada seller ambil kesempatam letak gambar sama, yang sampai tak sama dengan yg diiklankan.",3,2026-05-23 01:51:34,0
ad5332e1-0048-48da-a154-eb546b89e755,"add more worker to ur company, the post getting late from 5 days(this is the best) to 2 weeks more, my parcel still not arrive, im order from 7 may and now 23 may, is there something wrong with ur worker management or because of politic?",1,2026-05-23 01:32:28,0
fa0115d8-313b-4b8a-9cc1-cde7c593f108,nice market place,5,2026-05-23 01:30:31,0
6f2f78d1-2512-4f39-b8f1-ac9296ab888b,So far so good. No. 1 services. Very satisfying.,5,2026-05-23 01:22:11,0
2f00d83e-c712-42f1-9146-f79d69ee8c39,"Careful, most videos of products are AI created, fake and misleading. not what you actually get, meant to mislead and cheat buyers.",1,2026-05-23 01:18:53,0
387b2122-b60b-4f44-b904-7e73e6d89e22,can y'all stop redirect me straight to live tab everytime I open the app? what's worse is that the sound are on by default and I don't want this to happen when I'm in a public place,1,2026-05-22 23:48:14,2
01d2e221-ec2f-4373-960e-5ddcc13e1e8b,"So many options to choose from. Things, food, even services",5,2026-05-22 22:08:28,0
fae8eed8-7371-407d-a6e1-ca0bad56b443,"Notifications are so misleading. they tell me that I have to check my address, yet it goes to products.",2,2026-05-22 21:55:56,0
6c7c7428-2a88-4c96-b541-f668f160f95b,not bad,5,2026-05-22 17:18:37,0
8d567e9d-e435-4ff9-b0c0-90fad07e057d,Nice for real,5,2026-05-22 16:28:35,0
ca975856-a72e-4b79-8ecc-20e3b92a3d73,good job,5,2026-05-22 16:23:25,0
65295d89-926c-4dc7-a276-8a3ab7988c32,Terbaik....,5,2026-05-22 15:34:56,0
376253ce-ae03-41ff-b173-efa3213d9c34,good,5,2026-05-22 13:36:33,0
a84bd7f8-3a36-41cb-bb77-910451c68a8c,Nice app with benefits,5,2026-05-22 13:30:12,0
f37b4539-2ad8-4a9b-aa89-8e49780d2af3,good...,5,2026-05-22 13:07:12,0
d57a086e-d5dc-4e49-9287-935768b617a5,Impressive,5,2026-05-22 12:40:54,0
8d4e1f4a-c788-420b-a228-99005855d50e,Shpee is the best,5,2026-05-22 12:19:15,0
8e1f070d-73e7-4145-92a6-709bae7fd28e,best shopping,5,2026-05-22 12:08:19,0
ff150724-5c7e-4ab6-a5a2-df0cf13a7e5d,manyam syiok,5,2026-05-22 11:20:01,0
3134c650-49e2-4b47-b6c0-82d9c4857cc3,best app to shop,5,2026-05-22 10:57:33,0
95aeccd0-c908-43f7-a580-f2c140905194,pay later cannot use anymore,1,2026-05-22 10:29:03,0
10d5c6a2-ae73-4a40-bdc1-de212c61f0c2,very good,5,2026-05-22 10:23:34,0
502471b1-8e99-4d8a-8c8f-7fea836809ee,shoppe only the best online shopping place!!,5,2026-05-22 09:29:57,0
6212792e-afef-46f2-bd6f-64af78b0d076,🖤,5,2026-05-22 09:05:36,0
2cf64796-da02-494b-a674-50b94409fa0d,nice,5,2026-05-22 09:04:58,0
d9629f17-cb58-45e4-becd-9caa7cc73cce,good,5,2026-05-22 08:13:14,0
5a486b8b-a322-4d60-bc81-b9a749753d63,good apps.. never been better compare to others apps.,5,2026-05-22 07:50:08,0
bebafc38-f6bc-4892-92ea-67b40bdd3f5c,Fast delivery,5,2026-05-22 07:19:36,0
0d8e1588-a6e4-4a99-974c-702bca79ca92,"I have been watching livestreams and videos on Shopee for two years, but the watch task is still missing for two days. Please resolve the problem 😔🥺",5,2026-05-22 06:01:32,1
4a00c8d8-f10f-4a28-a61c-4baa8b4d69cf,Ok,5,2026-05-22 05:27:15,0
7f4c9ce7-f313-4941-90cb-3a496e234c75,"I've been using shopee for awhile now. it's got good discounts compared to other platforms. but recently it's changed the landing page when the app opens, to the videos and live section. I don't know about other users, but it's a horrible feeling to be confronted by loud music and videos. and there's no way to change this according to their staff. well I guess I'll have to use other platforms if I don't want to have loud cringe music and videos blaring when I start the app. good luck.",1,2026-05-22 05:02:49,6
3ccb0786-925b-4213-b45d-4ed9a494d1fe,selalu guna shope sbb murah,5,2026-05-22 04:48:16,0
6a4551f0-0a4a-4780-883c-7323b6661f01,"I really want the app to have unlimited folders that can be named like,Skincare, Clothes,Toys so I don't have to scramble into my 600+ item in cart",3,2026-05-22 03:31:10,0
0c16c643-69bd-43f4-bd83-40d40b811980,the best one👍👍👍👍👍,5,2026-05-22 03:29:29,0
a1d4a798-edb5-4956-b080-a215e59f499b,Add dark mode la oi,5,2026-05-22 03:13:42,0
5887f23f-0d2f-4dd5-b744-8bf0d1472871,Constantly JAM on music and videos. DON'T LOAD NONSENSE! FOCUS EFFICIENCY. BS GAMES HEAVY LOADING. STOP LOADING VIDEOS AND MUSIC WITHOUT USER S CONSENT.,1,2026-05-22 03:02:34,3
c752a2b7-a147-4966-a7ac-3fb6276c66ed,very good. apa pun mau charge. app ini suka hisap wang. cantik sekali,5,2026-05-22 00:57:12,0
eb303a81-98c8-415e-852b-a093d8e66990,Shopee is the one of the best app ever ❤️,5,2026-05-22 00:41:54,0
928839bf-4101-4c4f-a9ac-9d50ac92a7e1,"shopee memang terbaik, hari2 ingin beli belah dalam shopee",5,2026-05-21 21:08:02,0
393a7fb8-e4d2-49d6-94f0-02ace228b9f9,everything is great.,5,2026-05-21 21:00:42,0
25ec5ca0-3ede-42da-9429-876ece3e16fc,I can't collect coins in live streaming.,3,2026-05-21 20:10:07,1
1b04f015-118d-4080-9558-0f909654fdd8,I do like this app but the ads is to aggressive and annoying the ads even add fake x on top. its an purchase app and using money if i miss clicked something in ads its directly got into the apps and i just buy something and thankfully i notice the items and cancelled the items,1,2026-05-21 18:24:41,2
57ccf158-b331-44cc-bae3-61425c3112cc,refund take years to come,1,2026-05-21 17:23:30,1
4207b912-92da-455f-88d0-d59e94b81e4d,can we not get 300 notifications within the span of 5 minutes for 6.6 sales. it's very annoying 🫪,3,2026-05-21 17:17:37,0
261c8b59-3cb4-4cb8-9196-253f255898ab,verry easy to shopping,5,2026-05-21 17:03:26,0
65cb3d2a-b246-424d-9330-330e68b1aeb7,Bad service from courier service- SPX No quality delivery person shopee policy suck.. Better to use other than shopee...this is from my bottom of my heart. Shopee suck,3,2026-05-21 16:10:32,1
a2e1aa89-659c-4c80-832f-79b10f8c0262,Maybe you should fire your advertisement team for putting fake X button and force open this app through ads,4,2026-05-21 15:50:33,0
712a3728-26a6-4eea-9980-b75f99dbfd9b,"Sungguh kesal dgn kemaskini shopee dgn memaksa user melihat video tak senonoh+ai slop apabila buka apps terus autoplay.Ditmbah dgn CSnya autobot xmembantu selesaikn msalah,lambakan brg fake dan review yg dibuat² pada tarikh yg sama.Ada part shopee yg bagusnya tntng refund item,xsmua brjaya,tp memudahkn.Kbnykn video tiada kaitan/xbrguna,hrp dev app buat setting utk video autoplay tu",2,2026-05-21 15:39:06,1
987ae077-cc3c-494f-9541-45bc103719ae,"good, trusted,online marketplace.",5,2026-05-21 15:32:14,0
732c7700-a655-425d-b431-596ab119e2b4,"thank you, the recent update fixed the severe lagging issue at the special day voucher page (2/2, 3/3, 4/4, 5/5) that i was experiencing since feb 2026. the page would stop loading, vouchers cant be claimed/ or really slow in showing 'claimed' (takes about 3-5min). other pages/ browsing/ video is smooth. thank you to the support and tech team",5,2026-05-21 15:20:00,2
1153e48e-5aaf-41c5-8534-a32905da2f74,"this app been polluted with Ai generated video review nowadays its so annoying, i want to look real item if going to buy an item, not an inaccurate ai generated video",1,2026-05-21 14:54:19,2
4ec451ea-5653-496d-b7e8-ec22922ef786,Sangat Berpuas hati,5,2026-05-21 14:33:27,0
6dd68cd6-3755-490d-84ab-f5e27078e632,gooood,5,2026-05-21 13:30:04,0
d77cd621-f08a-4154-aefc-b1bc7a3ec617,mana mana bukak ada je iklan apps oren ni..hang memang,2,2026-05-21 13:06:59,0
922eddba-c481-4227-83f9-6a6d626a07c6,good,5,2026-05-21 12:47:47,0
f8757a2b-29ee-4fa0-93e4-16faef3a1099,good,5,2026-05-21 11:58:22,1
a66b8f24-6dc0-49a7-83c9-9276594092cf,I can't use this app for now. There are some problem to connecting. Please update and fix the problem,5,2026-05-21 11:39:19,0
7a5a79ff-6b05-4e40-8dea-e5c755fac674,good app,5,2026-05-21 10:34:18,0
7c4e0a7e-d123-4706-82fc-7fc3a39f05b0,"YOU DESERVE 1 STAR, BECAUSE OF ADS ALL OVER THE ANY APPS OR WEB, AND SOME ADS AUTO OPEN THE SHOPEE APP IN UNWATED CIRCUMSTANCES. FURTHERMORE YOUR LIVE & VIDEO TAB IS TOOOOO ANNOYING, HOW DOES IT FEEL WHEN I FEED YOU WITH THE FOOD YOU DON'T LOVE AT ALL?",1,2026-05-21 10:08:53,0
4b1aa4fe-1022-4fce-b48e-86e87f51c6cc,ternbaikkk,5,2026-05-21 08:32:16,1
f73b3024-9ec5-482b-9fd5-03dd53164df9,this is the best shopping app,5,2026-05-21 08:24:59,0
a805a173-0b59-4c3a-a3b4-0651d37177a5,Convincing and easy way to get anything that we are looking for. Cheap price with fast delivery,5,2026-05-21 08:21:00,0
a3c3ab3a-c0f9-4e33-bff3-8709c4967edb,MCM BDO tak boleh log masuk nomber fon,1,2026-05-21 07:59:23,0
4c9c950e-d46f-48fa-949d-3509324310e2,Osem...,5,2026-05-21 06:30:40,0
f323641c-e4fa-427e-910d-808db33361eb,"this apps is getting weirder. spaylater freezed despite payment made but they keep sending notifications regarding spaylater vouchers and discounts. cold, soulless and robotic customer service responding to queries. coins task available but not allowed or not qualified to collect the coin after completing task. landing page directed to loud & annoying videos. now I'm off to learning how to mute notifications from this battery and data draining useless app. you should too.",1,2026-05-21 06:16:42,2
8db348e6-1bb7-47f2-9cb7-fb4765fd7e8f,Fast delivery and good packing,5,2026-05-21 06:14:44,0
f7fe6151-23bb-4552-a819-e0805d84e7af,terbaik,5,2026-05-21 06:08:40,0
af848db7-5545-4fe8-b4b2-7054397f3c52,I like shopping in the app but it keep suggesting me inappropriate product I don't want in my suggestion and there's no block users or no request for less view of inappropriate kind of product,4,2026-05-21 06:07:53,2
c91315d8-2e52-433f-ac60-a34f145f930c,good app no doubt,5,2026-05-21 05:40:43,0
6e0b4a8a-7d46-4594-9f13-e13aee94725b,very beautiful apps,5,2026-05-21 04:57:30,0
cb66c4d2-c100-4329-b019-57a625531105,"Shoppe pay can't log in, So money time ask for verity.",5,2026-05-21 04:45:18,0
4199e0a1-edfd-47b2-a5de-3634885cea24,good,5,2026-05-21 04:25:43,0
163f1f89-01f7-423b-a9e9-1a45c347ab2a,superb and easy to use,5,2026-05-21 03:19:11,0
6d4657b7-8c1f-475f-978c-995f6ad56098,Awesome🌟🌟🌟🌟🌟🌟🌟🌟🌟🌟👍🏻👍🏻👍🏻👍🏻👍🏻👍🏻👍🏻👍🏻👍🏻👍🏻👍🏻👍🏻👍🏻👍🏻👍🏻,5,2026-05-21 02:57:54,0
47d4309d-5838-44f0-a5cb-78a4e27fb1f0,"kadang ok kadang tak ok ada seller langsung tak reply mesej hantar barang rosak, pecah tak nak bertanggungjawap. tak nak bayar refund. shopee tlg alert kpd seller yg sombong.",2,2026-05-21 02:30:06,0
44ee9225-46e7-4df9-8a05-1c6f549c6cb6,family mart the best ever,5,2026-05-21 00:43:04,0
5a9cdb82-8e37-4bf4-a90e-ff2d79810303,best,5,2026-05-21 00:27:24,0
f97e29e8-2e13-40bc-85f6-15ff796c0d93,I like this apps,5,2026-05-21 00:09:46,0
747bfa25-db93-4f4a-9f04-c46ead663619,great 👍,5,2026-05-20 18:41:32,0
3aa13a1a-832f-40af-a6d6-e4bbf4806b2d,"shopi kepala bapak kau lah mcm sial punya apss. smua apss tu ada iklan dia even kita tk tekan pun keluar sial, mcm bodoh geram je aku perati ek. seminit dh 5 kalik kena ulang alik d sebabkan shopi bodoh ni muncul bila tgk apss lain, mkin teruk ya skrg ni .",1,2026-05-20 17:55:18,0
a6949ecd-4a2b-4bf6-81eb-2e9c955155a9,suka😍,4,2026-05-20 17:02:16,0
5b26c8ee-740c-48d2-8836-3c2522d1c90e,"Very bad experience and disappointed with the service provider. I received email notification on Shopee will delete my account soon. Since Shopee wanted to delete my account, I request refund my wallet balance,but they can't. by the way, is not my intention to delete or inactive, is due to my account been restricted from performance any transaction, and their support team can't provide any solution. I am the platinum member for years, anyway, I switched my online purchases to Lazada.",1,2026-05-20 16:48:05,6
98f3f02f-1925-4d9a-be5c-5b2355305122,Its js very annoying AF,3,2026-05-20 16:47:32,0
80eca77f-bd5e-4545-a6f7-9a481023e752,berfungsi dengan baik banyak boleh dibeli dengan harga yg berpatutan,5,2026-05-20 16:07:33,1
d75b4aad-394a-426b-90d3-abc78ee91c3c,very helpful and awesome,5,2026-05-20 15:48:34,0
1f4bc986-052e-4ec8-b391-9b3a95c33566,mudah,5,2026-05-20 14:15:50,0
d4c00872-938c-4afa-acf6-bd9aa9921fe8,This is such a helpful app to me. i can purchase everything whatever i want from this app. and very affordable to puchase the product. that's why i like this app.,5,2026-05-20 14:11:46,0
24f32ed2-3685-4498-9ba5-a8895628753f,good,5,2026-05-20 12:59:42,0
65595f0d-1743-49de-89a8-85cb4ac7c8ff,"This app can do anything online shopping and food delivery, What more do you ask for :)",5,2026-05-20 12:21:26,0
ba15ba01-3315-4456-a6b3-f317a31a18f2,Good,5,2026-05-20 12:11:09,0
ba877ec4-1bac-4801-85fa-2b0abb433154,good,5,2026-05-20 12:04:52,0
f83b042b-cf93-410d-ac00-fec02552c04b,"secure, easy, responsive and many, all in this apps always..worry me nothing.",5,2026-05-20 12:01:20,0
8379b5a5-3f5b-4712-bdef-fabbed57c6ff,"The app itself has no issues so far, but there is this one thing that made me rate shopee 1 star, the ads. Every time I use any other apps to watch ads and if it is shopee ads, then it always directs me to your website even though I did not click anything at all. There is also a fake close button at the end of the ad where if you click the prompt then it brings you to the website. It causes A LOT of inconvenience and it's getting old. Will delete shopee and start using taobao and Lazada soon",1,2026-05-20 11:56:12,7
ae61198b-fb8d-4e37-b956-58feed876140,mantap! excellent!,5,2026-05-20 11:43:53,0
7bb7d945-8c9e-4ae1-97f2-133a1515583c,shoppe terbaik spanjang masa,5,2026-05-20 11:43:25,0
e01743b8-afcc-478c-a80c-b330056c5282,can you make and option to disable that tiny videos,3,2026-05-20 11:32:41,0
ab9115d3-7900-46c2-b7f4-712b2386bad1,ok,5,2026-05-20 11:26:37,0
af215173-ed84-4f62-b8a9-005e28242b3c,quick & safe for online shoping,5,2026-05-20 11:11:45,0
92eaaa29-1937-427b-ba57-d9041dc08327,murah berurusan,5,2026-05-20 11:03:59,0
1602b110-05cb-4c7f-b0d0-b090ce08329f,enjoy,5,2026-05-20 11:00:44,0
2421020a-8ceb-4809-a4c2-e95328816dbc,i love shopping with cheap prics,5,2026-05-20 10:49:55,0
698d61b7-fcb1-461e-aaab-2521239f891b,nga stop taking away my coupon damnit,1,2026-05-20 10:45:07,0
96e993bd-541d-4009-8be7-5c383d24129c,"This is premium quality, from design to material worth to buy.",5,2026-05-20 10:31:33,0
10516566-bbc0-4e0a-b75b-c7b10f1c8e9a,Ok,5,2026-05-20 10:24:34,0
9f5addac-a9a5-4160-a368-236f41f2a28a,Thank you for decreasing my SPayLater limit huhuhu.. from RM7500 to RM6700..,1,2026-05-20 10:16:02,3
2c6ef102-5859-4e9f-ade4-62622b780845,niceeee,5,2026-05-20 10:13:28,0
8ea05c2f-1562-4ce6-977f-7f0ea48c272a,excellent,5,2026-05-20 10:03:11,0
fec541af-3ded-4236-a246-39ddc483bea9,"Lot of options to choose, payment methods alot, delivery service very good",5,2026-05-20 09:47:40,0
0c9be646-a427-46da-a9d9-2688352611ef,Very good also if your item don't arrive you can just refund it take me 2 hour thank shoppe!,5,2026-05-20 09:43:13,1
16af5b83-8c6a-45da-aa1c-736e6a991319,"Love n love, mudah senang Dan pantas",5,2026-05-20 09:35:31,0
bcb56ff2-5fe9-45e9-9ce4-144ab3d9d41c,"yesterday got issues about shoppe food,I requests my order is not completed, because all my order the soup in two item is spoiled out and packing is so poor,driver just say sorry,but u know shoppe food agent reply me what and cancel my request,how they do job, picture and all invoices I approve it,and cancel my request??shame on u lah..8.69 u wanna eat.",5,2026-05-20 09:13:54,0
0d63845d-4606-4be9-96ed-968c3cbdd706,Good👍,5,2026-05-20 09:10:41,0
6876ab9b-b5e1-46d2-b4c7-f8e7f11f5a27,its a great app except that it always freeze every so often when i scroll too long,5,2026-05-20 09:10:25,0
fe389d3a-fe5c-43e9-acc2-ad1e19aa8b72,terbaik,5,2026-05-20 08:39:01,0
098e8b55-d949-42cc-b7aa-0489cbfd85cc,Awesome great,5,2026-05-20 08:27:56,0
0f0c5a90-ea33-4c9e-adea-9b4096aa44cc,very comfortable use app,5,2026-05-20 07:41:17,0
713ecea1-8b8f-4f89-a7f4-dd95ada2e2f0,good app,5,2026-05-20 06:33:02,0
30c4130e-276b-4c45-b3fc-f0a850df5d25,"Please reduce the bloat on your app. Keep it reasonably lean because using the app stutters a lot for me even on my phone which is a Redmi 15C with 8GB RAM. Or maybe allow your Shopee Lite version to also be available in Malaysia instead of just Indonesia. Until then, I cannot give your app more stars.",2,2026-05-20 06:00:42,2
6bb312af-842b-46c6-9168-6bc95b81e593,Too many advertising Very Unhappy,1,2026-05-20 05:20:50,0
5fe68382-70fa-4af8-8b05-7f2167aa7834,terbaik,5,2026-05-20 04:30:30,0
95a1ee92-6e5d-4c35-b7c8-a97f8c831db3,really useful shopee app...,5,2026-05-20 04:25:37,0
d8071a06-34eb-436b-96b0-484ff596b363,Exceptional!,5,2026-05-20 03:49:30,0
d65d6b82-e17f-4b7d-aafc-7c2c3e33476a,"why u show product rating that is 5 years ago as the 1st review, when u have a newer 11 may at the bottom. Why did u remove the sort by newest function from product rating!!!!!! Shopee is bad now.",1,2026-05-20 03:20:27,0
daa2fec3-a132-4883-9906-e1d4fb42eff8,"shopee memang terbaik. harga lebih murah dari kedai diluar. banyak voucher, free shipping, boleh guna coin lagi. memang terbaikk",5,2026-05-20 03:05:18,0
352094e4-2430-4d3e-bd0a-95809f3ed937,"I’m very impressed with Shopee! My order arrived much faster than expected, and the customer service was very helpful when I had a question. The product was exactly as described and in perfect condition. Shopping was smooth and stress free. Highly recommend Shopee for anyone looking for fast delivery and great service!",5,2026-05-20 02:57:46,0
b77a0373-8735-4035-987a-40c90f559d22,habis duit banyak shopping online,5,2026-05-20 02:46:56,0
f7ba4a93-9377-485b-bcce-f4e8c00e41a7,An e-Commerce platform that consumers can rely on.,5,2026-05-20 02:41:33,0
9486bb10-90bf-46bd-8e77-c3d12088b624,best shopping apps in Malaysia!,5,2026-05-20 02:27:06,0
8774f629-9c8f-4f49-ab8c-170c717f1dce,👍,5,2026-05-20 00:47:08,0
e0f358de-fea8-4358-a8c1-de895b7c19fd,Plenty health supplements and car spare parts available,5,2026-05-19 23:59:07,0
53eec6f1-986b-4d4a-9e0a-75f3ab63d252,"The app is not user-friendly. The item exchange process is extremely slow and troublesome. Security measures are also weak, as the platform fails to detect fraudulent shops and companies. Shopee must improve its quality control and buyer protection.",1,2026-05-19 23:26:19,0
fd1fe91a-9a4e-4ae7-a0ed-acd78827af56,usefull app,5,2026-05-19 23:02:26,0
20bb6969-59c0-4d25-ac45-102bf75c977f,"Items not 100% brand new. Example: when you buy a phone, if you see a 'checked' sticker, it likely means someone has already used it for a month or more before it was sold to you. I bought a cooler fan from Shopee Mall. Bubble wrap was perfect, but the box dents? Top of the box had a seal sticker, but the bottom already been opened. It works fine, but every time unplug it, it feels like the entire power unit disconnected. Frame is not perfectly aligned, as if it had been opened and cleaned.",1,2026-05-19 18:39:29,5
22ef401a-9676-4b15-9c5e-b28f2bac4704,"I canceled my order but the seller rejected then I find the customer service but it's AI didn't giving any help. Finally I'm angry and managed to get a real customer service. Then after I get out from shopee, it directly close the service and now almost ONE WEEK I HAVEN'T GET MY MONEY BACK!!!!!!!!!!!!! PLEASE I JUST WANT MY MONEY BACK🙄🙄🙄",1,2026-05-19 17:27:58,1
c185d987-74ec-4c57-9b78-92868c6593c0,terbaik,5,2026-05-19 15:31:21,0
f091543a-c877-4d7a-885f-e38790c0ce33,"I do spend daily atleast once at shoppee to survey or purchase items. 1 onlf the best platforms, u could find anything u want here and its safe. 5 star",5,2026-05-19 15:19:53,0
3c507a9c-e276-4993-8731-13b5b2024d45,"Almost anything that you can think of, you can get it from the shopee. Great place to shop at most.",5,2026-05-19 14:32:43,0
17ab85fc-3026-44c2-8948-20c87674ff26,God bless you Amen 🙏💖,5,2026-05-19 13:31:35,0
165c691d-bee9-4a95-a13e-c176f11061bb,Cannot choose courier.. very suck,5,2026-05-19 12:24:23,0
8a32f9b8-5eca-4333-bc43-fb0b7d32b933,Nice.. Good..,5,2026-05-19 11:44:57,0
86de7fe7-e994-4bac-83a0-9dfd75b8e853,my experience with shoppe is good so far,5,2026-05-19 11:31:15,0
24e3f747-6088-46d5-9b1b-55ec3fdb6561,Good,5,2026-05-19 10:39:07,0
0f54e9d0-080d-4f8d-ad90-4c9902a680aa,All you need is in this application..tq shoppe..,5,2026-05-19 10:14:41,0
56a9fa45-5168-4d7a-b1e9-a08f6dee1ed2,awesome,5,2026-05-19 10:03:21,0
4b4835fd-f094-4298-8039-4d3faf84605c,Good,5,2026-05-19 09:47:13,0
a077f40e-499e-4987-9edb-18d3999dbf99,okkkkkk,5,2026-05-19 09:32:45,0
ecf28ffe-cbe1-4081-a9bc-3adfc6d71ebd,Good,5,2026-05-19 08:53:57,0
fbc6b289-9447-4a31-ad73-2951698b936d,Good job,4,2026-05-19 08:33:33,0
2f744e7f-fb73-426b-b42e-a79310696b1c,mantap baik,5,2026-05-19 08:14:18,0
bab842db-12c1-44f8-bd43-da07226fd121,good,5,2026-05-19 08:04:22,0
980ba63d-b35c-4e34-ac60-14b65f7a09e0,the app serves is cool but annoying advertisement from other apps i really hate this app because of the way he do advertisement is too annoying you can't even skip,1,2026-05-19 07:44:05,0
87c5ef67-fbd5-4888-b069-20403593f0d8,"For recent spaylater experience; what's with the new app design, got popup window (temporary limit increase) with no close button. I'm only there to pay the spaylater bills, if this keeps up, I may no longer use it. Please do better app design, thank you.",1,2026-05-19 07:34:34,0
069abb2a-324d-4827-b309-ef3e91a51963,bodoh punya app,1,2026-05-19 07:28:45,0
812a0e1a-9b26-4023-ba7c-9439cb6a2466,good apps,5,2026-05-19 07:05:42,0
df1e4250-8272-4e01-ab48-fcc7d5946c08,🔥,5,2026-05-19 06:33:52,0
93b48fe4-d005-4499-82b1-95f251938a44,sangat berpuas hati dgn sistem shopee.,5,2026-05-19 06:28:30,0
437fecb9-a9f4-4a1d-a999-ad6a4d0118d6,"Aku benci macam mana app ni sekarang. Bukannya main feed yang akan terbuka dulu, sekarang video-video tak penting diorang pulak. Lepas tu, kalau ada listing barang yang kau klik, video tu yang akan tunjuk dulu. Takde apa-apa. Cuma menyampah je, tu je",1,2026-05-19 06:02:14,0
1e7d8fc4-091a-477f-a1ab-7587e750dddd,"so far so good , a major step up in delivering to Brunei which previously not available.👍🏽👍🏽👍🏽",5,2026-05-19 05:58:21,0
98aea219-5d5a-42e0-9979-c01d4e192099,Shoppers shld be allowed to rate a seller if the deal is cancelled. especially after waiting for more than a month for a product. pls update this feature so that no one else gets conned.,1,2026-05-19 05:16:33,1
e0a16e1f-57c1-4384-be87-8770addbd4c9,shopee is the best Ecommerce site now,5,2026-05-19 04:40:18,0
9714bf8b-ada5-49dd-9fd2-f7f39e372870,good 👍😊,5,2026-05-19 04:38:53,0
5f01f4bb-efc1-4b65-ba40-f9b3b35ca406,shoppee Malaysia is The Best. I Love it ❤️ because Shoppee My always give cheap price better another Apps. They always give free delivery cost and sometimes I'm get Rm 0 to Pay the product. Product from another country but fast arrived my home. Really So excited and Enjoy Shoppee My. Recommended for you all 🔥,5,2026-05-19 03:51:10,0
8119cdff-c4b0-4344-941d-3701f9cc8ce3,Good...,5,2026-05-19 03:04:43,0
667d03ba-5135-43b6-b565-918466f0a50f,"Tolong allow user pilih courier. Takde kami nak salahkan platform kalau courier pilihan kami yg lembap. Setiap kali order barang, jika melibatkan BEST EXPRESS atau BEST CARGO, tak lebih 2 minggu memang diaorang takkan hantar ke? Edit : Kali ke 6 BEST EXPRESS/BEST CARGO peram barang aku. Kali ni satu barang sampai, lagi 1 barang hilang terus. Selagi Shopee guna servis diaorang, atau tak allow user tukar courier - selagi tu aku takkan bagi lebih dari 1 star",1,2026-05-19 02:28:15,0
76eb3fb1-933f-4267-93dc-8713a4708d7b,the besttt,5,2026-05-19 02:10:31,0
79347012-fa93-4f34-9e97-d8d3f46dc105,good,5,2026-05-19 02:05:21,0
b08d39b8-e97f-423d-a8a1-fb38acd05c04,Percels well packed and fast delivery.,5,2026-05-19 01:31:12,0
a0a717d9-f0d4-4290-b3ef-88931426d13a,My account had been suspended. However i request for the case to be closed. Until now you had not reply to all my email. Really frustrated,1,2026-05-19 01:30:50,0
f31d2df3-ec05-458e-98ef-9b1aa5851a52,good,5,2026-05-19 01:24:53,0
f8a25b7e-fc27-468c-b9fe-ed6ffc64e5d7,Terbaik,5,2026-05-19 00:42:23,0
c64c969a-8a91-4074-afb7-d44e084c4ec3,Ok,4,2026-05-19 00:16:39,0
ec12a759-f185-4699-8080-e6b871411446,okay,4,2026-05-18 23:34:25,0
554db5a2-110f-45a4-a87e-66552e3052d1,Touch and hold a clip to pin it. Unpinned clips will be deleted after 1 hour.,5,2026-05-18 23:23:02,0
499f4ba6-9746-41df-bf01-cd790cc1aaa6,"Latest update (25 july 2022) kills Shopee.. all the reviews written here is true... i.e addresses gone, cant make payments etc.. do something Shopee! [19 May 2026] Shopee is much more reliable now... 👍👍",4,2026-05-18 23:21:40,0
5eb8e35f-0ada-40f7-9039-8c6592b6fe71,not bad,1,2026-05-18 20:21:46,0
79298ce5-8c5b-4a48-8c66-f292f3e320a3,good,5,2026-05-18 18:18:22,0
21725887-f074-4666-92fd-c980073a2ac0,Damn annoying video when opening the app.. Would give 0 star if allowed to..,1,2026-05-18 17:57:19,1
6a0d221f-4fd1-4a2c-94ae-a7f61a8c10cb,"app terpaling safety laa konon sampai orang beli number fon baru tapi still bind dengan acc orang lama, kalau nak login kena pakai muka orang lama, macam buto. sekarang macam mana nak buat acc bodo",1,2026-05-18 17:27:08,0
4c13ed07-90d2-4380-ac42-65f0bc201673,Very interesting,5,2026-05-18 16:21:22,0
728d6598-6f9d-4bb7-99bf-861e52c2a158,good,5,2026-05-18 15:38:52,0
6f65de7e-f108-4b66-a9d3-5c07154edc1d,Good,4,2026-05-18 15:31:24,0
7b15d6ef-0a84-4c28-94a6-3df931e51697,good market,5,2026-05-18 15:19:17,0
9166c3b4-be3f-4e01-a83f-f8cbd280db7d,what is wrong with this app?? when i enter other app it always suddenly enter to shopee and make my phone lagging ! it ruined my mood!!!,1,2026-05-18 15:08:27,1
5a7a4d59-7ebd-4dbd-9c1a-e46c7fa32c83,good,5,2026-05-18 14:29:22,0
e1b1b873-a3a4-4f40-9026-acf60d69b2f3,"So happy, got free shipping and self-collect.. Seller senang dirondeng☺️",5,2026-05-18 14:03:02,0
c2d3b8af-7a8e-4752-9bfc-78a167664a81,"lied about the daily coins ""7"" days having 1K coins",2,2026-05-18 14:01:33,0
361b8a7e-1add-42fb-be83-99a74e520e2f,Terlalu banyak iklan dan menggangu,1,2026-05-18 13:47:31,1
3ab6905c-4a07-44c7-a992-0c68915eb195,its too helpfully tq shopee😭,5,2026-05-18 13:40:08,0
77cd48c1-3231-4c90-a878-0aba679e7e9c,Awesome Apps,5,2026-05-18 13:09:44,0
f5bc5ee2-ca11-4406-9eda-8f8441fe5efc,good,5,2026-05-18 12:49:26,0
f8b72455-301b-41df-94be-3914367d141c,Nice app,5,2026-05-18 12:23:11,0
17065e24-2b68-477a-abf7-8a99c62f8900,Shopee one of the best online market place in Malaysia,5,2026-05-18 12:20:19,0
1471b4f2-63fa-4160-895b-88799a70bb21,app is glitchy and customer support cant do much. really gone downhill. as a seller and buyer,2,2026-05-18 12:11:20,0
987e041c-c032-489c-bc5e-048d1289b569,good n better,4,2026-05-18 11:56:26,0
38297b1c-a1c3-4a3e-83d9-5c607022dc9a,"App terbaiikk,sangat dipercayai dan recommended sangat",5,2026-05-18 11:38:44,0
ce2b311a-bf52-4c85-99d2-4b53c45da3fe,BEST APP IN THE WORLD ORDER SOMETHING THEY WILL GIVE LIKE THE PICTURE,5,2026-05-18 11:19:15,0
f84da7db-91f2-47bb-bd00-636304c73ff3,good👍👍👍👍👍,5,2026-05-18 11:15:55,0
f591898b-155d-4a51-9ba2-2208339c6377,good.. murah gila babui,5,2026-05-18 11:15:44,0
e869bb84-4c50-4020-8edd-b908ee25c339,Seller very responsible and friendly,5,2026-05-18 11:06:34,0
faffbeae-aa54-492c-8a16-072ced3c60fe,"The account already exists but was logged out before. When trying to log back in, Shopee suddenly asked for face verification. Since when is face scanning required just to log into Shopee? The account never even enabled face verification before, so why is it suddenly required now? Please improve the login system because it’s making things difficult even for the real account owners.",1,2026-05-18 10:57:43,6
481c71d9-0cdf-49f4-8974-32d32e797cb9,tq u,5,2026-05-18 10:44:06,0
0c0668e9-a9b9-413d-bf4d-dd25cca19b41,good,5,2026-05-18 09:39:12,0
5188c9ac-d03b-412a-8c69-57088afcf15c,Good apps to saver,5,2026-05-18 09:09:20,0
91268442-b238-43db-ad1a-b2ce9a6fab35,"hi ,i hope there are a lot of people who r able to see my review before downloading this app, i can say other than the bugs from using the app too much (it freezes), they do hv amazing coupons but what online shopping apps do not hv amazing coupons to attract their customers? i guess the most special ability shoppe have is the lack of security towards scam and the lack of their liability (assuming thats why they were ban from multiple countries because of it). if u want to try scammin ts 4 u ♥️",1,2026-05-18 08:39:29,0
3c27dcc1-ee0e-4b90-9562-afa7ccf731e8,Sedap laa,5,2026-05-18 06:04:57,0
ebee415f-bc0c-41e5-9827-a2ddff82a56d,Unexpected same day delivery even on Sunday,5,2026-05-18 05:57:44,0
a27bdc04-7939-4b4d-8bd9-4dd4dd905695,"Having issues with withdrawing from the Live & Video coin savings. Constantly getting the message that i cannot redeem the 1000 coins, now i'm up to 1400 coins stuck there... please help 🥲 then i'll change the rating to 5*. other than this, pretty smooth app, very good platform for shopping online. update: issue resolved 😁 very quick",5,2026-05-18 05:42:28,11
4c6c2a9d-4c45-45c8-98c1-2ac374d20383,best service,5,2026-05-18 04:49:57,0
87370611-ac40-4b70-9c07-e6947cad7dc0,Cancelling customers' orders without asking customers and biased cancellation.,1,2026-05-18 04:03:13,0
d85c025d-ff4c-4157-9ceb-1415c3afacc8,"account saya tidak dapat membeli disebabkan tiada penghantaran ke Sabah, sebelum ini ok saja,. apa yang terjadi ?",2,2026-05-18 03:54:20,0
49baaf4d-e27b-4e18-a5e0-5c272ae3d5ba,The best online app in malaysia! sentiasa update tetapi semakin baik app ini,5,2026-05-18 03:37:06,0
9800fba8-a65d-4345-b4db-635dc629db38,shopee very pour,1,2026-05-18 02:21:09,0
d3fb7a09-01bb-4a8f-b58b-f3f0fc7a0142,Awesome,4,2026-05-18 02:15:12,0
961aad4d-8512-4e44-8a1b-f6d27ec8c8a7,I am getting tired of your ads bro. I can't even watch movies calmly without your ads popping out of nowhere.,1,2026-05-18 02:11:37,5
296a13e4-44ad-4bbd-9824-5a49b776767f,best n certain brng order are yg ok are yg x ok.. tpi so far brng2 she order semua bail gud condition,5,2026-05-18 00:03:19,0
7f17c4e9-98c2-4fff-abbb-5e8cac74abc6,Shopee is the best among the best TERBAIKKKKK,5,2026-05-17 23:58:43,0
e7225539-4bae-478c-ad30-4dc0dfa0ac60,"SpayLater sudah dibayar ,tetapi akau disekat,saya bagi 1 bintang sajalah",1,2026-05-17 23:37:25,1
856dc600-9200-4c8a-89bb-6d94ab7beadc,terbaikkkk,5,2026-05-17 23:19:19,0
f8c737a8-2ebe-4388-9410-f6e77287d02f,"Since 2018, I am Shopee legend and I don't have any problems with Shopee..Keep flying high Shopee... Do the very best of you.",5,2026-05-17 19:14:10,0
3a9207b5-0bc6-4ed5-aa95-ea6abf8a31e6,good,4,2026-05-17 16:57:06,0
06a23b98-1875-4fe1-b809-1b8f40f62e07,bagus,5,2026-05-17 16:17:40,0
b7504357-d409-4325-8f52-f14ffe6ec9b2,sangat kecewa dengan pihak shopee... baru ni saya kena scam online tapi sikit pon pihak shopee tak berpihak pada saya... dengan ayat terbaik mereka (kami memohon maaf atas apa yang pihak tuan hadapi) sikit pn tak tolong saya untuk pembayaran timbal balik... malah guna collector team call hari2 tanpa ade rasa sikit lemah lembut dalam berturur,2,2026-05-17 15:59:04,0
0cf9ef80-6763-4a0a-bc8e-43421addc127,I hate the ads bro stop bothering people so much just show 2-3 times that's enough like why do you guys need to waste people's time so much bro plus the ads are so annoying because why are you trying to place a fake skip button and all of the ads are 1 minute long dude,1,2026-05-17 15:53:18,1
ffa60dea-d728-4f04-bdc5-6a76a8610320,"is sad , all the videos or ads showing sometimes is different than what's product is show's, ads sometimes is copyrighted from YouTube..and god the scammer why this is even a thing ..I got scam products like 8 time since 5 year ago",2,2026-05-17 15:46:37,0
8990d967-8266-49d5-937a-d03f1ca9ac42,Only allows a 30 day edit window for reviews. When item fails after and the seller isn't helpful you can't do anything about it.,1,2026-05-17 15:07:20,0
f8d34ee8-f19c-488f-8881-e3c21dd79852,Hi shopee,5,2026-05-17 15:01:36,0
b410f4c9-a827-4794-8806-7a40e3b8c59b,it is super nice ...,5,2026-05-17 14:59:01,0
98942803-9562-46b8-ab0a-e06cd361ebbb,gud,5,2026-05-17 14:58:11,0
24af1e96-98e5-40f3-9f89-0fcafa868b49,Good Service,5,2026-05-17 14:37:23,0
4f1458ce-3504-4bac-be9f-41f98b9865f2,Good service ⭐️⭐️⭐️⭐️⭐️,5,2026-05-17 14:17:49,0
0fcf5d4a-df2a-4fe6-b34e-d40db27d75a2,good,5,2026-05-17 14:04:59,0
3df16df5-5d46-4176-9445-beba2597ce63,until im rich🤑,5,2026-05-17 14:00:06,0
f320248f-6bd1-4ae4-8f86-3de7fb19d02f,"Terrible experiences with seller named ""MiuPetShop"" from shopee Malaysia. Disappointed with Shopee MY especially how they control seller's quality! Worst seller selling expired products. The strict refund process makes it difficult for buyers to prevent them from receiving their refunds even already provided evidencethe products are expired especially kids skincare. Highly advised that should have deep considerations if you wants to purchase kids products or high cost products via shopee MY",1,2026-05-17 13:45:16,2
7bc2c459-8fb3-4d00-aabd-662920ff408b,the best online shoppe with free delivery and spay later,5,2026-05-17 13:22:27,0
7665d4cb-e609-421d-bae3-769b04220f63,best online shopping app ever,5,2026-05-17 13:18:44,0
927c6f9f-08fb-4d55-8a9a-6d0f95603cea,worst shopping search function ever,1,2026-05-17 13:12:20,0
e8c9fadb-3424-419c-9494-9c0233dcf8bb,best,5,2026-05-17 11:08:54,0
eb665e69-2ea0-4071-bbe7-9df302596e39,I hate it and why not,1,2026-05-17 10:52:40,0
e3709ebb-9616-4f5f-aed2-61ff4e097395,Very good apps for ordering and shopping many things available,5,2026-05-17 10:34:09,0
3cb5673a-0a02-4de2-8037-638fe4f3c863,Give us back the option to choose couriers.. J&T is sucks..,5,2026-05-17 10:23:07,0
ac3d50ff-480f-45bc-ab38-76e43e5bfca2,veeeryyy good app,5,2026-05-17 10:12:54,0
51a600c0-42c8-44e7-b5fc-ed6d3375f2e4,nice,5,2026-05-17 09:46:13,0
f76c393b-59f5-4e4e-aee9-2af8995bc881,terbaik menguntungkan,5,2026-05-17 09:34:29,0
2ec431bc-1428-41a7-a097-5335343e8677,nice,5,2026-05-17 09:17:32,0
1c5ccc45-1fad-4d40-ae11-601d8e907d93,I already paid my food using your jom rebut deals and then it said I need to redeem it but then again when I try to checkout it goes error code K05 wth,2,2026-05-17 09:13:23,0
8a1ca45b-1329-41c8-a550-e368690ec05e,👍🏼,5,2026-05-17 08:20:35,0
4b08b4ca-18f3-46a7-bec7-1ad849ca8c31,S doog,5,2026-05-17 07:57:52,0
cba45627-67a9-4d77-9a14-43ed74e783e2,postage makin mahal,1,2026-05-17 07:27:39,0
b8c7bf59-ff65-43c9-8240-efe9e649458f,When i trying to play a game shopee ads keep making me lose the match,1,2026-05-17 07:11:01,0
70c6b5d2-9a28-4256-9cb1-43e639873782,👍 Good,5,2026-05-17 07:00:48,0
eb81e336-5500-47bd-8749-867f11865561,rate only for shopee food. i don't like that i cannot chat with the shop. the waiting time takes too long.,2,2026-05-17 06:37:28,0
f9c3c252-1109-48e3-8257-70a014928dfa,barang lebih murah jika dibandingkan dengan apps jualan yang lain. tq shoppe..,5,2026-05-17 06:02:14,0
17d6a9df-3fee-483f-848c-a0a0d4011c94,good 👍🏻,5,2026-05-17 05:57:22,0
d35bd159-3e86-4465-9db8-d6f6bd96e954,"anytime anywhere got shopee's ad, always bring me to shopee app,annoying",1,2026-05-17 04:56:27,1
5e29ee94-2a8a-465e-a2d1-5a826caffe26,"kurier lembab, 👎🏻",1,2026-05-17 04:54:47,0
b6038caa-dd56-4f9d-a459-9b017972d57f,shopee ni tak best dia ni buat iklan je!!!😤😠😠😡😡😡🤬,1,2026-05-17 04:53:32,1
0b4b0337-3d44-4d19-b3f3-dea4d1028307,"nice ,bought many free stuff ,got alot discounts",5,2026-05-17 04:45:58,0
fce025da-ba50-4fe2-bd1f-9aca3a67623b,best one for shopping,5,2026-05-17 04:33:14,0
5319779e-9aad-4fae-9086-886ea928ea87,Life saver. Best app.,5,2026-05-17 04:28:00,0
a8ba04a5-656e-4150-8d9e-bd8e35254aaa,"already order item from seller, suddenly he cancelled my order, I order in 14 may when that item already in stock, suddenly in 16 may he cancel my order, waste my coupon for nothing, shopee didn't do anything about it, worse experience I've got from this company.",1,2026-05-17 03:48:41,0
884893ea-f727-4f0b-843b-0b6a5848ba91,Good,5,2026-05-17 03:44:53,0
77cf5106-dce2-40ba-ab1a-e167132d36c7,bagus,5,2026-05-17 03:15:15,0
0ed72875-0914-4290-a38b-47411e48601b,I like and always order things on Shopee.,5,2026-05-17 03:14:35,0
5ea044d6-7363-42ba-8ef2-29e3e36ba4bf,peak,5,2026-05-17 03:11:43,0
a7a0149b-176c-4d79-8eb1-cec6a9ebdf7a,good,5,2026-05-17 03:00:21,0
a23205c8-32a8-4558-a03c-97ac7ac98f10,Now i see shopee apps have improvement,5,2026-05-17 02:33:40,0
3aea7336-c08d-42e4-a2af-a3cfd0bb9b0c,"No shipping option.. beli awal bulan, barang sampai pertengahan bulan. Shopee Express is a very slow services. Then this apps keeps crashing and lagging even i already cleared background apps, clear cache and restart phone.",5,2026-05-17 02:17:44,3
67e8760b-524a-4fd5-b30e-7f4ac8fe3cf6,Tekan spaylater terus paksa orang 'shop now ' .. tak mau bagi orang bayar hutang ke?? MCB,2,2026-05-17 00:41:05,0
9537c60b-6e81-4d99-93d6-1812fbe8f40b,"Shop smarter with the Alibaba B2B App! Explore millions of products, connect with global suppliers, and unlock great in-app deals today!",4,2026-05-16 23:31:46,0
ced0cd4e-4add-466e-9c12-3c8889af2e40,well done 🎉,5,2026-05-16 22:57:34,0
4a3dfe16-dc58-45b3-9be5-6cc00b423b75,services slow,5,2026-05-16 21:46:12,0
54c22986-3001-4b46-8727-99f1ff97e984,murah lg jimat,5,2026-05-16 20:50:55,0
d1f4d8a1-477e-4feb-b85e-8139a55083a1,shopee kedekut coins.,1,2026-05-16 17:53:27,0
339c544e-c79f-4028-8286-73bf6c7e350b,very easy to shopping,5,2026-05-16 16:57:21,0
6dfe50ab-4fba-4ec5-8ee6-8dfe3ee4140e,tak boleh unlink detail n ic dekat akaun lame yg dh delete..,1,2026-05-16 16:35:03,0
59e520eb-7919-4768-81a6-ed8cc78fcb82,mantap,5,2026-05-16 15:25:43,0
acdc09da-e0e1-4cdb-a967-f4b3043d9846,"great products, great service both shopee & seller... recommended.",5,2026-05-16 14:52:56,0
04e6eb69-e328-4a09-b829-4d0d2ab67563,Urusan refund smpai terpaksa melalui KPDN. Punya la tahan duit org BUKAN 5-7 hari bekerja tapi hampir 14 hari bekerja. Mujur KPDN tolong kalau x mmg jgn harap dapat balik duit kita dlm tempoh 14 hari bekerja.,1,2026-05-16 14:37:25,0
1534978b-9e2e-4905-99e4-2ce43a354272,this apps terribly lagging. not worth any star,1,2026-05-16 14:22:09,0
b98665dc-62ad-4e69-8914-42d8d7112b83,mmg terbaik,5,2026-05-16 14:04:50,0
dfb334f8-b3fd-44d5-a9bc-dbbc970b56a4,app is good,5,2026-05-16 14:04:36,0
af151393-9046-4d1c-bf3b-30d18ac2b528,love sangat,5,2026-05-16 13:51:28,0
c393f40c-925c-4bfe-9211-9c3265aa1d1e,senang dan memenuhi keinginan.terima kasih kerana ada shopee ♥️,5,2026-05-16 13:20:40,0
78e5b1de-6e86-4a00-badd-0e6f27a2776d,Dah selalu guna.sekali dpt email kata nak delete akaun.😢,4,2026-05-16 12:48:09,0
72993d89-03d0-46d6-a4d0-d99016ccf5d5,very bad app....account band,1,2026-05-16 12:25:04,0
f531ad41-bf56-42c0-820d-f3ce11ec1d5b,like+5,5,2026-05-16 11:58:36,0
0dc84661-9cb5-421a-8f9d-4241307fb853,awesome,5,2026-05-16 11:56:49,0
526dd8b3-898b-4a8d-b3b6-44ad60095479,VERY PROFESSIONAL. KEEP IT UP! 👍🏻,5,2026-05-16 11:54:46,0
91087678-01d4-43fd-8f3f-1dcbc1105c57,Ok,5,2026-05-16 11:17:00,0
9cf851bc-259c-498b-8a5a-b0a440f280f4,Great to easily find what you are looking for.,5,2026-05-16 11:00:40,0
3078ae18-b2dc-42bb-b899-b82e2cf0e66e,"I fid a return and refund procedure via SPX. But the SPX refuse to do the return as they claim theirs is only a collection point. But in the procedure via SPX, it states the centre will help. Looks like that is not true.",1,2026-05-16 10:59:25,0
58838159-877b-4639-8100-7741220dfa21,kalau nak beli barang kt sini senang je,5,2026-05-16 10:57:04,0
e463c3a6-2d8a-4163-a350-1b4f446d8aaf,good,5,2026-05-16 10:50:12,0
4221b0df-85e6-468e-a21e-635ec844e1e2,good,5,2026-05-16 10:46:49,0
75cf7764-a64d-4857-9893-3de65160da14,Shopee is the best online store.,5,2026-05-16 10:43:43,0
e0364f8b-173f-49ca-8991-8aae8b0fad3e,"Nice to use, but u hope they can add tng pay so I don't need to connect with my tng card",5,2026-05-16 10:41:36,0
bba7abfa-807c-4677-ac5e-6eb9096defc6,satisfaction,5,2026-05-16 10:40:17,0
9114c14b-71a4-4b84-ab32-1d789fab7bc9,Very good...,5,2026-05-16 10:36:07,0
4d1ea22f-72cc-442b-8802-1e8c51a601e0,"My shopping experience was very satisfying. The item arrived safely and the packaging was neat. Delivery was also faster than expected. The seller was easy to deal with and gave clear updates. Overall, I’m very satisfied 5/5🌟",5,2026-05-16 10:27:53,1
de21c763-dde1-43bd-8bfd-a8ac1eb64141,Very much discount for new users.Keep it up.the best shipping app,5,2026-05-16 09:54:55,0
6d14ac67-371b-421f-9abd-abc66f83b91f,ok,5,2026-05-16 09:52:37,0
3c9452fc-2901-4786-8e64-90efde482e61,good and easy refund,5,2026-05-16 09:41:36,0
ced757f9-8e64-4550-9698-8073223f7165,Mantap!!!,5,2026-05-16 09:27:42,0
0bad389a-6922-4554-9f40-ccbaabbfb020,best app in Malaysia,5,2026-05-16 09:07:47,0
1a278ab3-1e0d-4925-8e3f-285403787fea,"Really great app but the algorithm sucks soemtime, it dosent have the block seller or block product thing and you may get reccomended 18+ explicit stuffs but other than that its great app for online shopping",4,2026-05-16 08:53:06,2
30cf603c-9cbe-4dd4-8d99-9551ecba7242,ONLINE SHOPPING TERBAIK. Highly recommended !!,5,2026-05-16 08:49:29,0
aa815f60-3139-46fe-bb71-9c62963bf974,Selamat ari gawai,5,2026-05-16 08:42:56,0
19966dfb-9aaf-465d-8a37-bee987f0f31c,"Shopee is a convenient online shopping platform with a wide variety of products at affordable prices. The app is easy to use, and I like how it provides many discounts, vouchers, and free shipping promotions. The payment and tracking system also make shopping more secure and organized. In addition, customer reviews help buyers make better purchasing decisions. Overall, Shopee is a reliable and enjoyable platform for online shopping.",5,2026-05-16 08:41:51,8
3512d433-812a-43db-acfc-94f5108e906c,shopee memang terbaik 🤩 amazing,5,2026-05-16 07:30:58,0
2420cf53-91f2-4173-8621-94afe975c833,nice,5,2026-05-16 07:29:15,0
27100a94-1272-45b9-afab-7c34dd2c12f2,worst app,1,2026-05-16 07:10:44,0
5f40d049-e959-4fec-9cbd-71ce82a21a36,"Heavy load,slow loading too many process to open app,disturbing videos,unrelevant small icon appear on side panel,just too modern too many to skip and exit..",1,2026-05-16 06:35:08,0
43524861-8dc8-4b1d-bd85-94b24094f026,good for Malaysian people for buy any thing very cheap,5,2026-05-16 06:23:20,0
e931dfcd-5eab-41fc-a365-213123812993,Terlalu banyak iklan ketika bermain game dan ketika saya bermain game membuat handphone saya menjadi lag dan panas,1,2026-05-16 06:14:56,0
5f6d9ac8-edf0-46a9-9a78-5fb6814ba0b2,ok,5,2026-05-16 06:13:11,0
b8dc07d7-5359-4048-8920-4ceb7c7487f0,okayy jee,5,2026-05-16 05:50:58,0
f62ec212-24f3-47c5-81d0-ad6a0e5a5dd0,ok,5,2026-05-16 04:59:34,0
b35bf9a5-8669-4192-90ae-3bdc9a0cb88d,":;unaccurate product search, always ""No product found"" and the filters also useless, tried select any at the filter section yet still the ""No product found"" appeared🙄",2,2026-05-16 04:37:08,0
bfee12c1-cf1c-4c7a-851d-afaa6a726fc9,It's really good for shopping,5,2026-05-16 03:54:30,0
567c353e-5330-4972-8679-e72f3a2d3eca,good,5,2026-05-16 03:48:42,0
7de5257b-9294-4c91-b2e9-8554ad9e28bd,Platform shopping kegemaran saya.,5,2026-05-16 03:45:36,0
dfcc1b62-5003-4020-9772-14a2ee5dcd38,Good Service For Customer,5,2026-05-16 02:57:00,0
055e1b09-a1ae-482f-8410-eec403a1df18,"Kenapa ada product yang tunjuk harga lain pada awal. Bila buka page, harga berubah meningkat? Ini taktik scammy.",1,2026-05-16 02:46:14,1
e7a15128-ec10-44fb-95ad-195ad999da41,Best online Shop so far,5,2026-05-16 02:28:04,0
f402a7c3-b0ea-45db-8f09-c96aad0d32c6,Stop giving false hope. After checking in for 7day can get up to 100 coins. But all I get is 1. Just say directly that you can only give 1 coin everyday 🙄,3,2026-05-16 01:56:48,0
44040968-b6eb-4c01-a359-6edac04469e0,very cheap,5,2026-05-16 01:48:51,0
0cfda45b-487f-4609-8606-67ee1207dceb,"Keep losing my points and coins for unknown reason, tho the expiry date still way further, and out of sudden said that im using this coin for bubble history, which is never happen at all. When want to talk to CS, always got the bots , not a real person, and if got the real person.. didnt understand what customer required from them. Already complaint too many times and i keep losing my coin }:( And again, gave review to product just bought with video and photo didn't received any coin",1,2026-05-16 01:32:09,11
80c274d8-e140-4485-9fc5-5cab32f76c72,not gonna give 5 star since you restrict my account for no reason.. when I pay late a bit spaylater due financially problem.. but when next twon month I pay in advance to finish yet the restriction are not release..,1,2026-05-16 00:30:54,0
d177706c-4194-418b-b489-9726a8c689de,simple and easy shopping form home,5,2026-05-15 23:46:36,0
06d69474-a692-4290-bd3d-f19f59c3adcb,very nice,5,2026-05-15 23:27:28,0
e8d242df-3eb0-4251-8b55-00b5fa9b047d,"use voucher to attract user but u will nvr able to use the voucher. even my item , payment method and spending amount all ok but still cant use. lapsap",1,2026-05-15 23:23:43,0
41a4af4b-25bf-4395-84ad-14897fcdf4dd,good apps,5,2026-05-15 22:39:20,1
290e4e52-d0e0-463f-a05e-c08d0912f12b,"bad, very very bad. even customer service is lying, said item has been processed but showed in record no. shopee express also very greedy, can't do job just pass to other reliable courier. shopeevip is just ridiculous. got vouchers so many and automatically during trial, when pay for real, no vouchers, always fully redeemed, not automatically as before. when just trying to renew, no price shown, how to pay? so many issue, so bad, worst. bankrupt.",1,2026-05-15 20:41:56,1
c4323ba7-ffa1-45ce-82a9-50275019daa4,"lately my parcels are arriving late. slow updates even when ive contacted an agent multiple times. one even got cancelled and returned to seller before it even got to my country because supposedly no one came to pick it up. even once before when i ordered cod, the courier didnt even try to contact me to let him know hes outside. he only drove off and texted AFTER he said no one came out to pay. how was i supposed to hear from the inside?",2,2026-05-15 20:32:08,0
c367a334-268b-4629-b45e-0cff6010d6bc,mantakk ah shopee.. i like it,5,2026-05-15 19:25:35,0
bdfac057-cf79-45f5-b7e8-219075e34da9,This is the best apps & the best team buy online so far. Thanks All Team Shopee!!,5,2026-05-15 19:13:25,0
1e91fe7b-c7a8-4a9c-a173-3a3b2ab13abc,varee good 👍,5,2026-05-15 17:49:00,0
a7883251-f68a-41e7-99d9-21d2a2527e03,"The apps is getting worse and worse after each update. Everytime it is updated, the apps getting terribly slow. And please stop from playing the video straight away when open the apps.",1,2026-05-15 17:39:21,0
902560ab-7796-4cd8-8232-4a9f0b7e335e,good app with many discounts,5,2026-05-15 16:43:43,0
16056cd6-aaae-4248-a987-72f406e676f9,Routed my item to Sarawak when the address I keyed in for the item to be delivered is in KL. Item was supposed to be Next Day Delivery. Asked cust support to refund the item the person said item is in sorting center when the info I got is it departed from the sorting center. Overall disappointing experience and all I get is a rm5 discount voucher :) won't be using the app again. Don't even bother replying to my review if you're just going to copy paste your reply that just shows how bad you are,1,2026-05-15 16:40:46,8
1af16bdc-53ef-4c41-b3ce-074c0323fc77,useful,5,2026-05-15 16:24:30,0
d12173bb-c28c-45d6-a91d-fb3b05993ee2,bad priority customer service. platinum user raised issue on account since 14th may but no reply until now. applied shopee vip but unable to claim any voucher and showed am not subscriber . even daily voucher also cannot claim. then what is the membership use for.,1,2026-05-15 16:21:31,0
db8f30f3-0e36-4c43-bdc6-33af6fbf4098,"Your ads should be illegal because redirecting people is stupid. also don't advertise your app even when the user has it and I know that is hard to implement you are rich, you no rights to make excuses",1,2026-05-15 16:19:03,0
8b67a74d-47f5-48b5-8080-764a76aa54a6,Good,5,2026-05-15 15:44:24,0
7c2dbf38-28ad-4364-8a6e-faadb344601b,I was playing a game until I got this ad and my game froze until I realized I lost my hard work:(,1,2026-05-15 14:53:26,1
2ff3c7c0-5833-4d6d-ba8e-a51088d0a5f0,good shopping platform,5,2026-05-15 14:46:13,0
f14b4b5a-0876-404e-b830-50e4da737a51,i don't know la why shopee bug,3,2026-05-15 14:29:31,0
9471a30c-4fd3-43c6-ae7d-99a1bb3ef037,trusted platform. easy to deal with any return or delivery issues. my go to place to buy anything. I love the way the auto discounts are added. so easy to check out and save.,5,2026-05-15 14:26:25,3
64bb5b1e-358e-40c9-b838-74c33928b012,"shopee food experience - if you want to have your dinner before 10PM , you better order your food in morning 10AM",1,2026-05-15 14:13:10,0
42458206-872a-41ae-9100-8c6da9100068,买东西时偶尔会出现各种错误，平台处理速度有待加强。另外就是打游戏时常遇到shoppee 广告，按打叉它直接跳进shoppee 页面，差点气得删掉软件了,3,2026-05-15 13:40:26,0
9f6bbb3d-8873-4221-a750-123d87af0f01,Been using this platform for my main online purchases. But recently my account suddenly lost and unable to claim all platform vouchers. This render my shopee purchases to be more expensive than other platform because i don't get any vouchers and discount at all. Did shopee blacklist me?,1,2026-05-15 13:30:06,0
393a696f-263a-47df-aa6d-09a34a3dc9a6,lot of varieties and easy to search. so far I am very satisfied and used this platform more than other online platform,5,2026-05-15 12:53:18,0
402185f5-dd4a-4602-bfa3-678d330486c5,After update search keep showing results not related to keywords.,1,2026-05-15 12:36:59,4
d8280302-2b66-4127-8857-510c2e90adf9,"I'm changing the stars from 5 to 1 because of how aggressive Shopee ads are in other apps. unlike other apps' pop up advertisements, shopee ones are really annoying, it keeps popping up multiple times every time it appears and the close button is misleading! It keeps forcing you to click on the shopee app even though you're using other apps. Other apps advertisement do this too but not as aggressive and as dishonest as shopee!",1,2026-05-15 11:44:33,5
cd6bd9e9-48bb-4e06-a8a7-c383bd7e9629,Very nice and easy to use.,5,2026-05-15 11:39:39,1
8c84dc00-c77f-4466-af8c-62472a9301aa,good,5,2026-05-15 11:17:31,0
22216de1-5d22-4d21-9337-58082f89c2c3,"SPX express courier rider made a fake image proof in the tracking, but Shopee Malaysia never took action..Shopee AI chat and customer service agents also lied to customers based on incorrect information given by SPX rider..This matter needs to be taken seriously regarding the transparency of the rider in delivering, instead of blaming the customer if they cannot deliver the goods on time.SPX cawangan kuching sarawak",1,2026-05-15 11:12:26,11
ce063cfb-7b9f-4451-a6a8-95d00ae18a53,removed 3pm and 5pm 99% off voucher which was easy to use and just added 7pm 99% off voucher which has limited redemptions and is gone before a minute passes...,1,2026-05-15 11:02:24,0
0319f24f-7e44-4455-be07-4518b7022be8,best,5,2026-05-15 11:01:58,0
7c9e3466-60c0-417f-aeda-136f2bdd457f,lambat bayar sebulan kena potong limit,3,2026-05-15 10:48:16,0
c93d0640-80bb-4ad5-b7fa-10c106aef91d,a lot of fake goods from seller. no quality control.,1,2026-05-15 09:56:51,0
f0f0e3e9-ebdb-46be-b149-d4612495b67a,i order shopeefood with deals free delivery but shopee change from delivery to pickup and now i cant get my food because how i have to go pickup? if need pickup i not orderlah siao stupid shopee,1,2026-05-15 09:02:23,0
6dc7ff22-4e33-4a47-bcd3-d3c29a65eaf1,too much ads.. everytime i open the app the shopee ads keeps popping up everytime,1,2026-05-15 08:41:10,1
3ba55046-d99c-4e8d-9160-d98e7a2ef7dd,Shoppee was the best online shop just click and pay then they will deliver infront of ur door. 😂I love it also when there's a problem about refund or seller they act so fast.,5,2026-05-15 08:40:20,0
2afb62d1-fd86-4bd4-a2a2-d7981eddbc2b,"hi , please fix the bugs i couldn't check out because it keeps saying that there's been an update on the product info, it's been two days . I need the stuff",1,2026-05-15 08:17:09,0
c7289d20-5c18-40c5-9db8-ccfe4fc4911e,saya sgt2 suka shopee❤️ tq ... sye bgi 🌟🌟🌟🌟🌟,5,2026-05-15 07:49:41,1
cedc8b17-c7e9-43c7-b5e6-6dd07bd24f83,good,5,2026-05-15 07:39:42,0
853d6da4-9383-4b2d-a3c0-2fb003a5059e,sangat bagus dan berguna utk semua. cuma rendahkan sikit harga shipping.,5,2026-05-15 07:24:10,0
5159c0fc-991e-4fcf-bacb-8738bd46af6e,Trash customer service 🫩,1,2026-05-15 07:14:44,0
91a08254-677c-41d8-babe-e93cb1273cae,excellent,5,2026-05-15 07:11:26,0
48f6fdc9-8961-48d5-9ce7-cf45f630050c,Nice,5,2026-05-15 06:59:40,0
272b0d59-1acc-471d-9111-e53338258623,👍,5,2026-05-15 05:56:18,0
9173f74a-9768-43da-9340-51a5409fd9d0,this app is ok itself but a lot of scams and scum. must evaluate their interface too since its quite laggy not sure if its my problem. clarity is not clear when it comes to marketing. fix it.,2,2026-05-15 05:32:13,0
117281d8-38e0-4279-9cef-954198c5261c,"shopee is the best app in malaysia , have s pay and s financial and price crazy low than other apps , will full support shopee ( best recommend shopee app )",5,2026-05-15 05:28:06,0
2e5343a6-b791-407c-8d57-a8c543143bf9,satisfied,5,2026-05-15 05:23:30,0
00eca44b-62c4-4f7e-a666-0bb52e757e11,Happy and excited,5,2026-05-15 04:09:27,0
7534b245-fe2d-4789-a6ad-4c116381b431,Hold my parcel at their warehouse and ask me to other another one and the price increase. Disappointed. We must chase them for our parcel,1,2026-05-15 04:00:18,0
451cbd76-1e39-4d26-bf25-d315978a3f86,"the ads is killing me, why your ads has to auto open shopee when a shopee ads show? one time I lost all of my work bc of this I'm done It's so annoying.",1,2026-05-15 03:49:59,0
262dcdb9-76cd-44ac-b801-7773b97d64c3,"app for scammers , seller can send you anything broken fake or even doesn't send nothing like what happened to me and if u ask for cancel or refund seller can just say no easy and you don't have nothing to do , also if you try to talk with live agent like I did the live agent she said she will do investigation after two minutes she said I see that u apply for cancel order , no help no results total scammer app and not first time they do that but it's end for I deleted this scam app",1,2026-05-15 03:49:06,0
76f4762b-567b-4210-8b47-98eb8e7758cf,"time hari2 banyak discount macam double digit, mid month sale dgn payday sale selalu crash. nak claim voucher pun tak boleh. pastu asyik stuck je. yg peliknya kat iphone boleh",2,2026-05-15 03:46:26,0
91100fb5-202f-4137-b725-1363ab6f22de,"when im searching something amd press search this xioami keep showing up please remove it, it drive me crazy",1,2026-05-15 03:37:58,0
405f827b-a2ba-4af4-8c4e-cecf5a5f7eb0,sangat bguss,5,2026-05-15 03:20:34,0
09d409ca-ffaa-4939-a0bb-f184ebdaf089,good,5,2026-05-15 02:44:57,0
2c76755b-f5f0-4ef2-ade7-7252feebe743,Good,5,2026-05-15 02:10:24,0
490a4d57-fb0b-4fc2-ad81-df6fc7b61166,terbaik👍🏻✌🏻,5,2026-05-15 02:04:54,0
235d17fa-4efd-4cbe-aded-b177a2425b01,Best online shopping app in the world,5,2026-05-15 01:45:05,0
8c55df23-9971-484f-b034-60912c376f06,i'm satisfied with using shopee,5,2026-05-15 01:18:25,1
038ee061-76a8-4553-ad74-467cdf2b195a,nice,4,2026-05-14 18:23:57,1
743fb9ac-db21-46a9-bba1-065499280e6d,very good,5,2026-05-14 17:56:52,0
2a289d49-7560-4dbf-8af5-c3a60f580539,"app stuck at loading... cannot open more items. useless have to open on desktop to view, fix your app!!!",1,2026-05-14 17:51:35,4
340fcb1b-bd64-4f8f-840d-d76d0ba0b62a,buatlah pembaharuan dalam kaedah pembayaran supaya touch n go e-wallat dapat diakses dan memudahkan lagi cara pembayaran dan dapat menjimatkan masa pembeli.. satu lagi banyak iklan ads dan kerap naik setiap kali buka apps lain.. babi sungguh laaaaa,1,2026-05-14 17:38:30,3
6594cb17-b6a5-4963-83ad-4de96cd3b7ad,terrible ads. worse. it's getting on my nerves. ANNOYING,1,2026-05-14 17:06:19,0
ed6cb739-60a9-4b99-8e6e-739f69f6d0a9,"newest update is really bad, always got the order update notification although it was an old order that had already been delivered",1,2026-05-14 16:50:19,1
18163156-52fb-4da5-8feb-041c02a912f7,Good experience with Shoppe.,5,2026-05-14 16:26:41,0
1fd41b14-4725-4d74-8723-c3c0046921b3,mantapppp,5,2026-05-14 15:59:48,0
d121f9a8-1299-4b5c-a20e-ea11afeb7031,kurang ajar dia punya sound😵‍💫,4,2026-05-14 15:59:28,0
aa472e7d-ad17-43aa-8946-e39aff607afe,Free shipping cannot be use!!,5,2026-05-14 15:55:38,0
37bf55da-bbb1-4974-a0ce-d3742e4486f8,System down during sales. Provide vouchers but can't be use...after one seconds all burned and fully used.,2,2026-05-14 15:48:05,2
22be008c-8b11-4324-bac6-fb0f03e4d8dd,mengecewakan,1,2026-05-14 13:57:02,0
1575c173-0038-4fea-bba1-92d67b5e4e36,👍,5,2026-05-14 13:54:54,0
043ee10a-a599-48e4-bbc9-82dc26eeaf46,Very good. so far all purchases are genuine product with responsible seller. App easy to navigate and assistance with any purchases resolved very quickly.,5,2026-05-14 13:30:27,0
f782e0bb-ba4e-4132-a660-cb72d142de66,"barang selalu kena tunda... malas betul.. ni bukan kali pertama mcm ni tapi banyak kali dh asyik kena tunda sampai sampai kena return balik sma seller.. begini ka shopee Handel?? yang rugi seller jugak, nanti seller salahkan customer pdhl yang Salah yang tukang hantar... pls la barang expect sampai dekat tangan ni asyik kena tunda sampai alam jadah nak kena tunggu?",1,2026-05-14 12:40:09,0
46f41122-acea-4f62-b9f9-92f6f31abd85,This is the first ecommerce store I used to buying goods and stuff online before PKP until now. Worth to buy with many kind of vouchers and discount especially on double date and earn more with sharing the product to others. Thank you so much Shopee 🙏 great work.,5,2026-05-14 12:36:16,0
b17c1743-6605-4f9b-87d7-2d434fd11d0e,"user friendly app, reasonable priced wide range products",5,2026-05-14 12:20:21,0
8e7dc81d-0687-4513-b682-bd87ea3da0d9,"mudah, harga murah, banyr ak vouchers especially shoppefood, and sesuai bagi pelajayr yang nak berjimat",5,2026-05-14 11:58:31,1
eb18ab9c-75fe-4e9a-9294-01013a625d79,best shopping platform,5,2026-05-14 11:57:01,0
223bf611-093e-41e4-b679-dc2d2c94c261,Baik,5,2026-05-14 11:50:38,0
21e37e69-fe36-41fa-98ec-817ee0c00f0f,"i hate when pricing not show full price, instead show spaylater x3. please allow me to shop with peace and create toggle show full price or not",1,2026-05-14 11:24:50,0
23ec3c5e-c2d6-4306-b343-77ccdd142131,nice apps for shoping,5,2026-05-14 11:14:08,0
ef9d9bc5-ae25-4198-94b0-9016d040df07,Good,5,2026-05-14 10:55:37,0
43b54c60-0621-4e73-9191-410e2c8df414,good,5,2026-05-14 10:44:13,0
ce3ea876-0cc1-4996-8703-28e6e566d0e3,nice,5,2026-05-14 09:20:32,0
e0b41db2-6a01-400b-a727-bf66a57a8760,firstly tolong please jangan bahagian customer service ai cakap apapon dia ulang balik je. second fix pricing kat luar tulis 1000 maybe 2000 kat dalam rupanya tu shopee pay later every3 month.kadang kedai scam barang sampai bende lain. jumpa kedai barang lain tapi gambar lain. thirdly kedai buat pre order dah lah tak bagi Tau anggaran harga barang ada kedai pre order sampai 999 999 bende apa tu tolong ada org check quality check. nak complain pon tak muat haduhai,1,2026-05-14 09:04:03,1
6a72bb60-1bba-46f1-8da5-2b6a416d4886,best,5,2026-05-14 08:36:38,0
cce4aa62-5929-4ab1-b320-69ab80586118,Good,5,2026-05-14 08:25:26,0
c7daa1cc-2a32-48e0-87df-3a4048135269,ramai scam,2,2026-05-14 07:48:14,0
98169916-587b-4861-97de-28f3b5b0f48b,"Perkhidmatan Shopee sangat memuaskan, terima kasih",5,2026-05-14 07:44:15,0
cfbdee2b-15df-4f47-a269-52aea8bca45a,Good,5,2026-05-14 07:43:51,0
af773f6f-5ab3-4841-9211-266deccc3f10,Extremely annoyed by the constant Shopee ads popping up in other games. It's too much and makes me want to uninstall the app. Please fix your intrusive advertising strategy.,1,2026-05-14 07:38:33,0
3b36abe4-28d7-4b01-a275-0c335364c87e,good to buy this platform,5,2026-05-14 07:30:12,0
70ddd909-cea7-40d2-9b9b-b55c43b97e41,always trusted online shopping!!,5,2026-05-14 07:05:37,0
94047767-6e24-400b-932c-73b630519e2d,Lately the order updates notification didn't show the items i just ordered.,3,2026-05-14 07:03:36,4
94560cb5-88ea-473a-a13d-a2ee35881bff,ok,5,2026-05-14 07:01:41,0
63278fff-17a1-4018-89b0-47ced8199278,good,5,2026-05-14 06:58:59,0
2ddf7b85-95ed-4953-8617-cfbb21108340,"Scam of an app, returned parcel to the centre for refund and the centre scanned the barcode and generated the airway bill! But system did not record it and shopee does not care even though it is the app's fault! Even though the value of the parcel is not a lot, it's still my hard-earned money! Don't put out that option for refunds if your app has bugs!!",1,2026-05-14 06:49:51,121
db1979c3-70ed-4bbb-861d-7db0c511e394,yaa it's good and genuine,5,2026-05-14 03:47:59,0
76080b50-ee55-49ac-a052-bdbc26bab6c3,"too much redirection from other apps or ads, this makes me feel unsafe",1,2026-05-14 03:34:47,0
8ed26a2c-82b1-4ba4-9861-5540622731c3,Enjoy shopping,5,2026-05-14 02:56:04,0
e123a78f-cd97-4322-aefe-5598fb61b5cd,Terbaik,5,2026-05-14 02:18:24,0
e8c29e88-8809-4ff8-ba66-7985646d6fd6,"seronok membeli di shopee sebab delivery on time, cepat dan pantas. Banyak pilihan seller dan products.",5,2026-05-14 01:35:09,0
f2e146e0-ea29-4263-8741-066b5e110c78,platform membeli belah yg terbaik,5,2026-05-14 00:40:35,0
ed5a8225-a7e1-468f-92ce-b252791e0bd1,nice only no TNG walker pay,5,2026-05-13 21:37:20,0
f798bec2-422d-45b4-aa0a-f667251f73fe,very good,5,2026-05-13 17:23:46,1
e25ec722-6f79-454c-9ffd-6769ce650fe0,Good experience,5,2026-05-13 16:58:26,0
646fc280-d147-4c18-8409-8add6b2e0671,"Fail to claim Shopee coin, prompt message try again, but still fail to claim. 14-5-26, the way of marketing is bad, keep pop out shopee ads in anywhere.",1,2026-05-13 16:12:39,0
679a20d5-0fe1-424e-b46d-0f53ac6b5281,"how many years does it take to wait for : 1. ""not interested"" button 2. report on misleading product videos 3. upgraded algo. keep shoving same things over my feed. search result came out with unrelated results.",1,2026-05-13 16:04:42,1
b83b65cf-0087-480a-9fb7-c2e265426f2b,Shopee Express Problem: Tamak sangat nak kaut semua kt dia. Last2 xboleh nak handle jugak.,4,2026-05-13 15:54:25,1
e18bb040-4a4a-448c-b7e3-f2be41b6ad1e,mantap Pak abu,5,2026-05-13 15:39:32,0
753ecf8d-5c47-40ac-a27b-9cf0185841ea,👍 👍 👍 👍,5,2026-05-13 14:37:04,0
378f8f56-d5c4-4448-a00d-098149905c0c,good,5,2026-05-13 14:15:44,0
b189b391-8786-46d4-8806-64041b8a86bb,easy me,5,2026-05-13 14:14:05,0
37e7f33a-0484-470a-b480-9a9f2a6abf6b,good,5,2026-05-13 13:41:10,0
87db2366-4a5c-45cb-88cd-2fd2330f20d6,kain yg terbaek lembut👍👍👍👍👍 TRUSTED SELLER 💯💯💯💯💯💯💯,5,2026-05-13 13:18:29,0
af4eead5-4b1b-4ba8-a7a7-6ecfee844de9,👍,5,2026-05-13 13:14:19,0
184a7ab5-0fcc-456b-860e-447efc723804,Suka berbelanja di sini .. byk pilhan.. senang boleh guna splater..,5,2026-05-13 12:55:05,0
80feb99b-b3c7-4b0b-b7f8-99332a0c3e16,satisfied 😀,5,2026-05-13 11:54:44,0
f87c8d25-6453-4595-a1ab-7989ff63f945,best app,5,2026-05-13 11:46:10,0
4cd434a8-81f2-4675-ab3e-0ab3edf375b5,"like button too small, please make it bigger like it used to",5,2026-05-13 11:38:36,1
0b8dc4f8-282d-43b9-b121-1373e1e96738,Good,5,2026-05-13 11:38:11,0
5476e668-cb3d-41b7-8999-e5ac9fc2e666,very good service,5,2026-05-13 11:23:34,0
5ab98461-9612-45cc-84d3-1faa3eb6ca35,"For shoppers, I suggest you download this app. The reason was cuz it was easy to use and also got so many selection items and also a big discount.",5,2026-05-13 10:51:40,9
6033f7fe-d59c-4869-8f66-6eb36fe221fe,Its a great app.,5,2026-05-13 10:38:43,0
e7b806bf-a7d5-4138-9045-5d2e31b47daa,terbaik,5,2026-05-13 10:37:18,0
d8a9e43a-49c7-485b-a213-3195029bb689,It so nice,5,2026-05-13 10:36:11,0
d1b05017-db33-40af-a3d6-624d9ffa5c36,Easy shopping app with many products and daily deals. Interface is simple and checkout process is smooth,5,2026-05-13 10:35:50,0
4347ae62-ba4b-4628-b4ee-e975e4939bdc,👍👍👍,5,2026-05-13 10:21:47,0
370d2f38-1dfc-40e8-bfcf-69a8e8b22261,"aq x rate lg kt sni ehh?... sry2, telambat😅🥳",5,2026-05-13 09:53:55,0
014b7e6a-6e93-41c4-927e-43b82a28363c,"Poor customer service giving false information causing faulty E invoice generation. Ask them to take responsibility for giving false information they will just push the responsibility away by saying it is stated in the disclaimer for inability to edit. Totally not accountable from the customer service team. Also, misleading E invoice form that says company details above then personal information at the bottom. then invoice generated used personal information address?software engineer is intern?",1,2026-05-13 09:46:24,0
4423da75-93b8-48b4-8acf-676f94b055e9,terbaik,5,2026-05-13 09:09:21,0
edf47eba-c2e3-4c18-a2af-3d4a843afc2b,"I hate this, it has ad EVERY SINGLE TIME even if I don't open the app 😔",1,2026-05-13 07:56:35,0
b1a52d9a-2a80-4ae7-b6c2-1fd726ed6082,Excellent 👍,5,2026-05-13 07:13:47,0
ef14c1a3-29f8-414e-ab75-711bdf2730f2,.ok,5,2026-05-13 07:11:14,0
cbd43ca3-b1c7-4526-bc3f-537ec3ae28d2,easy to shop with,5,2026-05-13 06:57:40,0
f37189b9-ef7e-4cb8-9f21-51eb04d764c5,good,5,2026-05-13 06:09:17,0
93088207-729d-4657-9c85-9b05533f885e,"Shopee helps me a lot in my daily chores. It saves my time, saves my energy and most importantly, saves my money! Things are much cheaper on Shopee. From clothes, kitchen utensils, skin care, to wedding doorgifts, etc..... I love Shopee....!!!!",5,2026-05-13 05:08:52,0
32c63fea-ea71-4587-aa65-a757b29d4a7f,Awsome...fast efficient deliverries.. Keep it up.. Good job!,5,2026-05-13 04:53:34,0
2caaaa85-c7ae-41bd-a8d0-c12402525b43,13 may 2026 seller review x boleh tengok walaupun dah update. bahaya macam ni. rugi pengguna kalau beli material murah sebab x dapat baca review,1,2026-05-13 04:36:48,0
2d74a084-b337-4777-a5ef-f289ce4f5469,beta Lang pauni,5,2026-05-13 03:53:53,0
feb2cf7c-4591-4255-9a0f-ed0467091f3d,"good thing,",5,2026-05-13 03:30:57,0
e2a9730d-7e22-43e6-b505-1daf7665afd3,"Di lokasi Bangunan Khas, K7, Lorong 8/1E, PJS 8, 46050 Bandar Petaling Jaya, saya sudah banyak kali melihat pemandu penghantaran anda menjual barang di kawasan tersebut. Selain itu, apabila dia membawa produk untuk dihantar, dia tidak membuat panggilan telefon kepada pelanggan dan juga tidak membalas mesej. Jika terserempak dengannya, dia bercakap menggunakan bahasa yang kurang sopan dan kelihatan seperti seorang gangster. Saya sudah bertahun-tahun membeli-belah menggunakan aplikasi anda dan say",1,2026-05-13 03:27:26,0
a4184e2d-668e-45cc-a7fa-83ae9d1f2b3e,best shopping apps ever 🥰🥰,5,2026-05-13 03:22:33,0
4158fb1e-0faa-40bd-a114-3401aa238b99,"Shopping made easy with Shopee. The only drawback is when sellers did not deliver products as per order, eg different colour.",5,2026-05-13 03:17:53,1
14474bdd-d970-4f0f-b7c8-38825c78e09a,"Good,excellent!!",5,2026-05-13 03:12:30,0
08a32112-fcad-41d2-857d-bfc8644e43a0,"The app is good, easy to use, and has lots of options. The ads should slow down, it's too much and show too often",5,2026-05-13 02:43:36,1
56686a17-1455-4e8e-b886-2231281ac71b,Best shopping online option apps,5,2026-05-13 02:33:03,0
b580d160-417e-4d0d-9a75-16c3301a22d7,"i can see a rating review, There are so many scammers now and I have so much difficulty if i can see reviews 1st before buy",1,2026-05-13 02:29:40,0
bf2172bf-1f1e-4353-92a6-083d76d7e797,An excellent app to do your necessary shopping without the hassle of going to a physical outlet. Numerous products at your fingertips. Reasonable pricing is indeed an advantage.,5,2026-05-13 01:49:10,1
000ada15-1a9c-4b7b-b93a-693160da7402,Fast and easy,5,2026-05-13 00:38:56,0
28c98fad-cbe4-4a70-8621-e5cd53c33029,best,5,2026-05-12 23:25:36,0
b9a3ea40-3643-4c73-9dc9-e692f289a491,I love this app sometimes we can get scammer after buying a item but useful,5,2026-05-12 22:52:19,0
722203fd-ee12-4427-966e-9282320d4797,improve your shopeefood service. Why take too long just to assign driver. If no driver then just cancel the order. Waste of time.,1,2026-05-12 22:50:07,0
b1d4e4f0-2431-49db-9c42-56fa44f5a8fc,loyal Apps For browsing Groceries 😮‍💨🫠,5,2026-05-12 19:21:28,0
30315ff0-576c-43f0-97a3-d1e31c67073d,"So far so good la, boleh la😚😚 courier Spx problem teruk,return barang org sesuka hati 🤨",2,2026-05-12 19:02:36,0
31ba0cc3-69a3-44a6-aabf-326fa3425b2d,"Terrible customer service. Applied for a refund for a few packages. They approved it and send no one to pick it up. When I contact them, they say it is my fault for not sending it back. Now they won't issue my refund. Use at your own risk.",1,2026-05-12 18:44:00,0
faef3649-f770-4444-a807-e9e9f153b3ae,good,5,2026-05-12 16:59:13,0
af4eb10e-18af-4972-98bb-c62182b6b868,loved it,5,2026-05-12 15:44:23,0
23803dd4-7b35-4de5-8711-4d2fc85d128f,"Shopee turned into Shitpee. A lot of affiliates use AI to promote someone else’s products without even testing them first. Affiliates like this should get banned instantly because they’re lazy and only care about quick commissions. The platform is becoming full of spam, fake reviews, and low-quality promotions instead of honest recommendations",1,2026-05-12 15:00:08,0
cc2faacb-fe73-4991-8ab5-584f05f30b23,I don't want because this app want spam adds everytime,1,2026-05-12 14:35:21,0
8d601e7f-0317-4a0e-a8a0-168028108f9e,vast product choice with value for money and speedy delivery,5,2026-05-12 14:01:27,0
e48c9050-8300-4b50-a69f-8f5b9d05de9c,ok ..good platform for online business good choice and adorable,5,2026-05-12 13:47:17,0
44ee9a4a-e5fd-4e8f-a3cb-e17ab0b66a49,so far so good,4,2026-05-12 13:46:46,0
c6ddebf6-ea35-4b69-84c1-d0a92e7dcbf1,❤️,5,2026-05-12 13:15:51,0
998b5f6a-7936-41cb-9c88-2e320285a6e8,still I cannot collect many coins anymore.they tend to limit my collection,5,2026-05-12 12:55:02,1
981db57b-e576-4909-9ea6-d5856ec1936c,great,5,2026-05-12 12:44:42,0
ea3fffe0-b00b-46aa-8b9f-fdcbdbd6c30b,I don't use AI but please i hate that promo using AI. I have seens 350 times the watch but please do not use AI.,1,2026-05-12 12:18:03,0
0c62f984-1aff-4f82-94d3-57e0e19bb403,I think Shopee needs to enable TNG payment; it would make things much more convenient. I personally prefer using TNG for online shopping because I find it more convenient. Sometimes I even switch to other shopping apps because Shopee doesn't support TNG.,3,2026-05-12 11:47:02,0
0241d457-9496-4b7a-a4bf-1b26e66fe172,shopee terbaikkkkkkkkkkkkk,5,2026-05-12 11:36:20,0
3edf21ac-3c74-46d5-afb2-6489fffed176,"I typed in the search bar but other names came up after that, even if I search for something the same thing, something else came up..so many apps give me problems!!! Something's wrong on this apps..😒😒😒",2,2026-05-12 11:27:22,1
e7794019-a110-454d-a61d-76b11829ef0b,good,5,2026-05-12 10:53:17,1
384a2ad6-e894-4667-b094-c01f1b3b633e,bestt,5,2026-05-12 10:46:21,1
e696dda0-7550-4a5d-a0ec-41ce15ce70a8,"""Sangat berpuas hati dengan servis Shopee. S-Loan dan SPayLater sangat membantu terutamanya waktu 'sesak'. Interface senang faham dan urusan permohonan pun tak rumit. Lima bintang untuk kemudahan yang diberikan!""",5,2026-05-12 10:21:07,0
6cfbbd26-b595-4e35-9aa1-f21f49f69e4d,I love this app.. Keep it up.. TQVM..,5,2026-05-12 10:13:42,0
43d77ccb-ea21-4bba-9fd2-9db80fdc203b,wow 😲,5,2026-05-12 09:56:01,0
4587caa8-9b73-4ae5-b871-b4e3aa7e72a3,"Update version baru rase lebih mudah dan senang dan lebih pantas..Cuma kekurangan pada version baru sukar pada penjual untuk melihat produk yang dijual apabila pembeli bertanya di ""chat"" untuk membuat semakkan produk..",5,2026-05-12 09:54:52,1
5944e31a-f81b-4561-b8ac-09e5f9d003ef,Stop automatic Shopee Live Video! it's slowing down my phone and the content is inappropriate.,1,2026-05-12 09:51:56,0
35a65236-7ed9-4eb2-a0ab-d8f497a20ccf,good,5,2026-05-12 09:19:49,0
c129fefc-f06c-449d-a17d-8417e728bdba,"You can find almost anything you need, from snacks to gadgets. It's very convenient.",5,2026-05-12 09:06:01,0
512e651e-85c2-4df7-be83-6d7ab641a30c,Fast delivery.,5,2026-05-12 09:04:50,0
5c4280b2-cbba-4861-8bcb-3f3693a84a5d,Terbaik sgt berpuas hati...,5,2026-05-12 08:52:07,0
0b6174c5-d14f-4277-a289-bc9bd8069791,terbaik,5,2026-05-12 08:35:23,0
a4edd068-da31-48ed-82e4-e82c642ab5b0,"this is a great shopping app, but this app became a virus, whenever I open any other app like WhatsApp or webtoon, I automatically switch to shoppee, or whenever their ads is open on the sidebar or even before their ads play like on YouTube or Instagram it automatically clicks itself. they need to fix this because this is an invasive malware and virus and is damaging my phone",1,2026-05-12 07:30:31,1
f3d1f8ab-4004-4c46-a38b-0a16a35a4abf,Everything okay just the voucher what you mean I already claim Rm999 voucher went I don't? and the item is like a gamble sometimes it good sometimes it not,2,2026-05-12 07:29:48,1
c8591a1a-c2ef-41c4-a641-761b391b43a8,good,5,2026-05-12 07:10:55,0
3511c030-23c3-4b6b-920f-f06781c70469,Hmm Iklan,3,2026-05-12 07:04:16,0
d0646db4-2001-4112-a316-8fb5bd30c065,five star for shopee. Anyone who wants shop can come here. There are many kinds of things or anything that you want in here,5,2026-05-12 06:48:04,0
5cb74b0b-f5d4-446f-98ec-cdee1e9d6999,Excellent,5,2026-05-12 06:33:06,0
fbd74924-9c21-4c62-848a-0e9a91a040ce,"perbaik lagi courier kamu terutama SPX, barang sy selalu problem dalam penghantaran, pecah ada yg liking ,ada yg kotak bengkok sangat , barang senang pecah harus lebih berhati""",1,2026-05-12 06:08:22,0
24f5dc7a-6eff-4e64-8b20-29f7595420a8,"PLEASE DISABLE THE LIVE SCREEN WHEN OEPNING THE ADS, IT'S VERY ANNOYING AND NOISY",1,2026-05-12 05:37:46,10
5c910ae8-c85b-4d3c-96c3-7ae359f48357,Deducted from bank acc even tho shows failed top up in the app,3,2026-05-12 05:07:46,26
5a8b11da-de1d-4cf6-b41f-30b13dfd5595,feel wonderful and happy.,5,2026-05-12 04:28:37,0
c658eb2f-1b80-475e-a5b5-012fe5cf8c24,all things this cheap,5,2026-05-12 04:23:10,0
7efd8a76-b0cf-4e09-b260-2e532af9ecaa,smooth transactions every time. and also additional discount given for every purchase.,5,2026-05-12 04:18:01,0
e0cd64dc-9383-4302-94e5-8dd639dc8748,good 👍😊,5,2026-05-12 04:17:05,0
764eaaea-35b6-4230-a586-0f946636cdb9,optimize your damn app!,1,2026-05-12 03:44:52,0
a79a8f14-298d-44af-ab7c-7c834e501d16,So far verygood n best app🫰🫰🫰,5,2026-05-12 02:48:11,0
13311a38-4202-4834-b335-879c9fbd03e0,"memudahkn pengguna semua,berbaloi",5,2026-05-12 02:41:18,0
cf5827ce-1e85-4b9b-8d03-b695a11941d3,when i open the app straight away show me video ads after exit the video the stupid sound still play on the background .have to completely closed the app only will shut up fix this stupid bug,1,2026-05-12 02:14:32,0
70088e28-b9d8-4133-b385-db3a70ae7675,good,5,2026-05-12 01:40:45,0
a2599c9e-7c19-4dfc-8808-bd0b42d9616c,Convenient to buy online. Easy to search the product I am interested.,4,2026-05-12 00:50:31,0
889ff15f-0cbe-4996-a0a1-7fb6a0239cb2,good. fast. good service easy access. but too much live video. just get small rate star. so dissapointed.,4,2026-05-12 00:17:47,0
db3b8ff9-9c70-4eed-8f0f-8a1177cf270d,shopee no 1,5,2026-05-11 23:44:26,0
ea73aba6-6b64-4825-9ee8-0f46b1d48512,"After update: Still homepage went to Live Video instead of the regular Home in shopee app. Still very annoying every time first open shopee app. Stop sending us to the Live Video homepage.. after this update, app open keep going to the Live Video homepage instead of the regular homepage. Then the volume automatic lowered and sound keep running in the background. Fix it please.. very annoying",4,2026-05-11 23:29:13,1
f43e43a6-54ae-497d-94a9-055b32854f37,Ok,4,2026-05-11 23:26:55,0
9bdda25d-d397-4894-94c1-3db167d45fff,𝕘𝕠𝕠𝕕,5,2026-05-11 17:19:56,0
d0811182-2227-4e3d-b6d8-5189db65c847,very helpful and good products seller,5,2026-05-11 16:51:41,1
c6013a1b-f5d5-4b15-be9d-c1a0cf2bc57b,please and I mean PLEASE DO NOT WASTE YOUR MONEY ON ADS AGAIN IT'S FREAKING ANNOYING I'M TRYING TO CLOSE AN AD HERE BUT WHEN I ACCURATELY TAP ON THE CLOSE BUTTON IT TOOK ME TO SHOPEE FOR OVER 50 TIMES TRUST ME I COUNTED IT,1,2026-05-11 16:19:08,0
26a09678-cc7d-48a9-aad4-a2e7d891965c,so many law,1,2026-05-11 16:18:15,0
47711e3b-8afd-4c0f-be4a-c52b943f3f68,good,5,2026-05-11 14:27:58,0
5b85e13b-9833-4c65-9337-97cd5795b335,"I think shopee is actually a really efficient and consistent experience, but PLEASE remove the use of Shopee Video uploads for products. There are TOO MANY users making AI videos of products that look NOTHING like the real product and it's just incredibly frustrating when I'm trying to make an informed purchasing decision. There should atleast be an option to report videos for poor quality. I don't want to see AI videos for real products.",2,2026-05-11 14:27:02,7
24fabd42-e499-43f4-8820-fb54acd5cd8c,good,5,2026-05-11 14:03:50,0
66dbf832-8dd7-4cb7-9e04-2828b6e22ee1,not recommended,1,2026-05-11 14:00:28,1
ca4f9cda-b859-4d71-b60c-06cfe70204de,"Absolutely terrible app design. If I click on the Live tab even once, the app will force itself to start on the Live tab whenever I open it, no matter where I close the app from. Live tab lags, forcing you to load an ad that you have to wait to load before you can close, before you can finally go. Support was of zero help, telling me to try some option in settings that don't exist, or clearing cache which doesn't work. only when I completely reinstall does it start up in the Home Screen tab.",1,2026-05-11 13:29:39,11
333541e0-5427-44e8-b9dc-bf15acbd060d,apps deliver,5,2026-05-11 13:23:32,0
5c2f465b-1dda-4f71-80a0-a0eb858a05be,Good experience as a buyer,5,2026-05-11 13:19:31,0
ef6ff857-87c4-4a63-8694-4405395266aa,shopee the best.. mcm2 improvment buat.. harap dpt buat loan motor guna shoppee...senang..,5,2026-05-11 13:10:39,0
2d7167d7-3e1b-47a6-b140-be70f2b06534,Penjualan & pembelian amat terbaik,5,2026-05-11 13:06:35,0
8f26d546-fec2-40f7-9988-0f7a4cc08a6f,Kenape sekarang app shopee susah sangat...setiap kali log in kena tunggu lama²...loading lambat sangat...dah tu bila dah dpat log in...Stuck lah pulak..update pulak kena setiap minggu...,5,2026-05-11 12:43:42,13
d652f547-626f-4c66-81ac-1b45bb6169fc,Banyak iklan. dasar kau iklan 👎👎👎👎👎👎👎👎👎👎👎👎👎,1,2026-05-11 12:36:29,0
34cd2a62-9a8e-4d7e-95d3-393059577a3c,"Burung merpati terbang rendah, Hinggap sebentar di atas titi, Shopee selalu buat aku kalah, Niat tengok… terbeli lagi. 😆",5,2026-05-11 12:35:37,0
34ee4c5f-24fe-494c-b736-d88993a35369,memang mantap,5,2026-05-11 12:31:43,0
4e2db0e6-26df-472e-bd6e-602bf49188b3,nice but pls give 0.00 more,5,2026-05-11 11:37:37,0
83fcf009-956e-44d3-b2a4-afa01c7b98dc,"have to delete my acc and use other shopping platform, because lots of items not yet , SPX Courier keep ignor my chat and dont have proper time to deliver, always disturb my working hour to wait the parcel, after promising to deliver to the adress...",1,2026-05-11 11:36:30,0
5cd8a9fe-7e24-42a6-8e67-b311cdcd652b,I am not like shopping..why many times,1,2026-05-11 11:24:45,0
232cd63a-5288-47cf-b47f-f39876fba87c,"why sekarang susah dapat free shipping untuk yang bukan vip.. dulu best guna shopee sbb free shipping sekarang dah haukk + harga makin mahal.. ok kalau barang mahal,tapi kalau shipping pun kena bayar mmg terus spoil mood shopping guna shopee.",1,2026-05-11 11:24:09,0
c50c30e4-8647-4bbc-817c-bc5e159ebce6,Ok,5,2026-05-11 11:21:43,0
ef7ec75c-8352-4338-8bfe-d5a4a051e3fc,Always love their Shopee Food 💕 Always save more.,5,2026-05-11 11:20:22,0
fa90a466-0e5e-4d8b-ad47-0d121dcd08d9,good shopping experience,5,2026-05-11 11:09:07,0
017a6225-ed7f-4e9d-bf60-eff384e61d00,really like this apps,5,2026-05-11 10:57:36,0
19a64cc8-b5f5-493d-97e4-e9923c4defed,yes very user friendly and with live,5,2026-05-11 10:39:53,0
67a95853-ff93-4685-b401-a4bc92568b4a,Day by day the shopee platform nowadays becoming more excitement. Not only it provide to find or searching good or things but it's also provided a safety payments transactions. when theres a problem reported from the buyers a quick action from the customer service is taken... a very trusted Apps..,5,2026-05-11 10:38:41,5
6d6fe402-b0c8-4a37-9bbb-f56fb15dd9d3,good,5,2026-05-11 09:55:30,0
d7e28faa-d69d-4f45-b9fd-457978ba3e97,stop directing the landing page to video mode once u open the app. it's annoying hearing the often irritating promotional videos right when u open the app. the old app version was a lot better.,2,2026-05-11 09:42:53,3
5dc2576b-07d6-4157-8a5b-36426d612fce,"Something has gone wrong with Shopee's e-invoicing system. Used to work fine with new BRN number. Now keep displaying message saying invalid number. When changed to old BRN number which contains dash, the dash is automatically removed by Shopee's system and the same message appears. Other suppliers' e-invoicing system has no issue with either new or old BRN number. It has been few weeks already. Hope the issue be fixed as soon as possible.",1,2026-05-11 09:19:31,5
d3eb8e2a-4995-4e6b-a02a-b46a60f689da,bagus banyak free shipping,5,2026-05-11 09:18:44,0
015a000e-8c77-43a7-97ba-216e2b574e1e,👍🏻👍🏻👍🏻,5,2026-05-11 09:08:01,0
5daad0cc-91a9-4e70-b4f8-27d4deff9e63,good,5,2026-05-11 08:44:09,0
b9b52c0e-746d-40b2-8fed-9c416708fd42,Good,4,2026-05-11 08:38:03,0
3a068958-f2e4-45c8-abb9-32cfe39c02f9,Terbaik. Tq so much👍🌟,5,2026-05-11 08:35:48,0
ddf404ea-ad08-4153-bfcd-bdfa98e99d7c,"very poor experience, my item is lost when it's arrived at my home but the shoppee claimed that my evidences for the loss is unclear. Now, i have to pay for items that not haven't sent to me. Ridiculous.",1,2026-05-11 08:34:48,1
9face77b-3561-44d6-80dc-2a747f62ce2d,Stuck. Nak guna x blh. Dah uninstall 2 3 kali sama gak. Haiihhh. Bodoh betul,1,2026-05-11 08:19:51,0
364e8ac9-48cc-4deb-911f-8df5a2ce691e,"Very good apps, easy to shop",5,2026-05-11 08:08:23,0
1edb1419-206d-44ae-8459-b42f227de8e2,"Thank you for free items and free shipping, and vouchers.",5,2026-05-11 07:46:22,0
4c8f1d7c-8d92-4720-9dda-b43a119530dc,good!!!,5,2026-05-11 06:12:35,0
09c498e2-1901-42ca-adb3-21379e215716,very easy to use,5,2026-05-11 06:11:27,0
c72712cd-6338-48bc-871d-e9608f82765a,recommended,5,2026-05-11 05:03:22,0
623f2b32-ab18-4f0e-869f-334594de6c7f,shopee the best🔥,5,2026-05-11 04:01:14,0
efcfe2ba-0f26-4dc5-bc1c-970b71e61593,"siapa je xsuka shopping kat shoppe kan ? tp kan , apa kata shopee pun bt mcm shop back blh main game pstu blh collect coin pastu blh bt shopping .. nk collect coin sikit2 lambert laa .. tmbh la main2 game utk collect coin . macehhh ..",5,2026-05-11 03:18:23,0
04e3f3e3-3a13-4409-9118-1938e12f0fbe,Best online shopping platform ever,5,2026-05-11 03:17:04,0
26dc3a88-4e3d-4f35-923d-85370502cc67,gud gud,5,2026-05-11 03:07:47,0
f1f4132e-f4b6-491c-8267-740373f188c1,"Enjoy with Shopee. Especially with SPay Later, you can shop like Billionaire",5,2026-05-11 02:44:50,0
0a54d15c-669f-4884-babf-7ad507656b81,🏆,5,2026-05-11 02:05:47,0
48d618c3-df13-4272-9841-548183d5c5a2,good apps,5,2026-05-10 23:47:29,0
d4f733b2-d762-4d04-b557-c9e5e9f35444,terbaik... memuas kan beli barang,5,2026-05-10 22:49:16,0
f582d3b8-fcf3-49aa-8358-65f870577a01,very good 👍👍,5,2026-05-10 15:56:15,0
8cc03f11-2d7e-4bae-9d20-d4048548209b,"I like shopee, I like this online shopping service.",5,2026-05-10 15:44:23,0
9309558b-9b97-4ad8-a4a4-82adc6e1df91,good,5,2026-05-10 15:22:15,0
d606faca-10e0-4514-8bb6-641721faf3df,Good Apps,5,2026-05-10 15:06:37,0
f0536b5a-b32f-4060-a70c-c1118bc375e6,Great,5,2026-05-10 14:57:10,0
a8af2454-8e06-40a4-b6d8-8282a70a84c9,the price shown is not reflecting goods picture thus sometimes lead to wrongly choosen goods as buyer rely on the price instead of properly browsing the actual price for the actual picture. Buyer need to be extra careful.,4,2026-05-10 14:19:42,1
afbe5d62-29cb-4364-983f-d00822cf732f,The damn video kept autoplay whenever I open the apps. It's annoying and irrelevant to me. Turn it off,1,2026-05-10 14:10:22,0
c89c49e0-aba1-4b56-b108-e02431cdd81b,Very good,5,2026-05-10 13:47:12,0
fd981cf8-c319-4d82-8fef-8d637c096e3d,nice apps,5,2026-05-10 13:05:59,0
3d6bf8db-39da-4e4a-a9f1-c4805f9efc5b,"Terbaik, sangat berkualiti. Cuma kualiti pembungkusan perlu diperbaiki,",5,2026-05-10 13:05:33,0
423d499f-c1b5-4799-8790-97f08aa77de2,uhhhhhhh free free yahoooo,5,2026-05-10 13:03:09,0
cc33740b-17ad-4223-ab51-9d576dd236cd,ok maa,4,2026-05-10 12:09:53,0
0eadf081-45a3-423a-bf18-a70ddf458760,should implement a system to contact courier driver. such a nuisance if there is a misplace parcel delivery,2,2026-05-10 12:08:49,0
113737a8-7d49-4b94-9dd5-f6945d2cfe27,"New UI, Not Friendy User, After The Update, The UI Is A Bit Confusing For Users Who Want To View & Check Purchased Orders & Delivery Status & Can't Delete Notifications That Have Been Rated.",4,2026-05-10 11:37:12,3
d1716e05-a0e5-4e48-99e0-55eb3ae946db,"Very frustrating UI. The home tab and search result, are full with videos that will immediately blast the audio and loud music to your surrounding. There is no way to turn off the audio, and there is no way to turn off such video listing. Why force to broadcast such annoying videos to my surroundings? Totally inconsiderate!",1,2026-05-10 11:33:39,12
d188e425-52b4-4c59-9ba4-1d71d4531526,good and save but pls pay extra for your workers and take care of them.. ♥️🙏🏻,5,2026-05-10 11:28:24,0
9a6f0361-bfc9-4548-984a-f793c99e5ad7,its annoying to have Xiaomi pop up whenever i search something,1,2026-05-10 10:42:06,1
291193f2-885d-4e4a-8b5b-8c464e4344a8,My experience so far : All products delivered within the time frame. Refund process has been smooth so far.,5,2026-05-10 10:40:08,2
cdb02dd5-9ac0-449f-9f3d-8beeeeeac881,"app macam bodoh, time nak bayar laju n lancar je. time nak tukar barang sebab barang rosak, tak habis2 tersekat2.",1,2026-05-10 10:29:24,1
5b286d48-73b1-4d75-b62f-3e4e283dc659,Ok,5,2026-05-10 10:27:15,0
613881ef-29af-4c84-932e-3f8c915c234c,awesome,5,2026-05-10 10:06:23,0
b01045dd-0243-4723-aabd-9a614e8b3838,the best shopping online,5,2026-05-10 08:34:29,0
77895fd5-29dc-4576-8ce2-6d0b615494d8,location pinned not accurate and i have to pay extra delivery fee to rider,1,2026-05-10 07:21:33,1
b729dc55-bc54-485b-b9b0-7a4e57fe9fb1,"senang guna spay, apps yang Recommended dan tak susah nak Shopping",5,2026-05-10 05:39:22,0
4fa4b243-fcbd-440a-ae41-843f8f627af8,"The moment you introduce the VIP subscription, I can no longer benefit from using those free delivery plus discount vouchers as a normal user because it's been pay-walled. Plus, using those vouchers to match certain conditions is quite absurd. So, one star for that 👎",1,2026-05-10 05:26:05,1
b978bee9-42ca-4712-aa68-581e66733d4b,good,5,2026-05-10 05:24:14,0
1c2cdd5b-4867-49b5-af9f-5d4d2228a8f7,barang tak sampai duit aku di tolak 30 ringit bukan sekali 2 kali memang aku tak halal kan😤😤😤🤬..memang tak beli barang dari shoppee dah beli topup je lepas ni 😡😡,1,2026-05-10 04:50:33,0
d895794a-d785-4397-a399-cb480f0c41e0,"Can't see the product ratings. once clicked, all the ratings aren't able to load properly.",3,2026-05-10 04:37:36,0
54a593e9-c908-4be2-a26d-af2770afe64d,first beli banyak dapat voucher harap leaps ni lagi banyak voucher lh dapat ye😅,5,2026-05-10 04:21:15,0
9e0b58bb-0dab-4b0b-bfae-ca49f698ab3b,bad app,1,2026-05-10 03:21:32,1
71206d13-6733-4068-abb1-b8d946503065,terbaik👍❤️,5,2026-05-10 03:11:42,0
1f614f41-d065-4704-b8b2-a3233a5a7b7a,sometimes it's keep lagging and unresponsive. though the refunded process are so long. I hope someone will fix this,2,2026-05-10 02:42:25,2
c4306816-cada-421d-b0c3-a352ad69bf61,Mantap💯👍🏻,5,2026-05-10 01:22:52,0
f4d6445b-f858-4453-8794-c927e401bbdc,senang berurusan,5,2026-05-10 01:16:56,0
2938cfa4-7a90-4ea1-8e2c-42a6413c1407,good shopping apps,5,2026-05-09 23:29:58,0
03c92b65-23f6-4f82-88ad-246c6e5ad497,Good,5,2026-05-09 19:28:49,0
4092313c-a4b2-4251-bb6b-bfa240b75522,ade bug tak boleh tengok review rating,4,2026-05-09 18:58:22,0
eca9f1bd-69eb-4306-86c6-86caf4913792,👍,5,2026-05-09 16:20:02,0
a804caee-c8fc-47bd-a0cf-98750caf0f8a,good,5,2026-05-09 15:04:18,0
2a2da8e4-8818-443e-b7fa-287806942b0d,Stupid shopee,1,2026-05-09 14:46:12,1
5ea754c2-ddd4-4759-b27e-3b105d950fd7,Not good anymore at financial,3,2026-05-09 14:30:36,0
ee84cde6-e96f-417c-9442-cb274b31e65a,i hate the new update some filter doesnt even work..even if i want to find from shopee mall the result always shows no results like?????????? u gotta be kidding me,1,2026-05-09 14:04:32,0
236de36e-dde7-43a5-be22-57e96f1ed0eb,Shopee Live is the only way I shop now. I love being able to ask the host to show the fabric close-up or try on a different size in real-time. The 'Live-only' vouchers are insane—I got a high-end skincare set for half price last night! It feels much more social and trustworthy than just looking at static photos.,5,2026-05-09 13:52:35,0
429dac73-b483-4566-a624-87806595be3d,yeayyy,5,2026-05-09 13:04:16,0
bf817cb6-a0b0-474b-aefa-bbb230218676,"Adding of ""Similar product review"" without directing us to the actual product reviewed is just awful.",1,2026-05-09 12:58:08,1
1fa01223-d682-4b8d-93dd-f878e9208418,Verry good apl shoppe 👍🏻👍🏻 first delivery and many vouchers for every purchase of goods and delivery vouchers..😊😊,5,2026-05-09 12:56:16,1
1b040205-8672-4c00-8d25-af9bfc335928,Very satisfied & recommended..tq..,5,2026-05-09 12:26:47,0
3231f49e-d822-4a2f-9b70-19726c1cf7e1,very good.. and fast,5,2026-05-09 12:25:49,0
0ae5d065-a377-45a2-8660-d32f5cf97144,senang shopping sini,5,2026-05-09 12:15:42,0
1298f5aa-9054-4071-b644-6c1756bc2ca0,Best.,5,2026-05-09 12:14:05,0
5af2e66a-7358-46a5-85c9-06c96e591c81,good services,5,2026-05-09 12:10:14,0
1b5d2a6c-172c-404b-988a-314fe7b0780f,good 💯,5,2026-05-09 11:57:17,0
9755b4d4-98a1-4ff1-850d-4ba4ee1c27b6,👍🌟🌟🌟🌟🌟,5,2026-05-09 11:35:59,0
2625afba-d5a0-4d9e-b335-e24228bf66f8,kedekut coin. kedekut baucer. xbest mcm dulu..,3,2026-05-09 11:05:32,0
ad5a2b0c-f868-483c-8f1d-dc941a7841de,good,5,2026-05-09 10:13:18,0
e783dac8-9eee-4f11-ac5a-131323713cfc,because shoppe is supporting,5,2026-05-09 10:09:17,0
005c2c65-2e6b-41f8-ab5b-e579328afd55,so far good and faster service,5,2026-05-09 08:48:38,0
6bca8c82-5310-4d83-897a-ce416687a9f1,Prices are too high and have no cod option for lower prices. Totally disappointed,1,2026-05-09 08:37:29,1
595c67e8-91b9-44de-afc8-f51e6dab5668,bagusss,5,2026-05-09 08:32:26,0
ceb44acc-11fe-49fe-b6ee-1364991fcb6d,Terbaik selamanya,5,2026-05-09 08:24:42,0
56f45e96-b789-44e2-aadc-02bd23dcf291,"lurve gile sbb banyak voucher. kalau tak banyak,maybe tk guna dh apps ni",5,2026-05-09 07:37:51,0
52b748ca-928a-4e13-a8b9-4e384be4b9a9,excellent,5,2026-05-09 07:34:44,0
135a47db-a40a-436f-9588-33d95787ba20,Excellent,5,2026-05-09 07:34:28,0
25c68db4-1e98-4e92-a05e-e95ffdd2af9b,okey,5,2026-05-09 07:06:21,0
938d4c10-36ce-4a30-b29b-b2a860449785,"shoppe customer services is horrendous currently, multiple times I tried to resolve my issues unable to change my phone number from my old account, but the agent just brush it off. Even filling multiple form unabke to help",1,2026-05-09 07:00:44,2
d8ca0a4d-3ea1-41cd-a9dc-12c28568eacf,Easy to use; reliable and superb supply chain. Staff always ready to assist.,5,2026-05-09 06:38:13,0
67b0ee53-3a6e-4819-af11-1e1b45d03e8c,Shopee is now my main go to e-commerce app. The prices are cheaper and the delivery is faster than the competition.,5,2026-05-09 05:47:09,0
47a7756f-2dbe-4891-ac9f-9bacabf7e0f8,amazing,5,2026-05-09 05:41:07,0
d29169e4-cfb0-4588-9e23-34e4eebf7231,very good 😊,5,2026-05-09 04:15:10,0
25b8823d-0a80-4505-a89f-9ca9cb0ae6b2,"Tak suka. Dah tak macam dulu, best. Lani sikit-sikit kena block",1,2026-05-09 03:33:12,0
d23bf15d-7ad0-4ad6-ab26-819a1510c497,Great,5,2026-05-09 02:57:56,0
50ab8ca5-ab96-4857-826a-2ef3fc699380,ok,5,2026-05-09 02:17:48,0
b8f29640-e058-48be-ac35-4122b6ad581d,"The search function has regressed and gone bad. Same products, same shops appearing multiple times making it annoying and hard to find what I'm looking for exactly. It's the same issue I had with LZ and made me switch to Shopee. Searching for the official shops isn't appearing at all. Instead, it shows another shop I did not even look for. You are making it harder to find the official shops.",1,2026-05-09 02:17:26,1
90285053-a1a8-4fc7-b107-860a32c42d4f,Terbaik tapi kalau nak refund memang lambat nak tunggu seller accept dulu,5,2026-05-09 02:02:51,0
b0e3bfe5-34b5-4a64-9c08-476952078e02,Good quality,5,2026-05-09 01:59:47,0
1f7fc35c-da32-47a2-bd6b-305f15a64443,good,5,2026-05-09 01:55:57,0
5bd6712d-718e-474c-b4de-1d939f5542e3,good and reliable,5,2026-05-09 01:25:53,0
7e47430f-0d21-4dd3-bf5a-bf4d13b08c08,The Best Choice ..,5,2026-05-09 01:15:16,0
f83d158c-d55f-449f-8fef-5d046f93c00b,good for all,5,2026-05-09 01:14:47,0
1982fc5f-9a67-499e-a61e-fba11c41dbef,"So far so good, my advise is you must check whether the item is good or bad before checkout any item. Make a survey between shop and look at the review. After you satisfied with the product then you can proceed and remember when you buy a cheap product dont expect too much ok. If you want to buy expensive product or famous brand make sure you buy from official store. Shop smart!!",5,2026-05-09 00:59:08,3
f6169a6c-4b86-46f2-b02e-054f1d816bf3,"ok,fast",5,2026-05-09 00:43:47,0
444a9bfc-ad68-4800-aa48-38ac6fba23f9,"Around once a month when I search for item, the results become xiaomi. With every update the app getting slower and heavy. Too many useless thing add into the app. This also effect the essential functions. The app loading kept getting slower. So many times the apps just crash and I have to restart my phone. Now so many video & live sales in the app just clutter the apps even move",1,2026-05-09 00:11:25,53
8a3d7219-55ad-419c-bd51-753f657c19e0,"Hello bot, I want to able to read full name of the product",2,2026-05-08 23:39:45,0
a83bd1d6-2827-4dde-b0d2-b44051b8fd1c,"The font appears to be quite small for users with vision difficulties, which makes it hard to read. It would be greatly appreciated if the app could either: 1. Provide an option to adjust the font size. 2. Allow the screen to be dynamically resized using gestures.",5,2026-05-08 23:03:38,0
aeaf4d26-2ce2-4afe-ab61-b1ed30a80731,good item fast delivery..so. many choice and good price.,5,2026-05-08 21:39:56,0
f6753dc5-1973-4639-a31b-7ca0786a7d90,Excellent,5,2026-05-08 20:35:24,0
891306ff-3d08-45c1-bd7f-e7d11144b8fe,Nice platform,5,2026-05-08 20:18:17,1
43f2e36c-16f9-4f7d-b9e7-6f73629cbcb0,so far good,5,2026-05-08 18:28:07,0
81a230fe-d3a6-406f-a704-3c862444adff,great,5,2026-05-08 17:44:19,0
94094a8c-c20c-4ee1-9ded-33e5b7a4a9bb,for me i just lov3 using it👍💯,5,2026-05-08 17:20:55,0
92ace9c2-aff4-498d-b8c1-ec3713707ddf,"I shop almost everything at Shopee. Convenience, variety to choose from, cheaper, easy return/refund, deliver the orders as expected.",5,2026-05-08 16:48:15,4
81a68351-d85a-4444-a69c-4b1244e2b9fe,"when I become a platinum member and subscribe ShopeeVIP to get more voucher to buy more thing, but after that shopee limit my account to claim voucher and not allow to renew VIP, now only can get a few free shipping voucher only in my account. On Lazada never get this such bad thing.",1,2026-05-08 16:23:07,2
8a3c126b-e193-48a9-99f8-bfb93a1d5902,⭐️⭐️⭐️⭐️⭐️,5,2026-05-08 15:39:49,0
8a9ca01c-08c7-45d0-83fe-9bb2bb6c3961,"the shopee food feature is way out of standard. my order for a restaurant at less than 3km away and not a busy town, took more than 1.5hour and the delivery driver is delivering 5 orders at the same time. how is it possible to maintain the freshness of the food?! my worst online food ordering experience.",1,2026-05-08 15:34:47,2
3721a819-25f2-4d60-beea-1f8ea34e831d,always late delivery,1,2026-05-08 15:22:31,0
2e767ff9-f2b5-4612-9cd8-ffbfacf5072c,Service mantap 👍,5,2026-05-08 14:46:52,0
c7c21ba5-ba23-4683-8f24-d792122eabe8,I share with my husband,5,2026-05-08 14:13:32,0
da7d8882-ea37-4c84-90bd-9e939ca99f43,easy and trusted,5,2026-05-08 14:02:35,0
d9ec273d-ec1d-4633-a33a-f78c5066d46b,good,5,2026-05-08 13:58:17,0
80e0cffe-d949-4a87-9dce-77dee8cdf3db,Alhamdulillah sdah sampai dlm keadaan yg baik...bungkusan pn baik...smpai pn cpt...akn repeat lg klo ada offer..,5,2026-05-08 13:46:09,0
827ef663-9fdd-4a25-98bb-4e2f940cc599,"Shopee is having an identity crisis. The homepage is cluttered with low-quality, AI-generated ""junk"" videos and live streams. Worse, products now default to auto-playing videos instead of showing images, a terrible UX decision that slows everything down. The app is incredibly bloated, consistently lagging for 3+ seconds on startup. Please let us customize the interface and disable these unnecessary social media features. I’m here to shop, not to watch a TikTok clone.",1,2026-05-08 13:32:24,2
dfce04aa-78bb-41d9-b68d-98c140408091,awesome app,5,2026-05-08 13:13:10,0
109662ad-ea55-4579-9f23-a878bf3272ff,"shopee bug makes me pay double for an item then shopee agents did not care to check any screenshots i gave to them then claiming my bill was correctly charged... i called them 5 times already and they reply with same answers at the end of each week work day and keep repeating it that way, did not even checking the facts...",1,2026-05-08 12:51:22,1
c519dde7-1628-4e5c-b561-845c19eed8cd,so efficient and good!,5,2026-05-08 12:08:55,0
1f87e4a9-99af-4f0f-9f33-8f4e14729306,"Do not trust Shopee’s same‑day delivery. Riders often fail to pick up or cancel at the last minute, which disrupts the service. The SOP is ineffective—Shopee should review its process to better encourage and penalize riders who fail to deliver after accepting a job.",1,2026-05-08 12:02:56,1
f3b74894-b37f-4ab6-9a60-c005f035cac2,nice apps,5,2026-05-08 11:57:36,0
cd3a5e5f-4902-4419-bea5-777b9a8debaf,ok,5,2026-05-08 11:53:23,0
225b9cda-fb67-480c-9adf-374bd14ea2aa,very love the shipping is very fast,5,2026-05-08 11:30:14,0
aea63fb8-eece-48e1-98d3-ce0f386d10ea,"Everytime I want to search for any items, it automatically search 'Xiaomi'. This happens quite frequent. Please fix this",2,2026-05-08 10:52:44,0
e3ae4bd0-7e12-4a36-b290-f3e156a5fb7a,Shopee AWESOME,5,2026-05-08 10:31:17,0
49d377b9-ea1a-4dcf-9ecf-6bd9a9ac9d55,keep on checking the quality of product as u have done keep upgrading the service for more better than now.now better service to exlent.,5,2026-05-08 10:29:38,0
59b6b596-360c-4792-afa9-4731c794df87,Good 👍👍👍👍,5,2026-05-08 10:04:39,0
fafcb110-13af-4a16-b6dd-3ece56b5827d,cannot collect coins from shoppe live,1,2026-05-08 10:01:31,0
4eea5ee1-5439-4392-bff1-006edc27f24b,good,5,2026-05-08 09:59:47,0
97970fa0-4242-4544-96c7-7dcfb4d789d1,Excellent shopping experience!,5,2026-05-08 09:29:51,0
f9d10f6e-98e5-46f6-8c1c-174d2ce8011f,amazing apps..recomended.fast shipping and money n goods are guarantee.,5,2026-05-08 09:13:55,0
4d37dadc-5745-4212-ad8c-6785987a6499,awesome,5,2026-05-08 09:13:37,0
bf6456b4-588d-4f70-b63b-6d6230ad9c1c,Good apps 😁,5,2026-05-08 09:09:58,0
3ddfc1a8-c33f-4539-b67a-6fc6b6bcefbf,Thank you shopee,5,2026-05-08 08:58:59,0
54571cc1-bec1-4534-a357-e0e616fc5a60,good,5,2026-05-08 08:43:31,0
dcdc769a-25e7-4c2e-9373-9e28fa92ffca,Nice n easy,5,2026-05-08 08:23:36,0
1ba65355-7523-487e-aac0-f4a58dfe5bf4,terbaik,5,2026-05-08 08:06:44,0
a15bebb5-e267-4983-b5a1-25bbc00f2db7,Amazing service also get a lot of discount 💯 recommended,5,2026-05-08 07:44:51,0
bd239567-5050-46b7-aba8-e1a3d6c83a0d,please upgrade the driver number phone who was sent a parcel out of delivery like as tiktok..that can be easy for customers,4,2026-05-08 07:40:13,0
a70a1ac0-78a7-4326-afb0-a5f01d125c35,shoppe is good to shop online and more rewards,5,2026-05-08 07:31:30,0
5991e18c-ef11-4526-ade9-a5eb01bb9569,Alhamdulillah sekarang shopee dah makin bagus (terbaik)..saya padam komen saya sebelum ni.. terima kasih shopee,5,2026-05-08 07:30:07,0
9684c28a-656e-4b7e-8fd0-d7aa9ae428d2,good,5,2026-05-08 07:04:02,0
0f79e199-2020-42f2-ae29-4075a9be29af,"shopee dont be too greedy. i search an item filter by shopee mall first thing pop on too is that stupid mj jewels and some non related items. are those ads? few month ago it was alright. what is going on. even when i scroll down to see actual product ive searched, its all mix up and messy with that non related item. please dont ruin our user experience",1,2026-05-08 06:30:18,0
399da5ac-b55c-43b0-8cd0-6d235fa9606e,Scam!!. ollects money but don't deliver product and inspite of giving bank details no refund. the company that dont deliver is not blacklisted which mean many are and will be in my situation. Easy way to scam. the chat feature is a faceless system created not to solve issues. most of good reviews paid to do so or by friends and family. i am sure those who lose money or get fake items dont bother.,1,2026-05-08 05:55:47,2
c1d1405e-af86-4a2d-97e8-dbe9d995cabc,sangat best berbelanja di sini.. banyak pilihan ada voucher,5,2026-05-08 05:47:01,0
3a68fc2d-5d54-4c22-89d7-1ad0bd8cac3d,Good Services,5,2026-05-08 05:16:55,0
8df21370-6163-49e2-b114-5a7cdbe5cf5f,best apss,5,2026-05-08 04:58:11,0
e3e653ee-bc8c-46fe-bda6-94cf13b62b32,Better than others,5,2026-05-08 04:49:08,0
fa226033-1671-4b7c-a467-e848c9bd82c9,good,5,2026-05-08 04:38:43,0
07a0429e-714f-4831-a659-b2b87ff78fc1,All gud,5,2026-05-08 04:35:24,0
578378e7-48e8-464e-8d6f-ce0b40441119,good,5,2026-05-08 04:18:11,0
e1bb0bfa-2124-4cf3-89ab-a42dd9f0abca,shopee terbaik,5,2026-05-08 04:12:05,0
391a990e-d74d-43b2-95c9-387ccc15539e,terbaik,5,2026-05-08 03:47:25,0
057e440b-8e02-436b-8d36-41790a5ed6c6,good and efision with this apps.,5,2026-05-08 03:25:59,0
514ee17c-5c7e-49a0-98b0-0d0dfc5ab268,terbaik...,5,2026-05-08 03:06:28,0
0e4da61f-37d5-4c49-abb5-91d6d8bfd26a,good and fast service,5,2026-05-08 02:47:07,0
723e9736-596b-4782-8f0c-9f75f39fdfa5,good,5,2026-05-08 02:16:16,0
6fc5cb73-404a-4ff2-b81e-7839a9539caa,Good Service 😊😘,5,2026-05-08 01:42:49,0
e4838762-4ae8-4763-adb2-46d849414947,"Untuk rate produk, tak boleh sort gambar by album. Kena go through banyak gbr utk pilih.",3,2026-05-08 01:33:04,2
5c19aee8-01d7-4bcb-90b1-50ac5e50321d,"excellent, convenient 👍",5,2026-05-08 01:29:53,0
2b5aa373-21d3-4f27-924c-297149a549c7,"Great service, although prices have been rising steadily, something to watch out for. however very happy with service of Shopee",5,2026-05-08 01:16:59,0
f3b55188-f355-4aed-9ee9-9c0e326f5940,please add TNG,3,2026-05-08 01:13:44,0
1c04e72b-7506-41e2-8dfb-0ec6c60cc247,"to many ads please slow down your ads at any webside or any apps,It was so annoying bruhh...please fix it",1,2026-05-07 23:58:18,0
e2e541b8-82a8-47ee-b3bc-e43aef1fced2,great 👍👍,5,2026-05-07 23:04:58,0
ea1c8c6f-6853-48fc-b754-c1a2651927c4,Too many shops with counterfeit items plus they allowed them to use names more or less similar like the official store and even the logo!!!,2,2026-05-07 22:07:38,1
eb8d6cbd-ff6d-4f80-98bf-2ddfefe24acd,good online seller app,5,2026-05-07 20:14:14,0
a9d30e66-f98f-4bf3-85ed-4eca78249b4f,good,4,2026-05-07 17:39:54,0
083e1cf2-4d8d-49dc-b7c8-5182a32a326f,Good love shopee ❤️,5,2026-05-07 17:20:28,0
c6b978e2-3493-4f4a-80d2-f05b271743dd,wow,5,2026-05-07 16:20:31,0
f9a5cbe0-2b62-477d-b3e4-96933e773961,boleh lah!,4,2026-05-07 16:03:47,0
a856fd22-8735-40fa-bf02-d806d7c97bd2,nice,5,2026-05-07 15:52:57,0
97411873-b165-4c37-93a9-9bd7e8d71a99,good,5,2026-05-07 14:53:35,0
12459c7f-7381-4b99-868e-08bdb343c3c6,barang sampai dengan bungkusan yang kemas.Tq seller.,4,2026-05-07 14:30:16,0
2f2b82d2-8d96-42b4-a619-dc162e6afed4,good apps,5,2026-05-07 14:17:31,0
e3773b8f-a9bd-414e-ba00-59386f62d4a7,variety of stocks,5,2026-05-07 13:31:40,0
1d2a0df4-f5a0-482a-b933-b3dfd7d76256,best sangat,5,2026-05-07 13:17:41,0
536b72f5-47cc-4426-a803-8925602cf14e,good,5,2026-05-07 12:55:23,0
9ed42775-ec3a-479a-91e0-842bc3b388ef,shopee mmg terbaik,5,2026-05-07 12:49:15,0
01b45654-1336-4985-b804-2237361ddd54,my parcel pending for delivery almost 2 days. suppose the send out delivery by today.. I'm very disappointed😞,1,2026-05-07 12:23:18,0
52b0629b-c12d-4f7a-a298-ef1640f9a8ce,sangat bagus,5,2026-05-07 11:47:24,0
6a6ac498-2e30-4da4-9914-1a94388fd564,lag freeze apps,1,2026-05-07 11:35:11,0
df50869f-1203-4ac7-bf36-7912e9c731c7,"ui...cubalah setiap kali update app xbuat benda bodoh ,notification lama dah elok ui baru hodoh susah nak navigate...bodoh",1,2026-05-07 11:05:40,0
5329c2e8-ba7e-40c3-bda2-f7a7c56d82e7,good,5,2026-05-07 11:05:23,0
e8b2f82d-bc85-4d86-89c0-35c66fe49ac3,"puas hati, berbaloi2. Sy suka beli barang bawah RM10. seronok semua free shipping",5,2026-05-07 10:55:47,0
0ccacfcb-1e13-4816-8756-c477cd709bc2,"The order of goods and payment methods are very reliable, goods that arrive late to the user will be given a voucher. Every order of goods that does not receive a response from the seller, Shopee will automatically cancel and the money will be returned to the buyer's account.",5,2026-05-07 10:24:10,2
b2caaf4c-8564-4455-bc47-ec0f51ccc66c,best,5,2026-05-07 10:20:53,0
ff415f32-c8c8-4857-a10b-7772adb29c5b,👍,5,2026-05-07 10:06:38,0
5d4fd36c-5182-45b8-b81a-2207418812b6,good app,5,2026-05-07 09:38:34,0
47dc3918-1245-43c0-9119-661b5de8cff8,The best App for buying online in the World,5,2026-05-07 09:33:57,0
2217f27d-ab5c-4d51-89f4-1d51dfff46e2,SUPER GOOD APP FOR ALL,5,2026-05-07 09:19:26,0
bbdccf8d-af39-4ddf-8981-946eaed35a7c,Easy,5,2026-05-07 08:58:24,0
8f3a823e-8ab0-4fd3-8ddf-6d470617ebf9,bagus,5,2026-05-07 08:49:11,0
e1cef6e4-b12b-4bf0-8362-ecb0a80da2bd,Fast delivery.,5,2026-05-07 08:25:04,0
2ec9e991-9844-4f4c-8b33-1229928ca1a3,very good,5,2026-05-07 07:14:52,0
706f97df-1442-482d-ae22-bd0a66fed806,another stupid updates ...bring back old shoppe app with minimal ...useless notifications ...please know what platform u are originally created for...,1,2026-05-07 06:53:31,1
d1a9d5db-12bf-4f6f-96b1-c328cfa04af6,spaylater help me a lot..only self control A must,5,2026-05-07 06:49:37,0
26d107c5-ccf0-4e86-9f21-6f1ad7c4453b,puasa hati,5,2026-05-07 06:20:46,0
09fdbdb5-c0ec-427b-8f1a-01dd1b7c136f,Excellent,5,2026-05-07 05:37:35,0
4fbac2ae-d648-429a-88a5-27675908f9d2,we can find almost everything needed in Shopee,5,2026-05-07 04:38:06,0
cad1d0e5-ef7e-4421-afd0-7d358b0b04c3,why i selected the shopee food and what appear is just white colour...before this didn't happened like this,1,2026-05-07 04:28:17,0
911b90a3-5633-4303-a0ab-b6a0215a05a7,when open too slow and stuck .. please improved this application..😭😭,3,2026-05-07 04:26:07,0
8fd06400-2113-4b3a-a089-21ba2dfc9e11,order today now..,5,2026-05-07 04:18:33,0
27f476c6-d3ea-4144-948b-b12e120c9559,need to drop rating cause lately there is too many AI video which misleading bettwen item on sale and the video. please do some this shopee!!!,1,2026-05-07 04:07:05,0
0d8936ed-f330-4c31-a76d-b5a1cf266b56,shopee is very good,5,2026-05-07 03:53:31,0
d4f9d171-c35a-4c62-8584-1fac28b65242,good,5,2026-05-07 03:40:54,0
58478939-3b55-4aeb-bcbb-be5443816b69,good,5,2026-05-07 03:32:38,0
f7c79796-0b76-402f-b1b9-5e8a9308999e,sampah,1,2026-05-07 03:04:04,0
fdb92c52-acdf-49ad-94cc-60d2f779127c,Super great...thumbs up!!!,5,2026-05-07 02:01:45,0
cdbd721e-b324-4154-83e6-ef286c34e00d,Easy and many choices,5,2026-05-07 01:27:48,0
808ca7b8-7140-477f-80cd-6ba3c4f83c96,bagus,5,2026-05-07 01:00:00,0
3f0f1cfd-6a80-4993-ace8-484c0517348e,"Updated: ok, this Shopee is not only getting too much, it's creepy to see their ads creeping into every app I've visited into: Duolingo, Cookingdom, YouTube, everything, the Shopee ads are everywhere, it keeps forced click on its own even the user didn't pressed though. I had to uninstall it because Shopee is clicking the ads on its own even if the users don't want to. This is seriously creeping me out, damn you algorithm for messing up.",1,2026-05-07 00:24:27,3
52d427cc-5d9d-4bbb-8623-a3587eb3862a,Very good online sales hub.,5,2026-05-07 00:21:49,0
dbe16697-64aa-4bd4-9cf7-b54d6cdae69f,"Awesome, hats off to Shopee, you proved you are way way better than your competitors. I ordered after lunch and got the same day, in the late afternoon. Both items were packed well and in immaculate conditions. Both items work well above my expectation. Keep it up, Shopee and kudos to the seller too.",5,2026-05-07 00:04:27,2
ef270291-8c39-4a94-9705-b8bebedaff6f,"Since the latest update, whenever I launch the application, it automatically navigates to the live video section. It's quite bothersome that one must exit the video or live feed to keep it from continuing to run in the background.",2,2026-05-06 23:32:40,5
7e0de65b-2e8c-4601-8921-4196bacc3777,Good app & services!,5,2026-05-06 23:09:24,0
b87ea8b0-42e4-4af4-9f9b-b5cd3a278c17,Fast delivery good quality 👍🏻,5,2026-05-06 21:40:03,0
a0da7719-e985-4cea-8c20-650c69912afe,helpfull.learn many things he..love you shoppee..byk trusted,5,2026-05-06 19:38:34,0
8a9e1b41-031f-498a-8327-12863532292b,"shopee pay teruk,masukkan duit,lepas tu duit tk masuk,error lah itu ini,telan duit gitu je?",1,2026-05-06 17:09:34,0
df3a3023-8aa8-4ca4-98ef-0e50af4db8b4,menyenagkan pembeli,5,2026-05-06 16:56:20,0
5b4fb170-ac17-4770-be0e-0173bef8cdf1,MY PARCEL HAVENT BEEN PICKED UP FOR RETURN AND REFUND.DO YOU KNOW HOW FRUSTRATING IT IS KEEP HAVING TO WAIT AND TALK TO CS.EVEN CS ISNT HELPING AT THIS POINT ALL THEY DO US CHECK CHECK CHECK ONLY! NON OF MY PROBLEMS ARE RESOLVE CAUSE ITS BEEN 2 DAYS! AND IM A STUDENT .YOU THINK I HAVE ALL THE TIME IN THE WORLD TO STAY WAITING FOR COURIER TO PICK UP MY PARCEL?! WHY DIDNT IT HAVE PICKUP TIME ANYMORE?! WHY DO I HAVE TO BE AVAILABLE FOR THE COURIER TIME?! WHO'S THE CUST RN?! 5 CS YK N STILL NOTHING,1,2026-05-06 15:36:56,0
e27e5b26-1f64-45cf-bf1b-dea6db7f8656,I like shoppe..,5,2026-05-06 15:34:16,0
7e1efb41-f572-4859-bad4-2be769619106,"Very good service Shoppe,",5,2026-05-06 15:22:06,0
14e5cf80-59bc-4c32-8b36-5da2ee53639a,nice app,5,2026-05-06 15:03:06,0
a7b3b4e5-0210-46b7-9622-bdda127e7c4d,sangat puas hati,5,2026-05-06 14:50:32,0
254395b9-da73-43db-8329-24bb52c47e27,okayjer app ni,5,2026-05-06 14:43:03,0
730c310f-54dd-4795-95dc-f6f9313be7ca,too many extra stuff wasting battery. remove homepage video and bottom random items.,4,2026-05-06 14:19:12,0
62b45b79-f7ce-4cc7-882a-bd04de7c6b1e,nice,5,2026-05-06 14:16:53,0
f7f05418-bf22-45f8-99c3-76d1f24b51d8,good,5,2026-05-06 13:59:02,0
3c8e4187-511f-4ec3-abef-b8f3483d94a2,mantapppp kali!!!! banyak voucher yg gila² punya diskaun...,5,2026-05-06 13:53:23,0
151538f5-fb6d-4e6e-9257-5ce3194dcf89,nicelydone,5,2026-05-06 13:50:49,0
b262e77e-b5b8-4f53-af13-6a1751f575e7,"I’ve recently run into an issue where a mall seller didn’t ship out a heavily discounted item and allowed the order to expire. I’m now facing the same problem again, with another discounted item left unshipped after multiple failed pickup attempts, and it’s close to expiring. Disappointed experience, especially during these recent sales.",2,2026-05-06 13:43:28,11
26f79edc-47da-44d5-a59a-881b6ecb4367,okey good,5,2026-05-06 13:13:40,0
32ef2036-b7a7-47bb-b19a-65619547523c,easy to use,5,2026-05-06 12:37:38,0
df46f461-c97d-49fc-aa68-6751e5695ff6,very fast n safe receive all in good condition n lazada worker very efficiently,5,2026-05-06 12:32:04,1
9698993a-1ba4-43b1-ab40-7505cf6cf2ae,excellent,5,2026-05-06 11:52:44,0
b0b28bc7-58de-49ba-a692-75e1245f942d,"Shopee suck ,why ? first they shopee express service so slow and never keep on time, second , when they ask u to ""speed up the delivery"" , it never work ,its just sloppy ai repeating same sentence, third , Parcel never show up on time eventho u paid the delivery fee , four , They never solve issues with customer , also shopee express pls do better cause other express do better than you do ... 😡😡😡😡😤😤",1,2026-05-06 11:47:29,3
091ee970-e6fb-450b-81af-5427707f181c,Kenapa shopee ni dah gila agak nye...dah tak pakai pos laju dengan jnt lg ke...semua standard Delivery je...makin mengarut lak aku tgk shopee ni....kau bukan menyenangkan kau menyusahkan ada le...,5,2026-05-06 11:39:10,1
139a4eb2-946f-4935-afc3-caad0c1535c7,more better,5,2026-05-06 11:38:04,0
c93d662c-8a72-49e0-a5c8-f92149739518,brg padu,5,2026-05-06 11:23:08,0
aae11d74-f3ae-4576-9bb1-9617ddc28d3b,good,5,2026-05-06 11:22:27,0
81bdab03-3eab-4d34-924f-14d42f470e7a,EXCELLENT,5,2026-05-06 11:14:16,0
d93bfb33-44f5-4573-b306-667fed1c3ef9,app ni untuk pengguna yang suka beli barang online pada time harga turun...,5,2026-05-06 11:13:21,0
f6a6bed3-c68d-40de-b226-815778ef271b,tak dapat pon 15 coins ikot template review,2,2026-05-06 11:05:59,0
4bdcd620-f14e-495a-baf8-82a422437184,all good👍,5,2026-05-06 11:00:59,0
b7331caf-1fd0-4eec-be6f-293042ee1691,"DO NOT BUY JOMREBUT DEALS, THEY'RE ADVERTISED AS THE MAIN ITEM, BUT INSTEAD YOU'RE BUYING A VOUCHER. ENDED UP PAYING THE WHOLE PRICE FOR THE FOOD. WHEN YOU'RE CHECKING OUT IT CHARGES YOU AN EXPENSIVE PRICE FOR DELIVERY. SCAMMING AND FALSE ADVERTISING. I WILL NEVER USE THIS APP EVER AGAIN. I'LL STICK TO BETTER ALTERNATIVES THAT DON'T SCAM AND FALSELY ADVERTISE TO GRAB YOUR MONEY.",1,2026-05-06 10:28:51,0
74f539be-392f-4699-85e5-7317645bda4d,Dah 2 bulan xboleh claim coin live..cs kata nk selesaikan tapi xselesai2 pun...so selamat tinggal shopee,1,2026-05-06 10:13:07,1
0939dde7-f36c-4d3e-bf47-6a3130986109,love it,5,2026-05-06 09:55:17,0
737ec172-3de9-4987-82de-419e25c89886,best,5,2026-05-06 09:51:43,0
83a89c52-44ff-4af2-b21a-bdea2a46d5ef,Good,5,2026-05-06 09:37:33,0
cb501531-f777-4369-961f-17e63e367bb0,shoppee thing chiper with voucher discount,5,2026-05-06 09:34:26,0
98a7ef51-f165-4685-b9a6-b0b5a51f7038,"I used to be happy shopping on Shopee, partly because of the J&T delivery service. But not anymore since they switched to SPX delivery. SPX does not meet expectations and there is no communication with customers during the delivery process. That’s why I no longer shop on Shopee.",2,2026-05-06 09:21:14,0
31ad4cfb-eabb-44c7-9046-e7766de264a7,great!,5,2026-05-06 08:59:53,0
5d228eaa-9a79-4b27-b314-50846f6954d1,terbaik dah mudah,5,2026-05-06 08:57:28,0
f8a62e5d-e7e2-4442-828f-05f06724b8b2,Good apps..nice,5,2026-05-06 08:47:09,0
8116cde5-e6c3-40dc-b1c2-d0d789934e84,"the app is so lagging and crashing as fkk! the app always doesn't respond when i trying to write a review and added a pictures and vid of the product, the app always got freeze.. make me repeat all over again to review and rating it. it making so hard to rating the product if the app always crashing out.",2,2026-05-06 08:42:05,0
a3300a17-0879-48f5-b06b-b134403af03a,mantap,5,2026-05-06 08:42:01,0
126a64f1-ea0d-4c05-bc27-184e131444ca,Terbaik.. Penghantaran cepat,5,2026-05-06 08:36:22,0
f7ed0460-c2f4-4a75-886e-6a913528e269,so far so good,5,2026-05-06 08:12:34,0
708cf516-cded-4a01-95fe-295a4c60afab,fast delivery,5,2026-05-06 07:31:15,0
664c420f-09ed-440e-b1dc-861a53dc1bab,Very good,5,2026-05-06 06:19:21,0
3b8ceae9-5d14-422a-b11e-39e5b67a4ea6,"apps is ok just not good in filtering seller. some are selling fake product especially mobile cable, charger",4,2026-05-06 06:18:49,0
d8eb2d9c-c3ad-4c22-84e7-06c8330a1eeb,online shopping app terbaik.,5,2026-05-06 06:04:29,0
afc39a4d-a600-439c-a2b3-04a12c455d50,Awesome.,5,2026-05-06 05:38:28,0
d8f229f1-6122-486b-8c83-cce421559491,"Sofar ok except for two occasions 1. product swapped, 2. smaller unit supplied - both sellers' fault * in late Jan I bought tis same item. didn't collect. item was sent back to seller. had info shopee few times. hv yet to get refund into shopeepay",4,2026-05-06 05:33:08,2
e6a50741-9ea5-45e3-9f87-bac754d0bce7,Lousy review system!,2,2026-05-06 05:24:53,0
f1c4f6b2-028f-48cb-8c3d-3314c01ffda9,"i prefer the previous model of gaining coins while scrolling through the video tab, instead of the current time based one.",2,2026-05-06 02:59:59,0
8cee78b0-d5de-4700-9d2a-11180827cf1b,at time everytime and price are also reseanable,5,2026-05-05 23:43:13,0
bf63f0e6-edf7-4b18-99bb-84403bcc2bdf,SHOPEE USELESS NOT ALLOW TO BUY FROM OVERSEAS,1,2026-05-05 19:40:30,6
8f8c3b12-0381-496e-b4b8-8ef32c627020,"Trash app! Lots of resources being used from the app. Edit: No, it's still the same. Lots of resources are being used. Also, you don't have the rights to control settings from my device.",1,2026-05-05 17:58:53,0
bc349ab1-820f-4dcf-8346-06fd6b700e5d,mantap,5,2026-05-05 16:33:07,0
16d61542-5e7a-48ff-b7d3-6f22d086e752,boleh improve dan sediakan pembayaran dengan guna touch n go,1,2026-05-05 16:18:21,0
c89ad2da-adeb-44f0-9286-5e5e1cdd422a,terbaikkkkk,5,2026-05-05 15:04:53,0
8770badc-884b-4f23-af62-bb610404c34c,good,5,2026-05-05 14:52:00,0
63cd24bd-683b-4d9f-b992-66556a5848ff,nice,5,2026-05-05 14:37:45,0
1e51fc41-90c9-4a05-9737-354af4cdc4bb,terbaikkk,5,2026-05-05 14:24:28,0
508683e2-746f-4cec-9a86-89cb947c4094,refund sgt ssh dpt,1,2026-05-05 14:19:00,0
09eb2b37-03b5-4c45-84c6-53ebf7167400,bagus,5,2026-05-05 14:15:13,0
875cc853-a2b6-4c7a-a463-7e75b287b86a,terbaik,5,2026-05-05 14:09:42,0
968f56ff-8a48-48d4-8d71-a5b3f631d357,Why are you allowing AI videos in your apps for marketing purposes? Are there not enough false marketing in your apps yet? Also the Live that you force on your users. Please don't reply me with bot. I've had enough of these AI.,1,2026-05-05 14:06:39,1
183ecc36-e380-4d8d-af8d-99600aea62aa,a lot of my items I bought from shoppee. Easy n have all items that I needs.,5,2026-05-05 13:47:25,0
5449e075-a6d6-4989-aa3c-f69a2c4fa5d5,"Shopee. The one of a popular e-commerce platform known for its affordability, frequent discounts, and user-friendly interface. With a wide range of products, secure payment options, and reliable delivery services, it offers a seamless shopping experience. Features like Shopee Live, vouchers, and flash sales make it a favorite among online shoppers. Highly recommend🫰🫰",5,2026-05-05 13:31:29,0
0e6fafcb-45ec-4739-862a-1d8066552317,Shoope Service Now Very good upgrade in system keep up ur good job shoope tq.,5,2026-05-05 13:26:43,0
72c4620d-6cea-456a-9276-298e82546605,"Bad experience these days with shopee. Open app to shop but annoyingly, the first thing that came up was an annoying shorts/reel-like video about a product. Is shopee desperately trying to be a social media app like tiktok or Instagram ? Truly pathetic. I might not use shopee anymore. Change it back to how it use to be. Open app, and it should be showing the home catalogue right away,not some stupid live and video section. Very disappointed.",2,2026-05-05 12:58:12,3
57657540-eb17-4687-ae0f-7f90cfa2c96f,Very good apps,5,2026-05-05 12:46:58,0
eaa58858-1c9e-4496-add2-8ec07d0f0e00,belum cuba lagi. harap memberi kesan yg baik,5,2026-05-05 12:43:16,0
8221a9c5-7009-4890-bb99-4070d23062d7,Shopping platform terbaik,5,2026-05-05 12:31:54,0
356667da-6100-4e6d-a352-5b0852f56ba7,good,5,2026-05-05 12:25:19,0
5f3ca22c-4728-4d22-af04-d120ea04d9e6,tq shopee.. muahh,5,2026-05-05 12:19:34,0
9cc651e6-d873-4249-8bcb-60e45643f034,"“Convenient and affordable, especially with Shopee coins.”",4,2026-05-05 11:23:28,0
dfefad13-3448-4260-a6d9-63c1fd16f59b,resourceful,5,2026-05-05 11:18:37,0
6ad58990-06ca-4d64-b6d0-bd9ea8d24034,amazing app for me as student to buy things because everything is very affordable and less scam issues as well as the delivery including from overseas are very fast. overall i am very satisfied w the service and products they gave but i do hope there is relics sell there tbh,5,2026-05-05 11:16:14,0
fe9df734-4651-4474-ac69-a96b7115b335,good👍,5,2026-05-05 10:17:39,0
d1c2f807-9b33-4c61-ab15-b56ee3e2ffce,The best online Shops to shopping. Reasonable price & good quality,5,2026-05-05 09:42:27,0
3f9b06b0-c397-4878-9565-109f951ddcbd,nice,5,2026-05-05 09:20:02,0
7bda8092-9ec3-4809-ace1-40bc6c93c1bf,terbaik,5,2026-05-05 09:13:31,0
8b5bcea6-8858-4112-8725-85a20f789217,👍👍👍,5,2026-05-05 09:12:44,0
23dfe9d6-300c-4be6-9420-b1918312a2d1,mantap,5,2026-05-05 09:11:45,0
533db110-b672-4d89-8771-0f549f4db2ed,many usefull thing in market...easy to buy & fast delivery,5,2026-05-05 08:14:09,0
e7f313bb-7b3b-4e39-bed3-470c52519652,a lot of items video previews is filled with AI SLOP that does not make sense,1,2026-05-05 07:51:13,0
0807f867-5c41-413c-9392-b75a25fe80c8,good and reliable,5,2026-05-05 07:45:01,0
bf9b2cce-7b24-45d8-a0d4-8e92eba9aea1,super,5,2026-05-05 07:44:44,0
e6a072f9-510d-44c8-8ebd-bb90fb704962,very unhelpful help service,1,2026-05-05 07:35:33,0
27f2fde9-96d9-453a-b485-e6ecf5a3f12a,Wow!Jimat banyak ada diskaun..delivery sangat cepat.,5,2026-05-05 07:18:27,0
10789123-3b23-4751-8aea-f061252afcd2,terbaik,5,2026-05-05 06:17:32,0
f7bfeecb-b0bf-4678-8710-c510c51f4900,good,5,2026-05-05 06:14:05,0
38fcd080-bdfb-4489-83e0-80f87ab911fc,"Really fed up with your Apps.Till now still not able to recognize who is seller &who is buyer in Chat Please do the recommendation below to solve the issue: 1. At Shopee Apps remove link ""My Shop"" 2. Force all seller use Shopee Seller Apps or Shopee Seller Web handle incoming Chat. 3. Whoever use Shopee Apps or Shopee Web send message is BUYER 4. Whoever use Shopee Seller Apps or Shopee Seller Web send message is SELLER. Lazada nvr has this issue, because they force seller use SellerCenter App",1,2026-05-05 06:03:29,17
90311209-2a92-450a-98fb-465e15393cf9,"The interface is clean, easy to navigate, and makes browsing, comparing. I love the daily flash sales, free shipping vouchers, and seamless payment options like ShopeePay. Live chat with sellers is quick and helpful, and deliveries are surprisingly fast. Plus, the in-app games and coins keep it fun and rewarding. Highly recommended",5,2026-05-05 06:01:04,13
ba44c179-5423-401b-af59-3e2f3da372a5,byar pay later tiap2 bulan tk penah missed. tp dh 3 kali limit upgrade fail. finance -i pun 3 kali fail pdhal tahun ni dah naik salary. doc complete. tak penah lewat byar kadang byr lebih . rasa tk best shoping kt sni dh better laza. bayar lebih or byar ontime limit asyik sng je naik auto sama mcm tiktok tak payah susah2 submit limit upgrade just to fail upgrade 3 kali . nak stop or kurang beli kt shopee. beter beli dr laza or tiktok je. payleter dorg jauh lg better.,1,2026-05-05 05:50:44,0
68f77675-5e46-439a-96b3-7fcc67211c3a,voucher banyak tapi nak claim je hang.,1,2026-05-05 03:19:39,1
638354ce-a90b-41e0-9a6d-b6c3cd77a9c6,menggangu dengan iklan,1,2026-05-05 03:18:59,0
6f3f0a71-3ca7-4c08-bab4-cad2dd082c5c,Aplikasi yang bagus dan bermanfaat untuk beli barang dengan harga terjangkau.. Thank you shopee,5,2026-05-05 03:14:43,0
3e3e2696-8ece-4443-b6d2-880cec3f4808,"The app occasionally (but frequently) opens the Live & Video tab whenever I open the app, which is rather displeasing and makes me think twice before buying on shopee or just go on somewhere else. There isn't a button to toggle this off anyway, making this look like it's stuffed to your face. Can't this be removed or we opt out of it?",2,2026-05-05 01:13:58,7
67b84c79-4aad-4efb-b63d-8cc26b105923,ok,5,2026-05-04 22:40:14,0
a563d1c3-2f4e-4041-abe6-de900f2c7593,so excited 😊,5,2026-05-04 22:03:28,0
cddbdc9b-76b6-4983-a43b-fd35753a0e31,skrg ssah nk ade cod..hati2 dgn spaylater geng..,1,2026-05-04 19:44:56,0
c6f4b3d6-d0db-497e-8e81-6600ae687f26,👍💥👍,5,2026-05-04 18:14:42,0
5142fea9-4992-4931-924e-d0e356ce6cb4,"Such a stupid app. Only give priority to the buyer. Buyer cheat also can give fully refund. Then give one star review to the service still give penalty. How the hell is this stupid app? Don't ask me to call u. I call u must give u 5 star rating. Not only than that, if I give one star, then penalty again. Cilaka such a dumbass app. Seller always lose!",1,2026-05-04 15:33:55,1
9f3b373a-2f07-403c-965e-1a2faf6ade93,Worst! after transaction suceess shopee apps turn blank and status pending pay.,1,2026-05-04 15:29:28,0
de5be997-aaa4-42fd-9f46-4887d266af74,"Yeah best app all that but I've being dealing with lot issues lately. I don't know it's the seller or shopee problem but my package is always arrived late. Even to one point that I ordered 2 items, and one of them was cancelled by shopee because of late delivery I guess. I really hope shopee fix this issues or maybe it's just my bad luck or something",3,2026-05-04 14:49:55,8
86109adf-7a11-46ef-9c98-7c48d19a3722,Terbaik la shopee time2 terdesak blh jugak beli barabg melalui shoope paylater.. Shoope bayak menolong sy untuk barang2 yg susah sy nak cari dikadai tapi shoope semua ad memudahkan n menjimatkan masa sy. Sy bagi 10 bintang buat shoope terima kasih shoope,5,2026-05-04 14:36:26,0
764c5aa0-b11e-450f-b880-f4574b7fe097,ok,4,2026-05-04 14:35:35,0
32cdc76d-75ca-4b04-ac89-8b03f59733bf,iklan banyak,1,2026-05-04 14:29:36,0
89629bc7-8b0f-4e64-ac85-2fa6851bd6b6,good for spend your money,5,2026-05-04 14:08:43,0
c691f28c-584f-4142-8009-d97e65899bc2,"got many error and bug,so lagging",1,2026-05-04 13:50:49,0
4a6cdde1-9a08-4376-b081-66187c768e29,Very excellent,5,2026-05-04 12:57:55,0
5e2916c3-b852-4e32-a872-14d8641f2304,GOOD,5,2026-05-04 12:50:35,0
6a686a0d-00cb-46cc-a2ef-55d1f650d176,nice. .,5,2026-05-04 12:50:09,0
767fae15-ee29-4466-98f4-3adbc3ddbb4d,"good , but to soft. cannot exfoliate dead skin cell.",5,2026-05-04 12:10:47,0
deb35fff-d190-4791-930a-4466f642ec13,best..murah,5,2026-05-04 12:08:02,0
3592dab0-cafd-46fd-9fb7-3b3803d70eed,good,5,2026-05-04 11:23:57,0
7c5f5560-f7f7-4c76-8bc5-c08460efd721,Terbaik,5,2026-05-04 11:14:25,0
45eab9c9-20ad-4a31-a960-c2216dd81743,best online market apps.,5,2026-05-04 10:47:25,0
a22034d4-ea4f-4e52-b4df-94608c5b9de1,very good,5,2026-05-04 09:56:21,1
583277b7-7654-4d9e-b9e1-01100ba89c57,"Aplikasi Shopee sangat mudah digunakan, harga murah dan penghantaran cepat. Sangat berpuas hati 👍”",5,2026-05-04 09:21:00,0
bf1ab0df-4a80-458c-9118-eafcb3d29bea,"Shopee is honestly one of the best app for me to buy things that i couldn't find in physical store. i could find things that i want easier whether from local seller or international seller. but, the only problem is the payment method. i wish Shopee could put more options for it such as Touch n Go e-wallet. As a student, it is much easier that way since we don't have credit card yet.",4,2026-05-04 09:09:34,5
c0a44fc0-897a-462c-bcdb-a67701bc8652,good to use,5,2026-05-04 09:07:52,0
fcd9f405-65e0-4e3d-969d-c17d1ded7093,good,2,2026-05-04 07:59:28,1
b35de495-e559-449a-8777-73e8d6ae5e81,I need to delete my shopee account linked to my Apple i.d. Already try using mobile number but failed because cannot login to Apple i.d. account. I have two shopee account and other online shopping app linked to my Apple I d. I need to delete one. Please help me.,1,2026-05-04 07:58:52,1
fb85c996-db03-44b1-b0bd-2b7742d1bc96,"Shopee as online shopping plaform is good. Problem is Shopee Food, ordered and waited for 40+ minutes without assigning driver is messed up. ended up no food and cancel. Cannot commit to Food delivery then don't do and manage Food delivery service.",1,2026-05-04 07:45:55,1
13ef7932-2062-480a-8bf4-533733047192,good the item's quality really good and the price is not cheap it's expansive but worth it,5,2026-05-04 07:39:39,0
169b36b4-bdf9-47b0-aad6-b597da9b4d8e,this amazing for shopping and 100% really products,5,2026-05-04 07:12:04,1
7e95ff51-70b5-462a-ab01-9ace277bca70,good shopping 🛍️🛍️ center,5,2026-05-04 07:04:23,0
831c2f63-3a77-4b09-83f8-e24c1c9b7175,Terbaik,5,2026-05-04 06:27:49,0
431e35f7-f45e-40eb-aa95-9b3a8f5c4727,tq shoppee.. terbaikk,5,2026-05-04 05:55:22,0
a93a9fff-0edf-4cf4-af68-b66f3a8bd167,sangat memuaskan..,5,2026-05-04 05:34:25,0
47ebb0a3-4b2c-4939-8fd7-d64a001059bc,worst app ever... prefer other options..useless..,1,2026-05-04 05:29:20,0
84ecd89e-788a-44ab-afcd-ee34938fc214,"Terbaikkk , memudahkan urusan ... mantapppp",5,2026-05-04 04:09:35,0
30f9ade0-c137-4015-be75-d68d017d080a,baik,5,2026-05-04 02:48:26,0
e6a90cd8-9a64-427a-a578-e8d2278d5f7f,Opening the app straight to live feed/video. Cannot change this setting. to the developer try the app yourself,1,2026-05-04 02:37:44,0
fb7ab839-d706-4399-8964-dcc14f73dac7,shopee is the best,5,2026-05-04 00:42:58,0
153279f4-703f-43cd-86aa-d282d9aede9c,Nice it this app,5,2026-05-04 00:19:32,0
4de42bac-15ff-4669-aba9-8899fb8b955b,"good app for cheaper option stuffs but the app kinda often lag , hope you'll fix it",4,2026-05-03 22:53:51,0
5eefc5d9-7070-4053-94a6-491107dc1cf1,terbaik..xperlu keluar rumah tetapi setiap keperluan ada . Cuma perlu pandai memilih utk memastikan pilihan anda yg terbaik utk keperluan maksima,5,2026-05-03 17:22:58,0
b3175b25-6001-4c61-b544-e3a9bc8d66f4,Total waste,1,2026-05-03 16:03:14,0
0dc8a252-fd35-4ce5-b166-fc77d455556f,Good app,5,2026-05-03 15:57:06,0
b6cf48cd-cc05-48fc-880a-c70c49494418,recommended💯,5,2026-05-03 15:47:53,0
6d73fe1a-77c4-4870-a985-a89a0c47fc9b,shopee food delivery cheap. more vouchers,5,2026-05-03 15:14:59,0
82ce6eeb-1367-4afb-9c82-708fa0b11a72,"SHOPPING KAT SHOPEE BEST CUMAA TAKLE BAYAR PAKAI TNG TOLONG LA SHOPEE KITANYA TAKDE BANK NAK TNG,SHOPEE NI BARANG BARNAG MURAH CUMA TAKDE KAEDAH PEMBAYARAN PAKAI TNG JEEE",4,2026-05-03 14:29:53,0
b7d706fa-17d3-4b24-9ff7-ff3c8d8eeec1,"very bad app........ new phone id problem order cancelled,,what problem",1,2026-05-03 14:17:56,0
12ddff61-d605-4a4f-89d8-1fbc5d83374a,good shopping zone 😁😁,4,2026-05-03 14:09:57,0
4f10162b-e61e-4bb1-9c7f-ff32ae68a2f1,"shoppefood teruk, beli voucher untuk murah, last ii bayar dengan harga yang sama atau lagi mahal sebab still kene bayar delivery. lepastu sidai dua jam, belum sampai lagi ni, kedai tu dahnak tutup dah. teruk teruk teruk",1,2026-05-03 13:08:06,0
0fa26d1d-fc9d-417d-ad07-410898876639,excellent 💖💖,5,2026-05-03 13:02:54,0
b569966f-9069-4262-8b81-cbc43dd85bd5,awesome,5,2026-05-03 12:43:03,0
40cd9b89-15bc-4544-a3d2-46be91b55f36,"worst after update. terrible interface for notification. difficult to find shopee farm. the shopee coin earn fron watch video interface also keep changing, not standard interface. I already refer the customer service. no use to refer the cs. they mentioned it the new interface after update. nothing can do",1,2026-05-03 12:26:49,0
136225f7-8a6a-4ba2-be4a-a03050175e33,terbaik,5,2026-05-03 11:04:26,0
2c694365-abbb-47f7-9bfa-3dac33a541fa,Good service and fast,5,2026-05-03 10:59:06,0
0921cd73-438a-4d1a-8e36-6fb56d62d69f,ok.,5,2026-05-03 10:22:05,0
9f1c9779-b206-4c6f-95fe-3defef96feb2,"PLEASE UPGRADE YOUR CUSTOMER SERVICE, IT IS USELESS AS IT IS NOT HELPING ME SOLVED MY PROBLEM. I ORDERED FOOD BUT ONLY GOT SOME OF IT AND WHEN I REACH THE CHAT IT ASK ME TO UPLOAD PHOTO BUT THERE'S NO BUTTON TO INSERT THE PHOTO THEN HOW COME I CAN PROCEED WITH THE INSTRUCTIONS???? SECOND CHOICE IS TO OPEN FROM THE WEB BUT COME OUT SAME, VERY INCONVENIENT FOR USER!!! YOUR APP ARE SUCKS!!! NO WONDER PEOPLE CHOOSE TIKTOK MORE OVER YOU SINCE YOUR SYSTEM IS OUTDATED AND VERY INCONVENIENT FOR THE USER",1,2026-05-03 10:18:15,5
5b343918-2b4a-4079-9b6a-17f52bc4c38b,good,5,2026-05-03 09:53:12,0
a6080de5-9f94-42e4-82ac-ebc9d8bf9238,"I am disgusted that the app forces you to the 'Live & Video' tab when you open the app, and videos begin playing! So annoying and disruptive to my shopping experience.",1,2026-05-03 09:40:10,4
427a9b74-2363-47a7-bfd7-cb052fc7eaab,great apps. The drivers for shopee food are always available even though it's raining day.,5,2026-05-03 08:49:41,1
634d5096-d24d-4391-9bb9-fbcd5ca47bff,"Enjoying my purchases, thank you very much.",5,2026-05-03 08:28:56,0
84b2bfe3-80ab-4b89-b1e9-af402e9a6cfb,I mean is good app,5,2026-05-03 08:18:38,0
69775451-9ef4-4a33-a87a-fc857bc061fd,Love yes,5,2026-05-03 07:59:32,0
34491c4c-258e-4a2c-b0a1-4ee12660208d,very good,5,2026-05-03 07:30:42,0
ff4640a1-cde6-437f-a00d-ed5e32c0f911,Trusted,5,2026-05-03 07:15:05,0
80b1ef5a-6b48-41f3-80d7-9a2aae6ade2d,"Need to always be careful alot of Need to always be carefu malware,Tap on a clip to paste it in the text box.",2,2026-05-03 07:11:52,0
75e14f14-c72a-4060-bd73-f46ed555d6fb,Good 👍,5,2026-05-03 06:25:36,0
2c0e23c4-4719-47ee-96d0-f87db1257581,good,5,2026-05-03 05:01:04,0
73f62d4b-a5b2-4fca-a3d7-bd0116d1b0ee,Bad,1,2026-05-03 04:42:06,0
ecec56a5-42d3-4643-8570-835fa0974655,"Your limiting food delivery items to 20 max is ridiculous. Especially for sushi orders. Your customers use delivery apps for convenience, or did you forget that? This limit defeats the purpose. Switching to G app where there's no limit.",1,2026-05-03 04:26:30,96
ffc03ef0-2ec5-417a-b272-4958e6f2771c,"if I want to watch short video,I'd use tiktok,stop playing dumb video with volume when I launched the app.",1,2026-05-03 04:07:14,1
3fcf5b07-bc73-4237-a545-180d78e26010,Harga boleh dapat lebih murahb berbanding apps lain. Dan selalunada voucher besar2,5,2026-05-03 03:46:16,0
857fe9c7-9be4-4f32-b50b-ba11a5bb6258,best online shopping ever. the feature is easy to use and understand. the flow from checkout the item until reach customer home is so well shown in the apps.,5,2026-05-03 02:41:29,0
d2aa4373-6d35-4723-9d15-b76d59ab790d,"Got conned by Shopee. I spent USD200 on a 2TB Samsung drive that turned out to be 250 GB. The customer support marked my issue as solved twice and told me to report the seller through their system. Said they can't refund me contrary to their policy. Seller still running with Ofiicial Shoppe Support. I know it's a small purchase and they don't care, butI'm going to report on social media and to police. Seems to get their attention.",1,2026-05-03 02:39:31,6
733c94cc-0334-4b7d-af91-f2665563c077,scam app.. i thought i buy something in a cheap price but instead it just a voucher for that something without telling that im buying a voucher before i bought it,1,2026-05-03 02:28:00,1
ee5af290-5895-4619-9e7a-cea5e06bee52,Can lah,5,2026-05-03 02:08:29,0
60374f7e-a9bc-4024-95bb-0288e0e3ec6c,good,5,2026-05-03 02:04:28,0
9c7e9a6a-46a5-42d9-928b-ef643c9cbe32,Good,5,2026-05-03 02:00:51,0
d3c9092e-4162-4bb7-ae00-2c2688c2fdb4,very good,5,2026-05-03 00:43:51,0
911cafb1-e80d-4c52-815f-0f82411619c9,off plz,5,2026-05-02 15:25:21,0
acb772c0-4382-44d7-b474-1ded9019298b,perkhidmatan terbaik,5,2026-05-02 15:03:53,0
fd943ea8-a00e-4769-a36c-cd63f65f5bb3,good in searching products & comparing prices,4,2026-05-02 13:56:23,0
91cf08aa-cd90-47d8-82ce-44fd4c1be7c3,good..easy...,5,2026-05-02 13:54:15,0
ddb2dda0-8e6d-49b6-8683-b2dbfdbb0f68,"I have no idea why Shopee thinks it is a good idea to advertise in other apps' ads, and trickily forced our phone to open the Shopee ad. the fact that you looked so dishonest in that act, made me wonder if you have any proper and honest integrity at all. I am a regular Shopee user, but all these ads in other apps are deal-breakers. As soon as I can find another good shopping app, I will dump this spammer.",1,2026-05-02 13:33:10,17
b396144d-9fd6-4bcf-93a8-27cb15429a14,Easy to order,4,2026-05-02 12:48:01,0
3b4dc5e6-be23-447e-8b3f-fd7ce0ac3e45,terbaiikk,5,2026-05-02 11:25:38,0
110d227d-39aa-44cf-8590-b7c0985e0c07,ngam,5,2026-05-02 11:17:42,0
a07013b7-6722-4f1c-b7bb-064bc2063949,Very fast on delivery,5,2026-05-02 10:50:52,0
7559276a-dfad-4629-b8eb-a29e40513340,feeling good,5,2026-05-02 10:27:50,0
25c781f2-6c6c-491a-b93d-6944f3483435,i am happy with shoppee delivery.. no complain except the videos are annoying.. it opens directly when you access shoppee and difficult to cut off..,5,2026-05-02 10:17:00,1
1a668d90-2d26-48b0-ae4c-96ee8ecd2f31,nice,5,2026-05-02 09:57:46,0
f8e96c4f-35b4-4b1d-86a7-f0cc1895116a,not good can't buy anything to many problems,1,2026-05-02 09:38:15,0
98dffd59-cb1e-4977-9450-6d9e71bc39a2,"experiencing bad,unacceptable reason from SHOOPEE platform for return fund.seller just post a small package for a long/big item and is actually looks OK for SHOOPEE!",1,2026-05-02 09:37:37,2
9e259a2f-4bf6-456c-bf6e-48604b4a164b,super duper shopee,5,2026-05-02 09:17:20,0
d2e2f401-d0f0-4779-9a70-e1caf503df58,Not happy. Shopee ads everywhere,1,2026-05-02 08:21:27,0
0d4e2e2b-66d2-482b-a535-e265d33b0cc5,seronok membeli belah di shoppe.,5,2026-05-02 08:20:26,0
16d98373-3728-4e3e-be17-21a4c7ff167b,Hey Shoppe! How about you let us buy and pay with Touch n Go?I think it's a good idea.,5,2026-05-02 06:57:05,0
1c40b3e2-636f-4580-83fc-8f1ad5260eb5,theyyy their online banking is very worst because they don't got tng touch and go please change this shopee,2,2026-05-02 06:35:34,0
081af281-de4d-49d3-8391-e88e5b23eb13,Can't click on claim vouchers for some reason. app is trash,1,2026-05-02 05:59:15,10
1730fb8c-cf6b-4619-9c4d-0099ea451773,Received with good condition and packing good,4,2026-05-02 05:17:57,2
0a98e84d-d28f-41cf-b520-723cef4be1c7,perlu perbaiki sistem shopee terlalu banyak bug coins live tak boleh claim voucher live tak boleh guna,2,2026-05-02 04:12:35,0
de3bce2d-9bc3-49f0-8846-f4e7e9fb594e,hate with shopee ads.. so annoying,1,2026-05-02 03:45:15,0
d887f5cc-4dae-490e-b542-749f1d0094a3,helpful,5,2026-05-02 03:10:58,0
b888cc77-556e-42dc-9c7e-525600280251,no scam,5,2026-05-02 03:05:28,0
b8a2c741-ce1e-49b6-b13f-4793b8dc857d,Useful and easy,5,2026-05-02 02:27:35,0
a1982071-66d9-4cd8-8c39-f21e0d9b9c48,Best place to shop,5,2026-05-02 01:22:59,0
2965d452-737b-4a6c-8d32-26d2e70822c2,Convenience,5,2026-05-02 01:14:50,0
6774334b-e491-429b-909c-3eba52ca3d9f,what happened cannot buy coins already?????,1,2026-05-02 00:30:27,0
ddd9b2ca-cdba-4522-b337-37da525101f2,"as a seller, shopee doing a bad job! auto cancel in 3 days which is too fast and take high taxes !!!!",1,2026-05-01 23:06:41,0
8a01dbf7-0d74-4b74-a293-96a22da82049,helpful,5,2026-05-01 20:41:03,0
dbd861e1-58c4-4fce-ac2f-213f1025b7dd,vip shoopee,5,2026-05-01 19:29:18,0
96f4f641-1c3f-4a1f-8a45-441d104afe0f,hell yeahh but shii be addictive,5,2026-05-01 19:25:25,0
d90a2a6f-60e8-4571-89db-80622b40d7cb,the price was cheaper and I can effort to buy it,5,2026-05-01 19:16:22,0
d94522a9-1111-4239-8766-de802f78899a,awesome is the word.,5,2026-05-01 19:13:18,0
a816c933-bb2c-48d5-8e38-6e4b8598813c,1st choice for shopping,5,2026-05-01 16:40:00,0
910b203f-8f39-4484-b4fd-7c9f5a7fffcc,Best ever,5,2026-05-01 15:22:50,0
0bc1a027-16fb-4562-953b-d03913a21bdf,super fast and very helpful,5,2026-05-01 15:08:41,0
e80063c2-8f23-4d96-acc7-29297813dd1e,why is there a need of competition?? dah la memaksa pulak tu.. org x nk bersaing pun bbi btul.. biarkn je la org nk main game ngan siram pokok secara tenang.,1,2026-05-01 14:55:28,0
527aed68-780d-445c-9296-3c3b06e91e55,"Tak minat, iklan yang Berulang, bosan Aku dibuatnya. Tolonglah buat iklan yang baru bah. Bosan sebosan bosannya. Aku install Bukan nak open tapi uninstall balik tujuannya untuk mendapatkan comment.",1,2026-05-01 13:51:02,0
3291df90-173d-4241-b5d7-b5e0e4c52406,Veryyyyyy gudddd,5,2026-05-01 13:19:50,0
fea41b1b-1250-481e-b51a-adcbe5a78b5d,terbaik.,5,2026-05-01 13:17:27,0
d05a921b-11f0-48d4-846b-210cc5d87495,Dipercayai..terbaik.....😄👌😁🤑,5,2026-05-01 13:12:49,0
2bbdc584-12ef-4261-9efa-57ed6d9941b2,"shoppefood nowsday are frustrated. seller not responsible. food out of stock,seller without asking change with different price and size. Asking for refund but shoppe cancelled bc of reason not strong enough. LAZADA is more better",1,2026-05-01 13:08:48,1
4156d8dc-2751-4986-9182-9a4e2153ea56,"i love you shopee, please give me more free items 🥺🤍💞",5,2026-05-01 12:39:52,0
9208dbc6-8559-4758-9c3a-91bd6a436d07,senang beli barang online,5,2026-05-01 12:11:44,0
f321520f-a635-440a-a591-eeb57e55150e,cant add my credit card,1,2026-05-01 10:46:13,0
fec821a9-14e1-46a2-b1f4-b0b7aa079673,Best,5,2026-05-01 10:45:21,0
4f013d0e-ce18-4fee-8e96-68aa6031c93a,sangat membantu..tq,5,2026-05-01 10:19:36,0
0a9925be-b4fc-4548-94c1-35e7cc7c401d,shopee Awesome Always 👌,5,2026-05-01 10:15:42,0
d0bf5e40-229e-4d7a-81e9-abfc74d75dcc,"The forced video aspect has become even worse. The front page is riddled with AI generated videos that don't represent the product sold. On top of that, videos are still shoehorned into the shopping experience.",1,2026-05-01 10:05:20,21
7d12d7ed-ed47-4ba9-8832-a02fbf2118d9,I had been using Shopee all the while & I find very convenient. A very wide range of products to choose from.,5,2026-05-01 09:58:43,1
8c6b60d0-cf83-4eb9-8782-987cb6643ed6,"Murah, senang, pantas. mantap Dan padu tapi shoppe pay later tak guna lagiii. tolong la unfreeze...",5,2026-05-01 09:43:27,0
a6899905-b6a3-45bd-ac10-9e7e74771816,"ur advertisement in game very annoying after times up very difficulty to press finished , press cross ❌ so many many times also can not back to main page !!!",1,2026-05-01 09:10:28,1
7dd74979-05f0-4ccb-b157-c17aa9e78243,Senang cari barang,5,2026-05-01 08:26:43,0
cc16a223-6b85-4f38-bb05-56cc6369224e,bagus,5,2026-05-01 07:11:03,0
7d3e33ca-7fd5-4127-9977-49b7f37dee89,"Please fix your shopee food drivers' attitude, so rude in terms of their manners. DONT even pickup my calls and even dare to decline for MULTIPLE TIMES. He even called me such stupidity-worth messages, as if, I didn't even provide pictures that I haven't gotten my orders yet! Lately, this same goes to item delivery as well! Didn't even bother to tell us whether it was already completed or not! I just don't get why your service becomes deteriorating by each year?",1,2026-05-01 06:34:41,0
c715b245-a439-440f-ae28-4a9c4bcfa033,ads promo in sellers store is not what you received and the complaints with clear evidence is ignore. its either that seller or shopee has a hand in the misleading ads,1,2026-05-01 05:52:48,0
5f62a9a0-d325-4b87-a940-7fa62fbcc63f,awsome,5,2026-05-01 05:44:52,0
fc4c10ef-15d2-46f5-a5ef-3bf994ee51b3,the best food delivery apps in malaysia,5,2026-05-01 04:34:38,0
b4cd0bdb-4b7d-45eb-bcd1-7730fa9bb6b8,the quality of some products are far below par and part of sellers cannot accept rating below 3-star,1,2026-05-01 04:12:29,0
966a8fad-4295-47cb-88ad-5d17e89f2d30,"Aplikasi Shopee sangat mudah digunakan dan mesra pengguna. Banyak pilihan produk dengan harga berpatutan serta promosi yang menarik seperti free shipping dan voucher diskaun. Proses pembayaran cepat dan selamat, pilihan seller pun pelbagai. Tracking pesanan jelas dan penghantaran biasanya laju. Fungsi chat dengan seller sangat membantu. Secara keseluruhan, pengalaman membeli-belah sangat memuaskan dan praktikal untuk kegunaan harian. Memang recommended....................................!!!!!!!!",5,2026-05-01 04:00:58,0
9f715ea8-3d33-4dc9-aa72-f0d1a55c7538,"the voucher on shoppefood is scam. it said ""doesn't meet required condition"". but i have checked, it met. waste my time.",1,2026-05-01 04:00:09,0
3b0210c1-ac68-44bf-a95b-3104dfe9a387,"Excellent for online shopping! Shopee protects customers and when I had problem with payments, delivery, damaged orders, etc., it can be easily resolved. shop online with Shopee in full confidence.",4,2026-05-01 03:11:50,0
e2ba75a8-98e3-4e33-b346-71b963f4f4d6,good & easy,5,2026-05-01 02:36:28,0
5d7fe95f-e6b7-4e8f-8437-329b1e204c63,good,5,2026-05-01 02:08:31,0
b7003262-688c-4bc4-8a86-d76aff407933,good,5,2026-05-01 02:00:26,0
7bc6204f-1852-4359-9e7d-7fb78a4f7cc5,Good,5,2026-05-01 01:15:30,0
7a60e4cb-42ca-4d98-a27f-a1d9853cf231,"Think of something? Go to Shopee! Tap. Shop. Done. Klik Je, Sampai Rumah.",5,2026-05-01 00:41:44,0
1668e552-ab36-4641-8423-41e74d075a09,good,5,2026-04-30 23:42:58,0
a468e2e4-1936-4285-865f-d279538e6e6f,Sangat best dan sangat berbaloi,5,2026-04-30 23:05:19,0
1a4cfe5c-bfe9-4964-a621-fbf60639c873,sooo good,5,2026-04-30 19:53:15,0
c522dbe1-b282-489c-a500-a03472bf1874,Iklan di shopee penuh dgn perempuan seksi.,1,2026-04-30 15:35:27,1
4888bb49-61c3-48ac-85e4-94c52b9cce0a,"Assign courier delay delivery for more than 10 days, shoppee cannot do any things only say they send report. Nothing else. Please change your courier choice. Didnt have issue with shoppee express but recently gotten j n t always delay delivery. Now even better, my package like ghost circling in the same place but just can't deliver to my destination. add on: stupid ads tht will keep on hijack my phone to shoppee aps even if i don't press it. thanks, u convince me to not use ur service.",1,2026-04-30 15:27:29,2
31590d9f-252b-415a-a9f1-a4726b0a6bcc,good service,5,2026-04-30 14:39:09,0
7b464485-8947-4fa6-bfea-c6178f6b1697,really shock i received safely free order giving first time thank you shoopee,5,2026-04-30 14:18:38,1
65cf9475-e092-4379-9821-bafe442b5422,force stop on tecno pova 7,1,2026-04-30 14:13:17,0
e0cdb997-0591-4a35-a595-5d4c301aff82,very good,5,2026-04-30 13:59:34,0
e519f24f-8344-494c-a1b3-9043e17f2b97,too much popups. i did not want to watch pretty much ALL the videos they flashed at me.,1,2026-04-30 13:43:34,0
05da61ba-7d04-4eee-950d-74d47fe1b566,good,5,2026-04-30 12:45:09,0
3f012bef-3b1c-4327-88e3-ac0843263c69,shopping online platform no 1 for me,5,2026-04-30 12:31:37,0
4b95f7d8-bd72-4842-bd07-f9710b89bc42,terbaik,5,2026-04-30 12:02:05,0
080b336e-7f49-4bc9-a84f-aa357d6b01a3,mantab,5,2026-04-30 11:48:23,0
887a3045-6706-4045-856f-ad3971f117d7,Why I can't scroll my cart after new update.. I don't know if it only me or not😵,2,2026-04-30 11:09:55,1
13370ee5-49e2-4be4-b89a-9e0f9972da1e,This Apps have problem can't create account,1,2026-04-30 10:36:20,0
688910d4-5789-4492-9cef-64b0560aa92f,great shoping,5,2026-04-30 10:34:09,1
d43db4df-ee01-442f-a891-e8207e0d1c71,Excellent,5,2026-04-30 09:58:26,0
9a4a6115-e5e6-4b0a-a5c5-efad7688fb74,first apps that i approve a lot 🥰🥰,5,2026-04-30 09:31:56,0
182c839e-1ba7-414b-8521-e1d0742131d8,Easy To Use And One Of The Online Platform Friendly User,5,2026-04-30 09:22:52,0
2e6b7015-84f4-4f30-9006-82f843a2363b,good apps,5,2026-04-30 09:12:12,0
9d0e50a6-d41c-4f8c-b971-e05f7f6e1e74,good apps and easy to purchase. all the product is easy to order and safely delivery to your own home.,5,2026-04-30 09:09:24,2
39cba883-ad6c-4e9c-9b88-200dd411eecc,1. good for goods. 2. good service 3. Refund truthfully,5,2026-04-30 09:00:28,1
5bc28499-f9df-4233-894c-d9bb9ef652ff,Stkt ni penjual xde mslh...smua brg di htr btul dan tpat..jika ada mslh yg timbul pastinya berpunca drp khidmat transporter base to base (e.g Perak to Terengganu)@(johor to kelantan). byk brg customer rosak disebabkan pekerja transporter yg cuai sewaktu pickup@drop item di base..majoriti suka campak dan baling item tu..jadi disarankan kpd Penjual@Shopee spya ketatkan syarat dgn kenakan penalti@denda gantirugi 5@10 kali ganda drp nilai item jika item rosak disebabkan oleh transporter.,4,2026-04-30 08:38:26,0
452d7ea0-3b56-4633-9ac3-60a00d132b42,Very Good App,5,2026-04-30 07:00:29,0
fe2e6b37-177f-4516-8eda-b2a7feddc71f,Quick delivery . A simple and quality helmet really pleased my expectation. And my recent purchase of grass cutter and chicken manure was delivered very fast.,5,2026-04-30 06:48:27,0
ff698146-34bd-4373-acea-36ebf2a8238f,Excellent,5,2026-04-30 06:00:54,0
a5a61839-60b8-4161-a3d2-f320c267967b,Nice App Thanks You Shoppe App Send my order use COD free shpping order recieve complete i give 5 star ⭐⭐⭐⭐⭐,5,2026-04-30 04:40:15,1
3076e87d-5e01-4eee-9486-6bde99455ffc,gud,5,2026-04-30 04:24:50,0
f79ef34f-671f-488a-b4fa-e84591000262,Banyak barang dengan harga yang murah Di shoppe ni.,4,2026-04-30 04:23:36,0
82960fcb-9b1b-4b12-9aff-934b4d166ac5,ok,3,2026-04-30 04:17:25,0
55ada05c-6807-4d97-afd5-32f9da27a08a,enjoy,5,2026-04-30 03:44:34,0
8b7d161a-7ec2-4692-9e32-4d8184a28e87,"Sebuah Apps online pembelian terpuji atas kepelbagaian system app ini contoh ada reload data,reload package data,pelaburan,insurance dll..amat recommended menggunakannya utk urusan harian",5,2026-04-30 03:12:58,0
0beb6f04-e57f-4c87-ba51-f28cc61c9f79,okay,5,2026-04-30 02:24:26,0
6f0605ca-dd54-4f0c-ae43-996d7e57673b,Got many problems after update coin dan voucher can't not take 😮‍💨😮‍💨😮‍💨,2,2026-04-30 01:57:41,0
30c56d20-0da8-4650-b433-c0ac77d5279f,"your advertisment are like greedy capitalist pigs, i cant even close it peacefully even when i downloaded the app without being forced to enter the app and it always pisses me off",1,2026-04-30 01:26:43,0
03811b3c-66e2-45d9-bb09-60ad63713f98,dah setting privacy tutup notification tetap keluar..apa benda la,2,2026-04-30 00:43:42,0
a35b0c19-2cba-4823-97e3-a0bdf718a4af,cannot withdraw watch to earn coin,1,2026-04-30 00:20:54,0
f770725f-47b8-4ed5-bdf4-927c74773806,the app is good for shopping. so many seller at one place. have many options to buy and at the same time prices are reasonable. I give 3 star because of its bad delivery service now a days. I experience delay in delivery several times. courier person himself give wrong reason that buyes not available to receive although I was waiting for my order. Need much improvement in delivery service,3,2026-04-29 22:56:41,6
99cde16b-5f61-4966-ab70-1235b4c2579f,"everything is a fake 5 star products review, they just want to get the coins, but the product itself is not as advertised",1,2026-04-29 20:48:25,2
d8308e36-8e27-451f-a2b1-0740cf1f7cb3,"create you dark mode app, please! TikTok Shop already have their own dark mode for a very long time.",1,2026-04-29 18:53:58,0
51afb67e-0a4d-4266-abd8-7d726a4aba23,Amazing deals and fun vouchers. User-friendly interface and quick delivery. Love the in-app chat feature.,5,2026-04-29 18:00:02,1
874913fc-afe9-4b4f-9697-8854c3d270df,good one,5,2026-04-29 16:51:32,0
31510fc7-a1ce-4f95-b1d0-4ddfa0b453f3,Cannot withdraw the coins from watch & earn. Urgently needed to buy my stuff to get some price reduction. Really disappointed,1,2026-04-29 16:49:56,10
0ac1bd36-695d-4e2e-8010-2076d8dd31d5,the best app,5,2026-04-29 16:16:50,0
a2618568-6c35-4e2e-816e-5244260d466b,"Is something wrong with the latest version? I think your shopping cart has gone hay-wired. Grouping the ""Fulfilled by Shopee"" of various shops, stuffs are repeating in the shopping cart, making it very hard to choose my stuff and check out! please check it",4,2026-04-29 15:58:58,2
1f04d6cf-8e70-46fc-97d1-253a2a9d1596,ok,5,2026-04-29 15:42:06,0
3df7a5f5-c25f-44c3-bf09-94bd6464c9f7,best trusted,5,2026-04-29 15:37:53,0
cefefae4-6a90-4842-acf5-2a35625fd119,shopee is the best and trusted apps,5,2026-04-29 14:41:56,0
ef9f3463-8324-426a-bbe4-145e1d767b8d,mudah,5,2026-04-29 14:41:13,0
7c1c5046-5e1e-407e-8370-ef66c6c227c1,This app is very useful for us to shop online.,5,2026-04-29 14:41:04,0
c6cd5383-ba3a-4e4f-ac50-1addb353f47b,Good,5,2026-04-29 14:38:37,0
4aad60cb-f594-4fef-a553-422e1ac05d99,"Shopee merupakan platform e-dagang yang sangat dominan di Malaysia, disukai kerana harga kompetitif, baucar penghantaran percuma, dan pelbagai pilihan",5,2026-04-29 14:33:56,0
c445cb33-4a69-4c8d-9298-d7e51bd0b066,Very useful,5,2026-04-29 14:17:07,0
165f0cb5-ac3d-4bdf-a644-18059c894e0c,Good,5,2026-04-29 14:06:27,0
a390c9df-95c1-41a0-97fe-a9f6b35872e5,"tq shoppe for chance give me to manage my shopeepay latter and shopee loan!very love that for that emergency use and i have use shoppe app is about 7 year,8 year i guest this platform is very good and easy to use",4,2026-04-29 14:01:24,0
603018db-4c2a-4f76-afa0-a0b9602e15a9,worst app ever,1,2026-04-29 14:01:04,0
fa524398-32a3-4374-a237-9ec9d9ba3657,"A truly fantastic app; you can find everything you need Purchase and return processes are very quick, and delivery costs are low",5,2026-04-29 13:35:35,6
bd197bec-bfec-4928-9db3-fe400653112c,good service 👍,5,2026-04-29 13:26:15,0
49962888-e3a1-4021-a02e-9bebc6429159,helpful app to Find anything anytime,5,2026-04-29 12:57:59,0
09701237-e126-434a-8543-1a86a3036f20,baikk.xde dia boleh mati carik barang kat luar hahahaha,5,2026-04-29 12:42:07,0
844c135f-e9bf-49dc-8b38-1477c8697883,iklan bapak bnyk yang best,1,2026-04-29 12:21:03,0
6b3011ae-01ee-42a9-bdf4-321cb4287ec0,happy shoping....,5,2026-04-29 12:14:50,0
4e586686-733f-463a-a0cc-9237239dfd0d,nice,5,2026-04-29 12:09:23,0
171ad341-353d-4af0-89fd-9d5494823af3,service makin terok,1,2026-04-29 11:18:05,0
5a445803-fcda-488c-9bcd-1c0b8b9f730f,系统东西都很好用 但你们的shopee food ，能不能真给取消功能啊，每次等半个小时了都不让取消 。 大额优惠价给不起就不要给每次把用户当猴耍。时间刚到系统卡住，然后告诉你已经没了,3,2026-04-29 11:05:32,0
313d4cf6-97db-4a8d-8b99-1cd0c1fdfe48,mantapo,5,2026-04-29 10:41:51,0
75d59061-a080-4863-a0ef-22ef82f20772,Harga lagi murah berbanding app lain. Puas hati.,5,2026-04-29 10:12:08,0
9bfa8767-fa35-4d88-aeaa-89a16a8b2a8b,"oh my godd stop showing me videos!!! i want to see the products i searched for, don't want to see videos. this isn't tiktok. what's up with every app copying tiktok??? and most of the time those videos aren't even related to what i'm looking for. STOP IT!",1,2026-04-29 10:09:12,12
557e66f9-aa64-4306-9dd9-652eacb160a1,very Good experiance using shoppe apps,4,2026-04-29 10:08:09,0
c6941f44-aeff-42cf-972e-411f84400e09,easy to find and order everything we need,5,2026-04-29 10:06:53,0
ce250a07-501e-47a8-bcc3-e9eb40b6af3b,good,5,2026-04-29 09:46:28,0
1f2a58b1-cf87-4c48-9d3c-da88aa72b928,"some products are good, and delivery is on time. good job.",4,2026-04-29 09:44:35,1
4c1c6bfd-4fa4-4c1f-a848-452edf11fb77,Wlpn ko mkn riba ko ttp tolong aku waktu aku ssh itu jer tp bgs ko ni riba berlesen biaq pi pemerintah kawtim jawap nnt kite duk tepi jer,5,2026-04-29 09:05:14,0
35cd63c0-fbe4-416c-8a6b-e06ad5c390a6,Very Good,5,2026-04-29 08:58:52,0
b6afe8e5-c06b-4e00-9e82-1e6e4aec01d1,nice,5,2026-04-29 08:53:40,0
d0d1ccc1-6a11-48ae-a237-55369f772816,goob,5,2026-04-29 08:28:43,0
f4b4bd57-92ba-4d24-9670-8771d2a53611,I can't change from dark mode to light mode. the app looks awful.,1,2026-04-29 08:13:58,0
acd25052-ff57-43fb-b132-96ec0ab5781f,good online shopping apps,5,2026-04-29 07:33:57,0
4a6add5e-56bd-4b2f-a034-18e7408f2ffc,masa hari yang besar memang voucher besar dan berbaloi,5,2026-04-29 07:06:06,0
4edc0406-8295-443d-a2c8-e0b93fd496ce,Shoope mmg terbaik dan banyak membantu,5,2026-04-29 06:38:27,0
3c157b29-bfc5-4d09-aaad-9ccfb44dccf6,TipTop👍👍👍,5,2026-04-29 06:36:16,0
841e50d6-9142-4476-84a8-a19c97ebbb88,verry goooooood,5,2026-04-29 06:35:31,0
9385ed30-4ede-4216-9c3a-20b4fdacc3bf,tempat paling mudah jual beli dan berbaloi,5,2026-04-29 06:32:58,0
dee94255-2d00-4a50-8fd2-f8f2f894abd2,Affordable prices and easy checkout. Love the vouchers and free shipping.,5,2026-04-29 06:29:42,2
7e7c51fd-5597-4231-bbc1-4a420b1a5f96,very nice apps,5,2026-04-29 06:19:54,0
e6629596-780c-49f8-b183-310a809c5ee8,easy to deal with..,5,2026-04-29 06:17:17,0
8b2dce75-20ba-4fcf-a467-401f94bfd8bb,good,5,2026-04-29 06:17:00,0
16aecad1-7b2c-4885-98f8-c8b8cd52617c,nice,5,2026-04-29 05:18:32,0
a5e362d7-06cd-4610-b005-0d6ac5222c7a,Hope shopee can help customer don't get scam from bad seller's please.Good and trusted this time service ok VERY greatly . SHOPEE MUST TQ ✅🌸add STAR AGAIN AT 2026 FEB. WAOOO,3,2026-04-29 05:05:34,0
77b5e1aa-f736-49ef-9368-18fe0e8eae78,disscusting,1,2026-04-29 04:24:41,0
c00c1f51-80d8-4d50-a1dc-76bfbe40f23f,amazing app & easy to use,5,2026-04-29 04:03:28,1
a96744f1-5e27-4c3b-9e9b-8d1510ca82ea,"Drivers assigned are all responsible drivers unlike Zus, super lousy drivers",5,2026-04-29 03:30:47,0
f50be4dd-c060-45fd-8e8f-b71da3996c66,good and money saving.,5,2026-04-29 03:11:37,0
3b428465-ed3e-457d-af17-93fb692b4a91,"Whenever I topped up my shopee pay, 1 out of 3 times it will surely stuck at the after payment page. Then shopee proceed to hold my money for a week or two. this happened too often and never changed.",1,2026-04-29 02:24:18,0
a4e09b75-b069-46e7-9e3f-6308a615c6aa,I like shopping with Shoppee because it allows me to collect coins and use it when purchasing items.,5,2026-04-29 01:52:41,0
6e59ecd2-b343-45e4-a898-a4e4dd0d0f57,goof,5,2026-04-29 00:23:45,0
7e3a23d1-1b7b-45cd-80f4-3a70de8c1760,memudahkan,5,2026-04-28 23:47:38,0
2e807f53-62b1-45cc-828b-a5fcb62e93be,So far my purchases have been good. Easy payment.,5,2026-04-28 23:17:22,0
61e005cb-0c02-4efd-9a03-a2756bb26957,"I can't select payment ofMay Sloan if I select in May, all will automatically selected please fix this annoying bugs sorry I can select only the random monthly payments",1,2026-04-28 22:58:30,0
7406baf3-44c2-4e6c-89f8-895fa94d71d1,cheap and free shipping,5,2026-04-28 21:40:01,0
d6785125-83ff-4fb5-b9e0-8993925eacc3,"trying hard to sell their vip subscription. which makes the non vip user like me, need to pay for higher price. Lazada have way better price now for non vips.",1,2026-04-28 21:07:05,1
ac95813f-0c5a-4b8d-9a15-55bc6c424a85,Woy kau dah melampau ni anak aku tengah main game tibe tibe ada iklan kau ni iklan tak apa apa tunjuk perempuan tak pakai baju dah kenapa. kalau kau nak buat iklan buat iklan yang elok elok je la tak yah la buat iklan macan tu!! (TOLONG DIBALAS),1,2026-04-28 19:58:03,0
9b01e266-936e-4733-9d47-dc2dc5ece109,very helpful !,5,2026-04-28 18:37:27,0
e80c12ea-133e-43e4-9bc7-ecd29dcffc44,👍,5,2026-04-28 17:34:26,0
634e15bc-4da9-44ad-a82a-9beb6e6d16a5,The best choice to shopping,5,2026-04-28 17:29:47,0
2d4a33fd-6ef1-49c9-84c8-a2cd5ea3b3db,"""The customer service center is very weak and does not solve problems.""",1,2026-04-28 14:36:11,0
d32c1748-88c4-4f8c-9a0c-c0da868cfb4e,Good,5,2026-04-28 14:32:24,0
c4471988-7bca-4b77-b561-2611b42c38c6,Just great experience,5,2026-04-28 14:18:55,0
54d38ff6-e8f3-496f-a5a0-4492f81f321c,awesome 👍,5,2026-04-28 14:14:36,0
5dcbae3a-818e-4cec-963f-fcf5ecc7243e,Good🥰🥰🥰🥰🥰🥰🥰🥰🥰,5,2026-04-28 14:13:07,0
bd576e82-63f5-439b-98f6-b6f9a2666fef,"good , ilove shopee",5,2026-04-28 13:36:08,0
3b73c3f9-fc26-4df9-ba99-600db737609a,"Been trying to delete a default address for almost 1 year. Tried selecting another address as default in order to delete the other one, but even the new selected default can't be submitted. Uninstalled and reinstalled....still the same! Please do something!",2,2026-04-28 13:28:04,2
7acf956f-1f3d-4b80-8564-de3f5690cf95,sangat suka shoping di shopee,5,2026-04-28 13:19:38,0
92174764-79b4-465a-9c10-94d36b934f03,Good servis n laju penghantaran..,5,2026-04-28 12:51:11,0
36b8c73f-6a79-40f6-b1db-94aa373e34e8,Good shopping,5,2026-04-28 12:32:54,1
87a56197-d671-4c85-98eb-6397289c66d5,Resntly i but 2 time watch but he send me very cheep qualti wathch i spend 43.90 rm but no give good qulati vest app,1,2026-04-28 12:21:25,1
211cff60-bdec-45ac-ba8a-f3f67024b4b0,Shopee berbaloi dan selamat,5,2026-04-28 12:04:01,0
9b62cf56-2380-475e-bafd-1cb884164787,excellent,5,2026-04-28 11:56:11,0
1c74ee3c-364a-4473-9baf-4f6418a3e897,package is good,5,2026-04-28 11:45:29,0
820686d3-159d-40d6-bbb0-1163f1df95ab,aku punya lah kumpul coin shopee tu tapi takleh withdraw dah kene reject tapi coin tu hilang. waste my time and internet. shame on you,1,2026-04-28 11:37:55,0
fcf11358-9d41-49f4-b098-18f33b06dd54,"Easy to buy anything, friendly and affordable",5,2026-04-28 11:26:33,0
2bccdede-44f0-4396-b102-bd2636242954,good,5,2026-04-28 11:18:49,0
25678fe2-7885-40a3-929d-aeab9e2400a6,"barang dh Smpai dlm keadaan baik,cuma belum test pakai lagi..",5,2026-04-28 11:13:11,0
496e49ac-a8ea-45c9-8c30-aeca68a53c47,is good service fast delivery,5,2026-04-28 11:02:28,0
4b40576e-74ba-42cc-bc65-e6e535915df8,Thus is the most efficient online mall there is with the widest product coverage and with the best pricing and a very efficient and customer-friendly Return n Refund process .,5,2026-04-28 10:55:10,0
e82680c1-d767-498e-a8e1-cbdbd93f3e7e,jauhi shopee seller teraniaya..,1,2026-04-28 10:51:26,0
c3725c9b-6aa1-419d-a982-7c98da70658b,Good shopping add with fair price.,5,2026-04-28 10:33:41,0
32a576df-3c49-40b9-9b1e-69919db7405d,ok ok lq,5,2026-04-28 10:23:26,0
2bdb2adf-9e38-47d6-a7cb-a17f42ecc314,easy online shopping,5,2026-04-28 10:20:37,0
485f19a1-d199-42dc-bf9e-2f3ce17441bf,The new notification is confusing and has let to me buying the same parts twice. Will need the parts only in 9 to 12 months time.,3,2026-04-28 10:19:05,1
e0c84a2c-f6d8-474a-b446-ab6dd43b5220,"Very good, fast and efficient response and delivery service.",5,2026-04-28 10:12:06,0
1428bd89-0f07-4022-b5f8-bee87f355dd7,shopee gift free always make we are Happy aGood Day,5,2026-04-28 09:26:00,0
861c02aa-c824-4d7e-aab6-092c7914837b,good,4,2026-04-28 08:41:35,0
26634cf0-af81-4ece-a495-1ca41580af78,"Who on Earth decided that going straight to the live page when opening Shopee is a great idea? It is so annoying. Also, too many popups man. Come on, let me search the items in peace.",1,2026-04-28 07:58:07,1
59961584-2802-44b4-bd07-361f757ef281,"I feel safe when buying. I like that it gives the option to let the app know of you really received the items or not. Also, I've done a few refunds and received my money back because the seller suddenly didn't have my item in stock. Also, once I received a note delivered to me saying that my item was not in stock. I was in shock. Why pay for delivery to tell me that instead of just messaging me on the app?! I sent a complain to shopee and then received my refund.",5,2026-04-28 07:54:14,19
0062eda3-ebb0-43de-abaa-a3db23fa2d3b,good experience,5,2026-04-28 06:55:30,0
5ea26023-c425-4844-90f4-589d03427d2b,the best platform to shop and fast delivery with guarantee/safe policy.,5,2026-04-28 06:27:15,0
161d41d8-eeb3-4455-acb0-8dc0f34bf85c,so far sngt² puas hati..barang murah dan bnyk baucer bole ditebus..kebayakan barang dpt prcuma penghantaran..,5,2026-04-28 06:24:21,0
c7d31bd5-8152-4f65-a3d3-6054f1c534f8,"best, if you up my limit a can shop everyday in shoppe , thanks.",5,2026-04-28 06:13:15,0
016e2e86-ae53-454e-972a-4c4b35cb0f86,nice shops app,5,2026-04-28 05:41:28,0
a7cc58e0-b7b8-45db-ae83-c99a794d394e,"tiap kali order barang di shopee selalu sahaja delivery unsuccessful, penat la kalau macam ni",1,2026-04-28 05:39:04,1
5517bf1d-40e9-46b8-907a-fd0fa7201b0c,delivery driver is not friendly and service is not good at all. after all shopee is bot company. driver bot and customer services also a bot. they have no time for customers.,1,2026-04-28 05:31:36,0
bd3604bb-cab3-4a65-85f6-71a942c596f6,good,5,2026-04-28 05:18:37,0
2c6885dc-98df-4ace-9da6-46b3b8d1b476,Improve it by implementing Google Pay. The function is there but not usable.,1,2026-04-28 05:18:05,0
4d6ee610-2d3d-4a08-bae4-23290368bd68,awesome,5,2026-04-28 03:56:35,0
78abb726-1cbf-4095-9213-9c9a448c5fd6,Many years im buying things in shopee.. so far so Good 👍,5,2026-04-28 02:23:13,0
1e3f4c9e-3092-4312-a334-3d6c919c5528,👎,1,2026-04-28 01:58:50,0
da520c5b-9f9b-49c6-81c9-274e37d1d4a4,the best app for sure I love the app,5,2026-04-28 01:54:40,0
18b76527-2187-4845-9ebd-cfcd56c5907c,"senang cari barang. semua ada d sini, duit saja inda menahan.",5,2026-04-28 01:37:33,0
14d03762-b2f0-4fc7-a6c6-433871d3ceea,easier app,5,2026-04-28 01:31:30,0
d4296ce6-d2c1-4053-b42b-10da60dd1a2e,good product produce,5,2026-04-28 01:30:10,0
39de063e-3507-43e6-8816-3f01a54516cb,Shopee is the most convenient and easy to use shopping applications and I use most all the time,5,2026-04-28 01:25:24,0
c10534ee-0d99-4840-9a59-62dc1a879d8d,sangat mudah guna shoppe tapi tu la . kalau boleh naikan la lagi spaylater . bosan la tak naik2 .. bagi la lebih sloan pon naikkan la lagi .. bukan tak leh bayar .bayar dan tak pernah miss langsung . org tua yg tak kerja pon sloan dgn pay later limit sampai berpuluh ribu . hairan saya .,5,2026-04-28 01:03:20,0
71256ef0-85d4-4d9f-9fae-049f6da9de6f,"deftIhavealookand😇😇😇 dengancaraini,kamitidakmahu",5,2026-04-27 15:53:34,0
622126aa-7e0f-47a8-8a76-90e09e572db1,"Superbbbbb... Need to read comment, or view whos are the best seller recommennded before buy... Beware of scammer okay.. Overall is okay. Thanks shoppe and team.... updated 2026 : need dark mode please mod... thanks",5,2026-04-27 15:17:08,0
c935c6f5-6d79-4f82-bb20-18eb579133a2,very convinant and easy to use,5,2026-04-27 15:08:54,1
e9cc43da-deef-4794-b50f-249aa4657189,Why I can't add bank account into my shopee pay? I'm using android 6.0 phone.,5,2026-04-27 14:25:41,0
52146e01-b21b-48b9-a279-d13b285b369e,The worst platform and customer service! Simple and easy but not able to handle professionally. Seller send defect item but couldn't do refund. Has been on going issues with shopee and seller until I decided not to use shopee anymore!,1,2026-04-27 13:48:40,2
c5bc119f-8580-4332-9d7f-30103236e31e,Easy to buy Any Products with Trusted Partner and Good of Quality,5,2026-04-27 13:36:06,1
9af002e9-6fae-49ca-ae92-0cccdee706a2,Very good app 👍🏻,5,2026-04-27 13:05:48,0
55af58ef-99be-49c2-a39e-2f48b89cf7a5,aku benci asik iklan shope,1,2026-04-27 12:34:00,0
f9892511-09d4-4af8-a994-e9f1eb463c0a,4 too,3,2026-04-27 12:12:26,0
c2ec67bc-7ce3-4e5d-9979-b490ddbf34f4,"my number is bound on another active account and i can't made any purchase, this app is basically useless now. I also can't verify my email too",1,2026-04-27 11:27:06,0
faaff157-650e-4b2a-8490-9e93be428b65,good,5,2026-04-27 11:07:48,0
a23ff36c-4e0b-4540-9c60-dbb8a071f3f0,I like the app just hate the ads,5,2026-04-27 10:39:17,0
89d84706-716a-4cd1-88d9-d4ff49d344f4,good,5,2026-04-27 10:22:46,0
96fefa76-0d0b-46d6-a45d-15d041b406c4,good apps 👍,5,2026-04-27 09:16:12,0
8141c88b-3dff-4b22-bd7d-70d7a6a1a6eb,padu,5,2026-04-27 09:11:50,0
7bb18ed0-e81a-4682-8c48-0936f742d555,nice app,5,2026-04-27 09:07:43,0
7fa003c4-0064-4af5-a039-8c1534018eaf,this app is very good for purchase,1,2026-04-27 08:13:15,1
e710b332-baf2-47fe-a874-9f7456277917,bagus 😍saya suka saya suka terbaikkk,5,2026-04-27 07:51:17,0
18d9ef67-e3b7-446a-a51d-17c932ef8f6a,"good received with dbl packaging and bubble wrapped, recommended supplier.",5,2026-04-27 07:46:39,0
7d0da856-f9ab-42cd-8588-873b1f8b50ed,Very Good & Convenient,5,2026-04-27 07:46:27,0
1e0d673b-58ab-432f-a4bc-3431910de782,Shopee is cheaper then other.,5,2026-04-27 06:48:54,0
42ebd42e-77e7-4b1e-8312-a360a423b00f,It was a great app for my smartphone. Thank you playstore.,5,2026-04-27 05:47:28,0
eb0f05ce-3a5b-482e-be87-cfdede48b787,Gets better and better,5,2026-04-27 05:16:13,0
c9c5e040-0374-4683-96b3-d39332dbb866,exelent,5,2026-04-27 04:52:26,0
022fbb7f-0fa7-4c57-a67e-47475ca5e830,mudah senang,5,2026-04-27 03:34:33,0
db307a42-c38f-49fb-b6d6-b227eb59fe75,so Amazing 😍😍😍,5,2026-04-27 03:06:24,0
c1f81487-943e-4fda-9b5b-e71403897a3f,Good online shopping platform.,5,2026-04-27 02:52:51,0
31bc83e2-c996-4906-ada5-64aba62bec6b,"It was a nice experience using it , the items were variations. the customer service was good 😊 will use it more.",5,2026-04-27 02:06:12,0
0d0eab4c-2047-4183-85db-f7d34b6cf0d5,"allow me to share some experience here, 1st air shipping parcel to Malaysia Order placed 5th March 2026 shipped 26th March 2026 received self collected 4th April 2027 2nd air shipping Order placed 2nd April 2026 shipped on 21st April 2026 Today is 27th April 2026...still in KL Warehouse Summary.. around and more than 30 days from 1st city to 2nd city and received by 3rd city others made in fastest in 4 or 5 days",1,2026-04-27 01:47:26,0
205cd6de-b0fa-43c8-94a1-41bb0e7a65db,love shoppe. But Shoppe will suffer a lot for courier services.,5,2026-04-27 01:37:16,0
a4f83b80-1752-4cbd-8695-4970acd699b9,easy to use,5,2026-04-27 01:07:34,0
414bfbf1-5e72-4e16-9842-dbdb7c8fea2d,excellent,5,2026-04-27 00:52:44,0
0dd97b70-23e0-4847-b169-310b592028f6,Ok lh,5,2026-04-26 22:51:53,0
8f2817da-9dc0-4508-b1a1-f7b8ffa682bf,can't apply loan can't use Spaylater then don't give people that option in the first place la. Remove it for those that aren't eligible ( FYI even if you meet the criteria they are quite biased) . Glad I stopped using shoppee . Missed payments unintentionally 3 years ago till now wanna block the benefits. Damn,1,2026-04-26 16:57:26,2
d5216112-4fd8-43b6-bc50-438e82e756a1,"I top up ShopeePay, but Shopee automatically pays for another app's subscription😭😭 no refund😭",1,2026-04-26 16:28:40,0
f40da86e-b992-4ef4-8000-72671d38fad9,"shopee bodoh, beli vip tapi voucher limited baik tkyah bagi hanat",1,2026-04-26 16:06:46,1
b5a18e6b-3168-4478-95e3-a5fc9c8eee50,"Yo Shopee, you gotta chill out with your ads bruh. Your app is basically spamming ads on my phone, on EVERY WEBSITE, ANY APPS, and on YouTube as well.",1,2026-04-26 15:50:28,1
b6a30702-1981-4052-9bdf-fd32f3820d7c,more cheaper than others,5,2026-04-26 15:41:30,0
afadf4dc-dbc5-4109-964e-5c375b0feb34,Fast & efficient in possessing & delivery of goods ordered.,5,2026-04-26 15:10:39,0
4c75085c-cb18-4077-8af9-8de771363837,"Voucher dia byk sngt la wei, tktau nk ckp apa, tpi mmg berbaloi shopping pkai app ni😭😭 but so many adds everywhere la, plus they forced us to enter the shoppe even tho we didnt press any button in the ads",3,2026-04-26 14:16:16,0
39afa590-1634-4050-9f51-e704e1ef87d2,bagus,5,2026-04-26 13:58:26,0
d1965ae0-7ee1-4ed7-8655-ae97bc77f845,new update very slow,1,2026-04-26 13:51:48,1
4ed45d33-92bc-4a7d-846c-fdfcebc68390,is good apps,5,2026-04-26 12:29:13,0
3886fe46-b0d2-4ecb-a06a-0b6994db370b,never ever downloading this app again because it made my phone hang.,1,2026-04-26 10:41:05,0
6ccf58f3-ef7e-4d51-a2da-119380c08532,"I don't like the CHEATING ways of Shopee, for example in the wheel spins from the Livestreams. If 1000 people watching and the Spin Wheel only offer 100 coins, I can understand, but when only 50 people watching and spinning, yet still kick me out with that error message. This is unacceptable. Also banning me in Chat just for pointing out some unpleasant things I noticed. I can't interact with the hosts I do like now. You do you, Shopee. And my 1 star stays! And stop automating your replies here!",1,2026-04-26 10:11:37,9
c5f85bbf-57d7-4d92-b475-dd7f70ef20e8,good,5,2026-04-26 09:25:33,0
2b823dd6-3988-4027-98b4-c167b81fc688,bad experience. because my email being hack. unable to buy online. bank account unable to use wisely.,1,2026-04-26 09:10:09,0
90bfdd7a-ddf1-46a0-9e86-74d015c885d0,Bagus stabil,4,2026-04-26 09:09:54,0
a1754f22-043f-40fb-9eda-2b1f3519aa15,"Shopee is honestly one of the best apps for online shopping if you’re looking to save money. There are tons of products at really affordable prices, and the vouchers, free shipping deals, and flash sales make it even better. The app is easy to use, and it’s easy to compare sellers and simple to read reviews before buying. I’ve had mostly good experiences as long as I check ratings first.",5,2026-04-26 08:41:10,3
560138fd-87cf-45fc-996d-217f99fd497e,"👍 Great app, everything is easy to buy to find what we want, delivery is also very satisfactory and discounts are always available.",5,2026-04-26 08:33:43,0
b9fae991-86dc-426e-82a3-9f22573e52e9,"video auto play every time app open, sometime video still played non stop even I already click to other page like game. please fix this broken behavior.",1,2026-04-26 07:54:10,4
cf26442d-4632-4c7f-a8d6-4c61b0a5d73c,terbaik,5,2026-04-26 07:25:13,0
65c22aba-82c8-491d-82de-2de24face79e,good to have food delivery,5,2026-04-26 06:44:48,1
024fbc80-db45-48e4-ae5f-7d0288d2629d,many seller are sell fake item..,1,2026-04-26 06:40:41,2
3f068610-5e40-4584-8fbf-1c643103a6a7,sangat boleh dipercayai..thank you,5,2026-04-26 05:45:07,0
89052da1-bdd8-461d-b620-2f66627a0f53,terbaik,5,2026-04-26 05:33:27,0
35e9085d-9e2c-4b1a-89ce-f37b966a15c2,"please dont default the homepage to live and video, my device always hang and my internet connection drop suddenly, specially when other device are connected to my handphone. Now I can't collect coin because I have changed to a better phone, even deleting the app on the old phone doesn't help.",2,2026-04-26 05:32:23,3
2930d6bb-e685-436e-b481-6bc689122c0a,"best, barang murah👌",5,2026-04-26 05:10:10,0
dbafef60-6c9c-4adf-b12c-3e87d839426a,My past seven years buying from Shopee platform has been pleasant especially with its competitive prices and speedy delivery to its self collection centers. My only hiccup is courier didn't make delivery to the center but simply mentioned the center was full of goods & my order was automatically cancelled. I paid the higher cost of the same item for a new order,5,2026-04-26 04:37:57,8
bb75ae2f-0b24-49a5-a787-bb3603d57f86,macam pengemis ya korang buat dengan customer korang.. sampai nak request return & refund pun susah .. padahal product yang di beli tu still under warranty . start harini saya akan stop membeli dengan shopee.. banyak lagi platform lain ..,1,2026-04-26 04:27:52,0
a58e5207-ad38-46b1-b551-d7c8719731aa,good app to buy anything,5,2026-04-26 04:16:35,0
f29690f1-1275-4550-a61c-a3a5ec1231c0,Jgn percaya dgn delivery 4 jam atau next day delivery sbb semua bergantung dgn ketangkasan kurier.,2,2026-04-26 03:38:04,0
ddc04803-3e2e-4aa0-bc00-5a4e06b5c698,sangat baik shoope,5,2026-04-26 03:36:43,0
5b23e19d-3d00-4612-8a07-cd52908dae95,keep it up shoppee.,5,2026-04-26 03:24:50,1
ed2d696a-9cf0-47e5-9704-97573ca1bcba,my apps recently crashed frequently. i hate that very much. opening the apps then automatically going into live/video will crashed my apps. hopefully if i open shopee and go to home page instead is better!,4,2026-04-26 03:09:20,1
31447ce6-8fbc-41e7-82d4-5303de4c0300,good.. bbalai di shoppe,5,2026-04-26 03:07:21,0
be7d023f-74d6-4fda-aabb-32388d23e0d4,"ShopeeFood service has become very poor lately. Food delivery is extremely slow—sometimes even after an hour, the order still hasn’t arrived. One rider is forced to handle up to three orders at the same time, which makes the delivery process much slower. Please improve this. I’ve been using ShopeeFood as my main platform for ordering food compared to others, but if this continues, customers will gradually switch to other food delivery platforms.",1,2026-04-26 02:03:02,6
660208ed-aa81-4ee5-92a4-03de8a5d5df8,"as at today, not yet been scam by anyone. got 1 or 2 scammer seller, but shopee allow return of fund.",5,2026-04-26 01:57:11,0
4c079f7e-a3cf-4c26-987f-29ffdd9739c4,best app,5,2026-04-26 00:17:52,0
7beda899-e4eb-4ae7-80e8-44a62beba004,cannot upload my shopee video.fail,1,2026-04-26 00:04:03,1
7add38a2-84f2-4b7d-908a-a297d146295e,peasant apps,5,2026-04-25 23:17:00,0
4105f143-7f46-4901-a1f8-641894e0ed56,Dah lama pakai..app yang baik..senang berurusan.,5,2026-04-25 22:34:22,0
52f5e2b8-80ca-4e20-8f0c-6fe738db95b3,"memang padan la aku rate 1star, bukak app ni je trus masuk live...Update mmg cikai shopeefood restaurant makanan out of stock harga makanan RM8 dia refund RM1.5 je mmg hanat",1,2026-04-25 17:17:57,1
48e52336-8c90-4cd8-afdd-2420f0666c13,Loud intrusive ads that starts whenever you launch the app. Doesn't even mute when you swipe away. Extremely annoying,1,2026-04-25 16:37:05,1
3a0022a1-d4d0-4889-8277-94fa6b76956c,app ini selalu kacau saya bila tengah tengok cerita,1,2026-04-25 16:19:33,0
02bff842-1447-43ee-af10-52b36b542109,"Sarang scammer.hantar item tidak mencukupi jumlah di beli.kasihan orang yang tak faham cara menuntut,janggus duit terutama org yg duduk di pedalaman.",1,2026-04-25 14:27:15,0
53bc41fb-6dab-45fb-9554-9972faca0f88,good,5,2026-04-25 14:12:36,0
bc7b83af-d85a-4de3-82ee-1df34e112ee5,easy to buy,5,2026-04-25 13:47:00,0
816dd3bb-bd47-4187-9ee2-b2ad82488cdc,"Order received in order item Roadcam facelift changing the old X3 ,not yet the x3 still funtional good willl install later ,tq seller & shopee",5,2026-04-25 13:18:02,0
6b95abe5-22a4-4d00-bc72-823752452a1e,bingai banyak video lucah,1,2026-04-25 12:17:16,0
5a69d46c-42ee-4f90-abd8-89925f0f45ac,it's good but one thing.. if I buy something and it doesn't arrive in the estimated day just pisses me off..,5,2026-04-25 11:40:26,0
2e16ae93-2a90-4fd6-9746-d5295db39d97,excellent 👍,5,2026-04-25 11:40:22,0
68206f9e-adb3-4b04-a1e5-0d062d4e74ad,Easy & reliable,5,2026-04-25 11:32:03,1
05ed11c2-5713-494d-a2af-0ebb08dc9264,cekap dan pantas,5,2026-04-25 11:05:58,0
48d4203f-b61f-412d-8cc9-6d58fbce27c1,Very good,5,2026-04-25 10:47:16,0
cd2170da-e05a-4721-bb19-62a7a7de6e16,niceee sgttttttttttttt,5,2026-04-25 10:45:51,0
adee679a-f6b4-4144-b75e-3017b4f3e4da,"trash app, trash deliver drivers",1,2026-04-25 10:16:50,0
3b11e947-d0bb-4aae-a565-58143a51999d,goog aplikasi,5,2026-04-25 10:13:59,0
20e6e340-524d-4b85-9b10-7cc0d031d539,"25 Apr 2026 I can play Shopee Fruity game again !! Thank you Shopee for bringing back that cute game I love that game so much ! There are alot of shopping apps but Shopee is my number 1 ,hehe.. Besides enjoy online shopping in Shopee the game is my favourite too ! I Open Shopee more when I play the game so at the same time I buy more too.",5,2026-04-25 09:43:09,1
f12f1f0a-13e0-4019-bf5f-83f603bc86c5,VIP membership look likes a normal account.nothing special.trial 1 month ago.,4,2026-04-25 08:46:12,1
c39af5ee-947b-48a3-bbbf-5c3ab510875c,nice,5,2026-04-25 08:05:16,0
612ac50b-e339-41a7-94ed-bf8183528394,this app sucks in advertisement. Stupid add,1,2026-04-25 07:26:50,0
02f1765b-a0aa-413c-af4a-d44c0ea3a885,Super convenient. U can buy anything in shoppe nowadays. Make my life easier without rush here n there. Nowadays shopee delivery speed is superb great.,5,2026-04-25 06:07:05,1
ae85ba1a-d8f3-4052-99d2-91ecc5726384,pengurusan penghantaran terbaik,5,2026-04-25 06:06:42,0
2c012d92-c4cd-4890-84ae-0c08da0b8c73,Help me to buy something that i want without going out from my house. Thanks shopee,5,2026-04-25 05:30:29,0
fa089113-f402-4127-ab0a-1390629c119b,good service,5,2026-04-25 04:18:52,0
a6372138-f78d-4ba9-aa71-bb8584935159,Good.,4,2026-04-25 04:14:41,0
e52d1623-e3ad-4b9a-98d6-16029aaf0da9,"I cancelled the order within 10 minutes, but Shopee said I had to wait 3 to 5 working days, why not just give the money straight away?",2,2026-04-25 04:10:55,1
ec31bfec-80e4-4f55-b394-f31cfb5bf47a,good,5,2026-04-25 03:57:46,0
79b9f3b9-fbb2-4f44-8a1a-a93714253c97,sya amat berbesar hati dapat membuat pembelian di shopee krn segala products yg di mahuka ada disini..sya suka shopping di shopee,5,2026-04-25 03:26:08,0
f4203c94-48c2-44f0-ba22-52e534780e2d,bagus,5,2026-04-25 03:06:02,0
4db417e9-7aef-4c92-a1fe-9296c03154aa,OK.. voucher banyak tapi menghabiskan duit.. haha,4,2026-04-25 02:52:38,0
c6601952-30b2-466b-a385-0fada004b261,"There is no data saving mode, it's a bit difficult for me to control my internet quota to save, at least the resolution can be lowered to 480p, I browsed on this application for 30 minutes, in those 30 minutes I spent 2gb+ on this app including watching videos and live, I need to be careful about browsing this application for longer periods of time to save internet quota.",2,2026-04-25 02:45:32,1
10f82719-029b-46ac-a674-b3f8812e0e8a,annoying ads,1,2026-04-25 02:06:32,0
068702d1-4b12-45bc-afb8-ceff01a4e03d,Woww.....mantopp...,5,2026-04-25 01:26:15,0
9dfce834-c0b7-4a05-9bdf-732042241842,Cannot click the claim button to get the vouchers after the new update 👎🏻,2,2026-04-25 01:10:59,0
d5ad7bea-ad04-49f1-a718-2d8be6b8fb98,"Want fast delivery, use shopee.",4,2026-04-25 01:04:33,0
f5c5db68-9129-4141-a4e5-2b06f6241726,Best prices and gift coupons. excellent purchase for all rounders.,5,2026-04-25 00:54:30,0
faed9d95-6ce3-479d-bbfa-1924504373e8,very good,5,2026-04-24 23:10:52,0
5446cc65-2021-483e-b5d1-46aa02aef0a0,rider macam bodoh sekrng ni... xdek call xdek wassup barang jd cancel,1,2026-04-24 22:42:55,0
bfcc15a4-7e5d-4b93-9e3d-136700783196,WHY IS YOUR COURIER SERVICE EXTREMELY SLOW AHH ?!?!!!! IT SHOULDN'T TOOK MORE THAN A WEEK TO ARRIVE WITHIN MALAYSIA !!!!!,1,2026-04-24 22:24:38,1
172af05b-42bb-471d-b40c-8c3f8052162e,Like it,5,2026-04-24 19:27:33,0
5baf1c81-83c6-41d4-bfd7-3992afc5ce01,it's good,5,2026-04-24 17:39:35,0
d5f4edd2-724f-4057-9613-b61702ca37fb,"Shopee has been my regular online market place for many stuff that I had bought from, over the years. From serious stuff like laptops and mobile phones to tiny personal accessories and collections. Very reliable and secure customer protection policy and systems in place. The app has very robust security systems too. Interestingly it offers affiliate program as well to participate and earn the commissions. Shopee pay has been very convenient and super flexible to add up its value for patronage.",5,2026-04-24 17:22:13,8
419325ac-44c9-47d1-b941-b7b5b741bc2b,just awful experience,1,2026-04-24 17:18:31,0
38fe6c4d-461c-432a-8ccc-4e20e78575ad,not responsive to claim vouchers. if don't want to give just said it.just make it auto claimable if its so hard and won't claimable by clicking it. troublesome apps. solution given also just own solving. urgh! will go to other apps better shopping apps,1,2026-04-24 16:10:40,20
7b83263d-f506-4141-a67b-c11e662cc984,hebat Dan terhebat sehebat hebatnya,5,2026-04-24 16:01:19,0
06944c1f-40d5-4ac7-b042-dab6c029cd1e,Shopee is one of the best shopping platform.. but I really hate the current notification layout (look so Lazada),5,2026-04-24 15:54:13,1
91913d71-80c9-48fd-8d0c-28c4adabbce5,"iklan bnyak nk mampus menyirap aku,kalau iklan biasa tk pe lagi ni sampai masuk app sendiri bodoh tau market kau jatuh terok sebab tiktokshop kan",1,2026-04-24 15:35:50,0
13fe9f3a-3ba1-48ef-b0b4-438b4c0174df,very good performance,5,2026-04-24 15:32:54,0
c29727fa-6270-41ce-8ba3-790aaeec76a2,Recommended,5,2026-04-24 15:10:48,0
ed051d41-6373-4614-bc47-f8ee4f4fad2b,minta refund dah seminggu masih belum dapat.Dari 15/4 sampai sekarang belum dapat.Alasan masih dalam proses.,1,2026-04-24 15:01:30,0
d097a34a-4216-4a35-9dbc-d2a7bb7fa405,this app is very good for online shopping.,5,2026-04-24 14:08:57,1
6acbad7d-18f9-467e-a05c-b6e4910283ea,Shopee paylater dah kena beku.. reason lambat tunggu gaji dari 10hb sampai 30hb hujung bulan pun tak boleh.. terus kena beku... banned la shopee.. beli tiktok la ada paylater jugak.. rugi dah shopee seorang customer,1,2026-04-24 13:43:15,3
6d29a740-5840-45f7-8df4-89db3a3d85da,cannot loading,1,2026-04-24 13:18:04,0
68c802d2-bb17-46d9-a1cb-f4873acd233c,okay la..boleh la shopping dlm apps ni je..x perlu nak jalan² buang masa buang tenaga..,4,2026-04-24 13:14:26,0
0ffa796d-fe8c-4e43-959c-4fa7b740f1f9,please fix your annoying bugs in the app,1,2026-04-24 12:49:34,0
46119d35-8884-42a3-a243-d36612a2e072,mudah..cepat,5,2026-04-24 12:26:41,0
aee2fa60-eab7-437d-a908-951c8136b63e,Excellent,5,2026-04-24 12:25:56,0
46b1b906-c473-4403-bbc6-fcd9f73fd2e9,Ok terbaik,5,2026-04-24 12:12:57,0
3592789c-0ca8-409e-afb5-691187db41e9,better dari tiktok,5,2026-04-24 12:07:03,0
7afaa58b-9c8f-4705-8acf-b31fe32ae00c,pls have tnggg IAM begging you guys,4,2026-04-24 12:02:36,0
e5172755-2aeb-4809-9531-50eca950f47d,ads every 5 second . I don't like,1,2026-04-24 11:46:42,0
0a42d153-b278-4c69-af59-fa6fc36ced33,good,5,2026-04-24 11:40:48,0
6989887a-8330-4de4-9dfb-079527380210,"Whoever in shopee who decided on customers landing on ""Live and Video"" page as default when you launch the app should be locked up. It is extremely intrusive and annoying. When you change page quickly, the video which was trying to load still plays in the background. Time to move to another shopping platform.",1,2026-04-24 09:15:26,12
629407ac-1fa3-400f-afb8-2603130add74,nice,5,2026-04-24 09:05:56,0
b74e8eae-03a4-4f0d-821b-fe6e5cb0250d,Continuously Excellent!,5,2026-04-24 08:25:45,0
995b2ec9-6a0e-4c38-801d-e4ed40cc3674,Kenapa saya tak dapat notification dari app apabila parcel dihantar keluar & sudah dihantar?? Saya cuma dapat useless promotion notification only!! (P/s: Saya sudah setting untuk accept all notification okay!). Parcel notification penting sebab driver tak hon/call/sms/ws bila parcel dah sampai & main campak je parcel ke dalam gate! Risiko parcel rosak!,3,2026-04-24 07:59:44,22
4ab0e458-358b-49fc-b73c-9eb640f5011f,I really dislike being forced to watch ads that force me to go to a shopping page when all I wanted to do was check my spay later bills. the constant messages asking me to borrow money is also quite a turnoff,2,2026-04-24 07:51:55,2
